{
  "type": "FeatureCollection",
  "features": [
    {
      "type": "Feature",
      "id": "v_def_strutture_ricettive_od.1",
      "geometry": {
        "type": "Point",
        "coordinates": [
          11.250819872992453,
          43.779223277010125
        ]
      },
      "properties": {
        "id": 1,
        "tipologiaattivita": "BED AND BREAKFAST"
      }
    },
    {
      "type": "Feature",
      "id": "v_def_strutture_ricettive_od.2",
      "geometry": {
        "type": "Point",
        "coordinates": [
          11.262697556816853,
          43.782794612832014
        ]
      },
      "properties": {
        "id": 2,
        "tipologiaattivita": "AFFITTACAMERE"
      }
    },
    {
      "type": "Feature",
      "id": "v_def_strutture_ricettive_od.3",
      "geometry": {
        "type": "Point",
        "coordinates": [
          11.262697556816853,
          43.782794612832014
        ]
      },
      "properties": {
        "id": 3,
        "tipologiaattivita": "CAV"
      }
    },
    {
      "type": "Feature",
      "id": "v_def_strutture_ricettive_od.4",
      "geometry": {
        "type": "Point",
        "coordinates": [
          11.261510655990486,
          43.7680929783021
        ]
      },
      "properties": {
        "id": 4,
        "tipologiaattivita": "CAV"
      }
    },
    {
      "type": "Feature",
      "id": "v_def_strutture_ricettive_od.5",
      "geometry": {
        "type": "Point",
        "coordinates": [
          11.261510655990486,
          43.7680929783021
        ]
      },
      "properties": {
        "id": 5,
        "tipologiaattivita": "BED AND BREAKFAST"
      }
    },
    {
      "type": "Feature",
      "id": "v_def_strutture_ricettive_od.6",
      "geometry": {
        "type": "Point",
        "coordinates": [
          11.261510655990486,
          43.7680929783021
        ]
      },
      "properties": {
        "id": 6,
        "tipologiaattivita": "BED AND BREAKFAST"
      }
    },
    {
      "type": "Feature",
      "id": "v_def_strutture_ricettive_od.7",
      "geometry": {
        "type": "Point",
        "coordinates": [
          11.261510655990486,
          43.7680929783021
        ]
      },
      "properties": {
        "id": 7,
        "tipologiaattivita": "BED AND BREAKFAST"
      }
    },
    {
      "type": "Feature",
      "id": "v_def_strutture_ricettive_od.8",
      "geometry": {
        "type": "Point",
        "coordinates": [
          11.25560422016195,
          43.770555640484126
        ]
      },
      "properties": {
        "id": 8,
        "tipologiaattivita": null
      }
    },
    {
      "type": "Feature",
      "id": "v_def_strutture_ricettive_od.9",
      "geometry": {
        "type": "Point",
        "coordinates": [
          11.25560422016195,
          43.770555640484126
        ]
      },
      "properties": {
        "id": 9,
        "tipologiaattivita": "CAV"
      }
    },
    {
      "type": "Feature",
      "id": "v_def_strutture_ricettive_od.10",
      "geometry": {
        "type": "Point",
        "coordinates": [
          11.25560422016195,
          43.770555640484126
        ]
      },
      "properties": {
        "id": 10,
        "tipologiaattivita": "CAV"
      }
    },
    {
      "type": "Feature",
      "id": "v_def_strutture_ricettive_od.11",
      "geometry": {
        "type": "Point",
        "coordinates": [
          11.25560422016195,
          43.770555640484126
        ]
      },
      "properties": {
        "id": 11,
        "tipologiaattivita": "CAV"
      }
    },
    {
      "type": "Feature",
      "id": "v_def_strutture_ricettive_od.12",
      "geometry": {
        "type": "Point",
        "coordinates": [
          11.25560422016195,
          43.770555640484126
        ]
      },
      "properties": {
        "id": 12,
        "tipologiaattivita": "CAV"
      }
    },
    {
      "type": "Feature",
      "id": "v_def_strutture_ricettive_od.13",
      "geometry": {
        "type": "Point",
        "coordinates": [
          11.25560422016195,
          43.770555640484126
        ]
      },
      "properties": {
        "id": 13,
        "tipologiaattivita": "BED AND BREAKFAST"
      }
    },
    {
      "type": "Feature",
      "id": "v_def_strutture_ricettive_od.14",
      "geometry": {
        "type": "Point",
        "coordinates": [
          11.25560422016195,
          43.770555640484126
        ]
      },
      "properties": {
        "id": 14,
        "tipologiaattivita": "BED AND BREAKFAST"
      }
    },
    {
      "type": "Feature",
      "id": "v_def_strutture_ricettive_od.15",
      "geometry": {
        "type": "Point",
        "coordinates": [
          11.253285798255236,
          43.77269125452888
        ]
      },
      "properties": {
        "id": 15,
        "tipologiaattivita": "CAV"
      }
    },
    {
      "type": "Feature",
      "id": "v_def_strutture_ricettive_od.16",
      "geometry": {
        "type": "Point",
        "coordinates": [
          11.254467229926936,
          43.78662144920763
        ]
      },
      "properties": {
        "id": 16,
        "tipologiaattivita": "AFFITTACAMERE"
      }
    },
    {
      "type": "Feature",
      "id": "v_def_strutture_ricettive_od.17",
      "geometry": {
        "type": "Point",
        "coordinates": [
          11.250371364905648,
          43.76666816162017
        ]
      },
      "properties": {
        "id": 17,
        "tipologiaattivita": "CAV"
      }
    },
    {
      "type": "Feature",
      "id": "v_def_strutture_ricettive_od.18",
      "geometry": {
        "type": "Point",
        "coordinates": [
          11.2514895264026,
          43.769181442126936
        ]
      },
      "properties": {
        "id": 18,
        "tipologiaattivita": "ALBERGHI"
      }
    },
    {
      "type": "Feature",
      "id": "v_def_strutture_ricettive_od.19",
      "geometry": {
        "type": "Point",
        "coordinates": [
          11.238728791638072,
          43.77085200169145
        ]
      },
      "properties": {
        "id": 19,
        "tipologiaattivita": "BED AND BREAKFAST"
      }
    },
    {
      "type": "Feature",
      "id": "v_def_strutture_ricettive_od.20",
      "geometry": {
        "type": "Point",
        "coordinates": [
          11.25361479614441,
          43.77338920584339
        ]
      },
      "properties": {
        "id": 20,
        "tipologiaattivita": "AFFITTACAMERE"
      }
    },
    {
      "type": "Feature",
      "id": "v_def_strutture_ricettive_od.21",
      "geometry": {
        "type": "Point",
        "coordinates": [
          11.25361479614441,
          43.77338920584339
        ]
      },
      "properties": {
        "id": 21,
        "tipologiaattivita": "ALBERGHI"
      }
    },
    {
      "type": "Feature",
      "id": "v_def_strutture_ricettive_od.22",
      "geometry": {
        "type": "Point",
        "coordinates": [
          11.25361479614441,
          43.77338920584339
        ]
      },
      "properties": {
        "id": 22,
        "tipologiaattivita": "BED AND BREAKFAST"
      }
    },
    {
      "type": "Feature",
      "id": "v_def_strutture_ricettive_od.23",
      "geometry": {
        "type": "Point",
        "coordinates": [
          11.286493908353732,
          43.77327031745765
        ]
      },
      "properties": {
        "id": 23,
        "tipologiaattivita": "AFFITTACAMERE"
      }
    },
    {
      "type": "Feature",
      "id": "v_def_strutture_ricettive_od.24",
      "geometry": {
        "type": "Point",
        "coordinates": [
          11.249401446558858,
          43.772282217445984
        ]
      },
      "properties": {
        "id": 24,
        "tipologiaattivita": "CAV"
      }
    },
    {
      "type": "Feature",
      "id": "v_def_strutture_ricettive_od.25",
      "geometry": {
        "type": "Point",
        "coordinates": [
          11.249401446558858,
          43.772282217445984
        ]
      },
      "properties": {
        "id": 25,
        "tipologiaattivita": "CAV"
      }
    },
    {
      "type": "Feature",
      "id": "v_def_strutture_ricettive_od.26",
      "geometry": {
        "type": "Point",
        "coordinates": [
          11.234112876091793,
          43.81445134387322
        ]
      },
      "properties": {
        "id": 26,
        "tipologiaattivita": "BED AND BREAKFAST"
      }
    },
    {
      "type": "Feature",
      "id": "v_def_strutture_ricettive_od.27",
      "geometry": {
        "type": "Point",
        "coordinates": [
          11.253013706062632,
          43.77794235134672
        ]
      },
      "properties": {
        "id": 27,
        "tipologiaattivita": "AFFITTACAMERE"
      }
    },
    {
      "type": "Feature",
      "id": "v_def_strutture_ricettive_od.28",
      "geometry": {
        "type": "Point",
        "coordinates": [
          11.253013706062632,
          43.77794235134672
        ]
      },
      "properties": {
        "id": 28,
        "tipologiaattivita": "CAV"
      }
    },
    {
      "type": "Feature",
      "id": "v_def_strutture_ricettive_od.29",
      "geometry": {
        "type": "Point",
        "coordinates": [
          11.253013706062632,
          43.77794235134672
        ]
      },
      "properties": {
        "id": 29,
        "tipologiaattivita": "AFFITTACAMERE"
      }
    },
    {
      "type": "Feature",
      "id": "v_def_strutture_ricettive_od.30",
      "geometry": {
        "type": "Point",
        "coordinates": [
          11.253013706062632,
          43.77794235134672
        ]
      },
      "properties": {
        "id": 30,
        "tipologiaattivita": "AFFITTACAMERE"
      }
    },
    {
      "type": "Feature",
      "id": "v_def_strutture_ricettive_od.31",
      "geometry": {
        "type": "Point",
        "coordinates": [
          11.253013706062632,
          43.77794235134672
        ]
      },
      "properties": {
        "id": 31,
        "tipologiaattivita": "ALBERGHI"
      }
    },
    {
      "type": "Feature",
      "id": "v_def_strutture_ricettive_od.32",
      "geometry": {
        "type": "Point",
        "coordinates": [
          11.253013706062632,
          43.77794235134672
        ]
      },
      "properties": {
        "id": 32,
        "tipologiaattivita": "AFFITTACAMERE"
      }
    },
    {
      "type": "Feature",
      "id": "v_def_strutture_ricettive_od.33",
      "geometry": {
        "type": "Point",
        "coordinates": [
          11.253013706062632,
          43.77794235134672
        ]
      },
      "properties": {
        "id": 33,
        "tipologiaattivita": "ALBERGHI"
      }
    },
    {
      "type": "Feature",
      "id": "v_def_strutture_ricettive_od.34",
      "geometry": {
        "type": "Point",
        "coordinates": [
          11.286473420569617,
          43.78215269700019
        ]
      },
      "properties": {
        "id": 34,
        "tipologiaattivita": "AFFITTACAMERE"
      }
    },
    {
      "type": "Feature",
      "id": "v_def_strutture_ricettive_od.35",
      "geometry": {
        "type": "Point",
        "coordinates": [
          11.259122257741842,
          43.780757713648846
        ]
      },
      "properties": {
        "id": 35,
        "tipologiaattivita": "AFFITTACAMERE"
      }
    },
    {
      "type": "Feature",
      "id": "v_def_strutture_ricettive_od.36",
      "geometry": {
        "type": "Point",
        "coordinates": [
          11.251399925778188,
          43.77899487466009
        ]
      },
      "properties": {
        "id": 36,
        "tipologiaattivita": "AFFITTACAMERE"
      }
    },
    {
      "type": "Feature",
      "id": "v_def_strutture_ricettive_od.37",
      "geometry": {
        "type": "Point",
        "coordinates": [
          11.251399925778188,
          43.77899487466009
        ]
      },
      "properties": {
        "id": 37,
        "tipologiaattivita": "AFFITTACAMERE"
      }
    },
    {
      "type": "Feature",
      "id": "v_def_strutture_ricettive_od.38",
      "geometry": {
        "type": "Point",
        "coordinates": [
          11.2247956724322,
          43.73450443600881
        ]
      },
      "properties": {
        "id": 38,
        "tipologiaattivita": "ALBERGHI"
      }
    },
    {
      "type": "Feature",
      "id": "v_def_strutture_ricettive_od.39",
      "geometry": {
        "type": "Point",
        "coordinates": [
          11.255644744516971,
          43.779398519835965
        ]
      },
      "properties": {
        "id": 39,
        "tipologiaattivita": "AFFITTACAMERE"
      }
    },
    {
      "type": "Feature",
      "id": "v_def_strutture_ricettive_od.40",
      "geometry": {
        "type": "Point",
        "coordinates": [
          11.263336489225436,
          43.76890541599674
        ]
      },
      "properties": {
        "id": 40,
        "tipologiaattivita": "ALBERGHI"
      }
    },
    {
      "type": "Feature",
      "id": "v_def_strutture_ricettive_od.41",
      "geometry": {
        "type": "Point",
        "coordinates": [
          11.241683801500045,
          43.78072144547386
        ]
      },
      "properties": {
        "id": 41,
        "tipologiaattivita": "BED AND BREAKFAST"
      }
    },
    {
      "type": "Feature",
      "id": "v_def_strutture_ricettive_od.42",
      "geometry": {
        "type": "Point",
        "coordinates": [
          11.241683801500045,
          43.78072144547386
        ]
      },
      "properties": {
        "id": 42,
        "tipologiaattivita": "AFFITTACAMERE"
      }
    },
    {
      "type": "Feature",
      "id": "v_def_strutture_ricettive_od.43",
      "geometry": {
        "type": "Point",
        "coordinates": [
          11.191081744614205,
          43.7707943729134
        ]
      },
      "properties": {
        "id": 43,
        "tipologiaattivita": "AFFITTACAMERE"
      }
    },
    {
      "type": "Feature",
      "id": "v_def_strutture_ricettive_od.44",
      "geometry": {
        "type": "Point",
        "coordinates": [
          11.257701815958606,
          43.77929897902489
        ]
      },
      "properties": {
        "id": 44,
        "tipologiaattivita": "AFFITTACAMERE"
      }
    },
    {
      "type": "Feature",
      "id": "v_def_strutture_ricettive_od.45",
      "geometry": {
        "type": "Point",
        "coordinates": [
          11.265046883944876,
          43.78428653377567
        ]
      },
      "properties": {
        "id": 45,
        "tipologiaattivita": "BED AND BREAKFAST"
      }
    },
    {
      "type": "Feature",
      "id": "v_def_strutture_ricettive_od.46",
      "geometry": {
        "type": "Point",
        "coordinates": [
          11.266622795683508,
          43.77927368627664
        ]
      },
      "properties": {
        "id": 46,
        "tipologiaattivita": "CAV"
      }
    },
    {
      "type": "Feature",
      "id": "v_def_strutture_ricettive_od.47",
      "geometry": {
        "type": "Point",
        "coordinates": [
          11.246499146933138,
          43.774170644569956
        ]
      },
      "properties": {
        "id": 47,
        "tipologiaattivita": "CAV"
      }
    },
    {
      "type": "Feature",
      "id": "v_def_strutture_ricettive_od.48",
      "geometry": {
        "type": "Point",
        "coordinates": [
          11.263778132420162,
          43.76446270267919
        ]
      },
      "properties": {
        "id": 48,
        "tipologiaattivita": "AFFITTACAMERE"
      }
    },
    {
      "type": "Feature",
      "id": "v_def_strutture_ricettive_od.49",
      "geometry": {
        "type": "Point",
        "coordinates": [
          11.254513111830045,
          43.77799504968652
        ]
      },
      "properties": {
        "id": 49,
        "tipologiaattivita": "CAV"
      }
    },
    {
      "type": "Feature",
      "id": "v_def_strutture_ricettive_od.50",
      "geometry": {
        "type": "Point",
        "coordinates": [
          11.280567101108627,
          43.781668101342255
        ]
      },
      "properties": {
        "id": 50,
        "tipologiaattivita": "AFFITTACAMERE"
      }
    },
    {
      "type": "Feature",
      "id": "v_def_strutture_ricettive_od.51",
      "geometry": {
        "type": "Point",
        "coordinates": [
          11.19071739944458,
          43.76769935050007
        ]
      },
      "properties": {
        "id": 51,
        "tipologiaattivita": "AFFITTACAMERE"
      }
    },
    {
      "type": "Feature",
      "id": "v_def_strutture_ricettive_od.52",
      "geometry": {
        "type": "Point",
        "coordinates": [
          11.261192087395157,
          43.77223186235804
        ]
      },
      "properties": {
        "id": 52,
        "tipologiaattivita": "RESIDENZA D'EPOCA"
      }
    },
    {
      "type": "Feature",
      "id": "v_def_strutture_ricettive_od.53",
      "geometry": {
        "type": "Point",
        "coordinates": [
          11.275941921810073,
          43.7481598734349
        ]
      },
      "properties": {
        "id": 53,
        "tipologiaattivita": "AGRITURISMO"
      }
    },
    {
      "type": "Feature",
      "id": "v_def_strutture_ricettive_od.54",
      "geometry": {
        "type": "Point",
        "coordinates": [
          11.241570379057562,
          43.78054170026355
        ]
      },
      "properties": {
        "id": 54,
        "tipologiaattivita": "BED AND BREAKFAST"
      }
    },
    {
      "type": "Feature",
      "id": "v_def_strutture_ricettive_od.55",
      "geometry": {
        "type": "Point",
        "coordinates": [
          11.241570379057562,
          43.78054170026355
        ]
      },
      "properties": {
        "id": 55,
        "tipologiaattivita": "AFFITTACAMERE"
      }
    },
    {
      "type": "Feature",
      "id": "v_def_strutture_ricettive_od.56",
      "geometry": {
        "type": "Point",
        "coordinates": [
          11.241570379057562,
          43.78054170026355
        ]
      },
      "properties": {
        "id": 56,
        "tipologiaattivita": "AFFITTACAMERE"
      }
    },
    {
      "type": "Feature",
      "id": "v_def_strutture_ricettive_od.57",
      "geometry": {
        "type": "Point",
        "coordinates": [
          11.241570379057562,
          43.78054170026355
        ]
      },
      "properties": {
        "id": 57,
        "tipologiaattivita": "CAV"
      }
    },
    {
      "type": "Feature",
      "id": "v_def_strutture_ricettive_od.58",
      "geometry": {
        "type": "Point",
        "coordinates": [
          11.241570379057562,
          43.78054170026355
        ]
      },
      "properties": {
        "id": 58,
        "tipologiaattivita": "BED AND BREAKFAST"
      }
    },
    {
      "type": "Feature",
      "id": "v_def_strutture_ricettive_od.59",
      "geometry": {
        "type": "Point",
        "coordinates": [
          11.25778479198216,
          43.783237841089985
        ]
      },
      "properties": {
        "id": 59,
        "tipologiaattivita": "AFFITTACAMERE"
      }
    },
    {
      "type": "Feature",
      "id": "v_def_strutture_ricettive_od.60",
      "geometry": {
        "type": "Point",
        "coordinates": [
          11.25778479198216,
          43.783237841089985
        ]
      },
      "properties": {
        "id": 60,
        "tipologiaattivita": "BED AND BREAKFAST"
      }
    },
    {
      "type": "Feature",
      "id": "v_def_strutture_ricettive_od.61",
      "geometry": {
        "type": "Point",
        "coordinates": [
          11.25778479198216,
          43.783237841089985
        ]
      },
      "properties": {
        "id": 61,
        "tipologiaattivita": "BED AND BREAKFAST"
      }
    },
    {
      "type": "Feature",
      "id": "v_def_strutture_ricettive_od.62",
      "geometry": {
        "type": "Point",
        "coordinates": [
          11.2534493522904,
          43.77556632293962
        ]
      },
      "properties": {
        "id": 62,
        "tipologiaattivita": "RESIDENCE"
      }
    },
    {
      "type": "Feature",
      "id": "v_def_strutture_ricettive_od.63",
      "geometry": {
        "type": "Point",
        "coordinates": [
          11.244545202050844,
          43.78064125903017
        ]
      },
      "properties": {
        "id": 63,
        "tipologiaattivita": "AFFITTACAMERE"
      }
    },
    {
      "type": "Feature",
      "id": "v_def_strutture_ricettive_od.64",
      "geometry": {
        "type": "Point",
        "coordinates": [
          11.244545202050844,
          43.78064125903017
        ]
      },
      "properties": {
        "id": 64,
        "tipologiaattivita": "AFFITTACAMERE"
      }
    },
    {
      "type": "Feature",
      "id": "v_def_strutture_ricettive_od.65",
      "geometry": {
        "type": "Point",
        "coordinates": [
          11.258665916665256,
          43.767975923887796
        ]
      },
      "properties": {
        "id": 65,
        "tipologiaattivita": "AFFITTACAMERE"
      }
    },
    {
      "type": "Feature",
      "id": "v_def_strutture_ricettive_od.66",
      "geometry": {
        "type": "Point",
        "coordinates": [
          11.271015732594654,
          43.7627811876073
        ]
      },
      "properties": {
        "id": 66,
        "tipologiaattivita": "AFFITTACAMERE"
      }
    },
    {
      "type": "Feature",
      "id": "v_def_strutture_ricettive_od.67",
      "geometry": {
        "type": "Point",
        "coordinates": [
          11.245724075026672,
          43.77457224251493
        ]
      },
      "properties": {
        "id": 67,
        "tipologiaattivita": "BED AND BREAKFAST"
      }
    },
    {
      "type": "Feature",
      "id": "v_def_strutture_ricettive_od.68",
      "geometry": {
        "type": "Point",
        "coordinates": [
          11.245724075026672,
          43.77457224251493
        ]
      },
      "properties": {
        "id": 68,
        "tipologiaattivita": "BED AND BREAKFAST"
      }
    },
    {
      "type": "Feature",
      "id": "v_def_strutture_ricettive_od.69",
      "geometry": {
        "type": "Point",
        "coordinates": [
          11.252677188755342,
          43.77769894284853
        ]
      },
      "properties": {
        "id": 69,
        "tipologiaattivita": "AFFITTACAMERE"
      }
    },
    {
      "type": "Feature",
      "id": "v_def_strutture_ricettive_od.70",
      "geometry": {
        "type": "Point",
        "coordinates": [
          11.252677188755342,
          43.77769894284853
        ]
      },
      "properties": {
        "id": 70,
        "tipologiaattivita": "AFFITTACAMERE"
      }
    },
    {
      "type": "Feature",
      "id": "v_def_strutture_ricettive_od.71",
      "geometry": {
        "type": "Point",
        "coordinates": [
          11.252677188755342,
          43.77769894284853
        ]
      },
      "properties": {
        "id": 71,
        "tipologiaattivita": "AFFITTACAMERE"
      }
    },
    {
      "type": "Feature",
      "id": "v_def_strutture_ricettive_od.72",
      "geometry": {
        "type": "Point",
        "coordinates": [
          11.251603073035133,
          43.7867720413296
        ]
      },
      "properties": {
        "id": 72,
        "tipologiaattivita": "AFFITTACAMERE"
      }
    },
    {
      "type": "Feature",
      "id": "v_def_strutture_ricettive_od.73",
      "geometry": {
        "type": "Point",
        "coordinates": [
          11.243202425616328,
          43.781390973093856
        ]
      },
      "properties": {
        "id": 73,
        "tipologiaattivita": "OSTELLO"
      }
    },
    {
      "type": "Feature",
      "id": "v_def_strutture_ricettive_od.74",
      "geometry": {
        "type": "Point",
        "coordinates": [
          11.274011282024818,
          43.76993214017952
        ]
      },
      "properties": {
        "id": 74,
        "tipologiaattivita": "CAV"
      }
    },
    {
      "type": "Feature",
      "id": "v_def_strutture_ricettive_od.75",
      "geometry": {
        "type": "Point",
        "coordinates": [
          11.253162123957184,
          43.77156860635368
        ]
      },
      "properties": {
        "id": 75,
        "tipologiaattivita": "AFFITTACAMERE"
      }
    },
    {
      "type": "Feature",
      "id": "v_def_strutture_ricettive_od.76",
      "geometry": {
        "type": "Point",
        "coordinates": [
          11.253162123957184,
          43.77156860635368
        ]
      },
      "properties": {
        "id": 76,
        "tipologiaattivita": "AFFITTACAMERE"
      }
    },
    {
      "type": "Feature",
      "id": "v_def_strutture_ricettive_od.77",
      "geometry": {
        "type": "Point",
        "coordinates": [
          11.253162123957184,
          43.77156860635368
        ]
      },
      "properties": {
        "id": 77,
        "tipologiaattivita": "ALBERGHI"
      }
    },
    {
      "type": "Feature",
      "id": "v_def_strutture_ricettive_od.78",
      "geometry": {
        "type": "Point",
        "coordinates": [
          11.242116498949057,
          43.778909105294105
        ]
      },
      "properties": {
        "id": 78,
        "tipologiaattivita": "CAV"
      }
    },
    {
      "type": "Feature",
      "id": "v_def_strutture_ricettive_od.79",
      "geometry": {
        "type": "Point",
        "coordinates": [
          11.251661830280856,
          43.77005091910705
        ]
      },
      "properties": {
        "id": 79,
        "tipologiaattivita": "CAV"
      }
    },
    {
      "type": "Feature",
      "id": "v_def_strutture_ricettive_od.80",
      "geometry": {
        "type": "Point",
        "coordinates": [
          11.250188793986883,
          43.76682524690624
        ]
      },
      "properties": {
        "id": 80,
        "tipologiaattivita": "RESIDENCE"
      }
    },
    {
      "type": "Feature",
      "id": "v_def_strutture_ricettive_od.81",
      "geometry": {
        "type": "Point",
        "coordinates": [
          11.247433004143701,
          43.771027147798236
        ]
      },
      "properties": {
        "id": 81,
        "tipologiaattivita": "AFFITTACAMERE"
      }
    },
    {
      "type": "Feature",
      "id": "v_def_strutture_ricettive_od.82",
      "geometry": {
        "type": "Point",
        "coordinates": [
          11.252409563381564,
          43.77295155914001
        ]
      },
      "properties": {
        "id": 82,
        "tipologiaattivita": "CAV"
      }
    },
    {
      "type": "Feature",
      "id": "v_def_strutture_ricettive_od.83",
      "geometry": {
        "type": "Point",
        "coordinates": [
          11.246175123924008,
          43.77503780379327
        ]
      },
      "properties": {
        "id": 83,
        "tipologiaattivita": "ALBERGHI"
      }
    },
    {
      "type": "Feature",
      "id": "v_def_strutture_ricettive_od.84",
      "geometry": {
        "type": "Point",
        "coordinates": [
          11.257313345233364,
          43.768532512229896
        ]
      },
      "properties": {
        "id": 84,
        "tipologiaattivita": "CAV"
      }
    },
    {
      "type": "Feature",
      "id": "v_def_strutture_ricettive_od.85",
      "geometry": {
        "type": "Point",
        "coordinates": [
          11.25639648833534,
          43.7709609945784
        ]
      },
      "properties": {
        "id": 85,
        "tipologiaattivita": "CAV"
      }
    },
    {
      "type": "Feature",
      "id": "v_def_strutture_ricettive_od.86",
      "geometry": {
        "type": "Point",
        "coordinates": [
          11.25639648833534,
          43.7709609945784
        ]
      },
      "properties": {
        "id": 86,
        "tipologiaattivita": "BED AND BREAKFAST"
      }
    },
    {
      "type": "Feature",
      "id": "v_def_strutture_ricettive_od.87",
      "geometry": {
        "type": "Point",
        "coordinates": [
          11.247898068614036,
          43.77396793441377
        ]
      },
      "properties": {
        "id": 87,
        "tipologiaattivita": "ALBERGHI"
      }
    },
    {
      "type": "Feature",
      "id": "v_def_strutture_ricettive_od.88",
      "geometry": {
        "type": "Point",
        "coordinates": [
          11.240558541921413,
          43.76633401343997
        ]
      },
      "properties": {
        "id": 88,
        "tipologiaattivita": "BED AND BREAKFAST"
      }
    },
    {
      "type": "Feature",
      "id": "v_def_strutture_ricettive_od.89",
      "geometry": {
        "type": "Point",
        "coordinates": [
          11.24441877443223,
          43.78072177490935
        ]
      },
      "properties": {
        "id": 89,
        "tipologiaattivita": "AFFITTACAMERE"
      }
    },
    {
      "type": "Feature",
      "id": "v_def_strutture_ricettive_od.90",
      "geometry": {
        "type": "Point",
        "coordinates": [
          11.270446097555155,
          43.77754501822964
        ]
      },
      "properties": {
        "id": 90,
        "tipologiaattivita": "AFFITTACAMERE"
      }
    },
    {
      "type": "Feature",
      "id": "v_def_strutture_ricettive_od.91",
      "geometry": {
        "type": "Point",
        "coordinates": [
          11.25489386690965,
          43.769095434435854
        ]
      },
      "properties": {
        "id": 91,
        "tipologiaattivita": "CAV"
      }
    },
    {
      "type": "Feature",
      "id": "v_def_strutture_ricettive_od.92",
      "geometry": {
        "type": "Point",
        "coordinates": [
          11.25454517071475,
          43.77463338584338
        ]
      },
      "properties": {
        "id": 92,
        "tipologiaattivita": "CAV"
      }
    },
    {
      "type": "Feature",
      "id": "v_def_strutture_ricettive_od.93",
      "geometry": {
        "type": "Point",
        "coordinates": [
          11.255047351895357,
          43.77145204132197
        ]
      },
      "properties": {
        "id": 93,
        "tipologiaattivita": "CAV"
      }
    },
    {
      "type": "Feature",
      "id": "v_def_strutture_ricettive_od.94",
      "geometry": {
        "type": "Point",
        "coordinates": [
          11.25681674987384,
          43.77042398149408
        ]
      },
      "properties": {
        "id": 94,
        "tipologiaattivita": "BED AND BREAKFAST"
      }
    },
    {
      "type": "Feature",
      "id": "v_def_strutture_ricettive_od.95",
      "geometry": {
        "type": "Point",
        "coordinates": [
          11.199506410139511,
          43.76871757752678
        ]
      },
      "properties": {
        "id": 95,
        "tipologiaattivita": "BED AND BREAKFAST"
      }
    },
    {
      "type": "Feature",
      "id": "v_def_strutture_ricettive_od.96",
      "geometry": {
        "type": "Point",
        "coordinates": [
          11.265096856694722,
          43.74081046908555
        ]
      },
      "properties": {
        "id": 96,
        "tipologiaattivita": "AFFITTACAMERE"
      }
    },
    {
      "type": "Feature",
      "id": "v_def_strutture_ricettive_od.97",
      "geometry": {
        "type": "Point",
        "coordinates": [
          11.246894494456066,
          43.76507107828609
        ]
      },
      "properties": {
        "id": 97,
        "tipologiaattivita": "CAV"
      }
    },
    {
      "type": "Feature",
      "id": "v_def_strutture_ricettive_od.98",
      "geometry": {
        "type": "Point",
        "coordinates": [
          11.245370352576577,
          43.79798280500556
        ]
      },
      "properties": {
        "id": 98,
        "tipologiaattivita": "BED AND BREAKFAST"
      }
    },
    {
      "type": "Feature",
      "id": "v_def_strutture_ricettive_od.99",
      "geometry": {
        "type": "Point",
        "coordinates": [
          11.271767860096036,
          43.7809141187786
        ]
      },
      "properties": {
        "id": 99,
        "tipologiaattivita": "ALBERGHI"
      }
    },
    {
      "type": "Feature",
      "id": "v_def_strutture_ricettive_od.100",
      "geometry": {
        "type": "Point",
        "coordinates": [
          11.250903387878672,
          43.77159343602174
        ]
      },
      "properties": {
        "id": 100,
        "tipologiaattivita": "BED AND BREAKFAST"
      }
    },
    {
      "type": "Feature",
      "id": "v_def_strutture_ricettive_od.101",
      "geometry": {
        "type": "Point",
        "coordinates": [
          11.259110075726486,
          43.77268169621099
        ]
      },
      "properties": {
        "id": 101,
        "tipologiaattivita": "AFFITTACAMERE"
      }
    },
    {
      "type": "Feature",
      "id": "v_def_strutture_ricettive_od.102",
      "geometry": {
        "type": "Point",
        "coordinates": [
          11.259110075726486,
          43.77268169621099
        ]
      },
      "properties": {
        "id": 102,
        "tipologiaattivita": "CAV"
      }
    },
    {
      "type": "Feature",
      "id": "v_def_strutture_ricettive_od.103",
      "geometry": {
        "type": "Point",
        "coordinates": [
          11.259110075726486,
          43.77268169621099
        ]
      },
      "properties": {
        "id": 103,
        "tipologiaattivita": "CAV"
      }
    },
    {
      "type": "Feature",
      "id": "v_def_strutture_ricettive_od.104",
      "geometry": {
        "type": "Point",
        "coordinates": [
          11.244248568348407,
          43.77927215982033
        ]
      },
      "properties": {
        "id": 104,
        "tipologiaattivita": "CAV"
      }
    },
    {
      "type": "Feature",
      "id": "v_def_strutture_ricettive_od.105",
      "geometry": {
        "type": "Point",
        "coordinates": [
          11.237170692264089,
          43.774827933919624
        ]
      },
      "properties": {
        "id": 105,
        "tipologiaattivita": "CAV"
      }
    },
    {
      "type": "Feature",
      "id": "v_def_strutture_ricettive_od.106",
      "geometry": {
        "type": "Point",
        "coordinates": [
          11.253914042360217,
          43.77110176678729
        ]
      },
      "properties": {
        "id": 106,
        "tipologiaattivita": "AFFITTACAMERE"
      }
    },
    {
      "type": "Feature",
      "id": "v_def_strutture_ricettive_od.107",
      "geometry": {
        "type": "Point",
        "coordinates": [
          11.253914042360217,
          43.77110176678729
        ]
      },
      "properties": {
        "id": 107,
        "tipologiaattivita": "AFFITTACAMERE"
      }
    },
    {
      "type": "Feature",
      "id": "v_def_strutture_ricettive_od.108",
      "geometry": {
        "type": "Point",
        "coordinates": [
          11.253914042360217,
          43.77110176678729
        ]
      },
      "properties": {
        "id": 108,
        "tipologiaattivita": "CAV"
      }
    },
    {
      "type": "Feature",
      "id": "v_def_strutture_ricettive_od.109",
      "geometry": {
        "type": "Point",
        "coordinates": [
          11.253914042360217,
          43.77110176678729
        ]
      },
      "properties": {
        "id": 109,
        "tipologiaattivita": "RESIDENCE"
      }
    },
    {
      "type": "Feature",
      "id": "v_def_strutture_ricettive_od.110",
      "geometry": {
        "type": "Point",
        "coordinates": [
          11.253914042360217,
          43.77110176678729
        ]
      },
      "properties": {
        "id": 110,
        "tipologiaattivita": "AFFITTACAMERE"
      }
    },
    {
      "type": "Feature",
      "id": "v_def_strutture_ricettive_od.111",
      "geometry": {
        "type": "Point",
        "coordinates": [
          11.22631975190221,
          43.79762059080894
        ]
      },
      "properties": {
        "id": 111,
        "tipologiaattivita": "CAV"
      }
    },
    {
      "type": "Feature",
      "id": "v_def_strutture_ricettive_od.112",
      "geometry": {
        "type": "Point",
        "coordinates": [
          11.25175926767268,
          43.77358644112948
        ]
      },
      "properties": {
        "id": 112,
        "tipologiaattivita": "AFFITTACAMERE"
      }
    },
    {
      "type": "Feature",
      "id": "v_def_strutture_ricettive_od.113",
      "geometry": {
        "type": "Point",
        "coordinates": [
          11.25175926767268,
          43.77358644112948
        ]
      },
      "properties": {
        "id": 113,
        "tipologiaattivita": "AFFITTACAMERE"
      }
    },
    {
      "type": "Feature",
      "id": "v_def_strutture_ricettive_od.114",
      "geometry": {
        "type": "Point",
        "coordinates": [
          11.26314524264377,
          43.778272797159126
        ]
      },
      "properties": {
        "id": 114,
        "tipologiaattivita": "RESIDENZA D'EPOCA"
      }
    },
    {
      "type": "Feature",
      "id": "v_def_strutture_ricettive_od.115",
      "geometry": {
        "type": "Point",
        "coordinates": [
          11.2533525792315,
          43.80184244312152
        ]
      },
      "properties": {
        "id": 115,
        "tipologiaattivita": "AFFITTACAMERE"
      }
    },
    {
      "type": "Feature",
      "id": "v_def_strutture_ricettive_od.116",
      "geometry": {
        "type": "Point",
        "coordinates": [
          11.2533525792315,
          43.80184244312152
        ]
      },
      "properties": {
        "id": 116,
        "tipologiaattivita": "CAV"
      }
    },
    {
      "type": "Feature",
      "id": "v_def_strutture_ricettive_od.117",
      "geometry": {
        "type": "Point",
        "coordinates": [
          11.255447378695653,
          43.777570951266824
        ]
      },
      "properties": {
        "id": 117,
        "tipologiaattivita": "BED AND BREAKFAST"
      }
    },
    {
      "type": "Feature",
      "id": "v_def_strutture_ricettive_od.118",
      "geometry": {
        "type": "Point",
        "coordinates": [
          11.238452635649864,
          43.78923307131563
        ]
      },
      "properties": {
        "id": 118,
        "tipologiaattivita": "BED AND BREAKFAST"
      }
    },
    {
      "type": "Feature",
      "id": "v_def_strutture_ricettive_od.119",
      "geometry": {
        "type": "Point",
        "coordinates": [
          11.238452635649864,
          43.78923307131563
        ]
      },
      "properties": {
        "id": 119,
        "tipologiaattivita": "BED AND BREAKFAST"
      }
    },
    {
      "type": "Feature",
      "id": "v_def_strutture_ricettive_od.120",
      "geometry": {
        "type": "Point",
        "coordinates": [
          11.267313083703973,
          43.768646052807846
        ]
      },
      "properties": {
        "id": 120,
        "tipologiaattivita": "CAV"
      }
    },
    {
      "type": "Feature",
      "id": "v_def_strutture_ricettive_od.121",
      "geometry": {
        "type": "Point",
        "coordinates": [
          11.24470180233129,
          43.77444871562789
        ]
      },
      "properties": {
        "id": 121,
        "tipologiaattivita": "ALBERGHI"
      }
    },
    {
      "type": "Feature",
      "id": "v_def_strutture_ricettive_od.122",
      "geometry": {
        "type": "Point",
        "coordinates": [
          11.271223750653833,
          43.77124386343636
        ]
      },
      "properties": {
        "id": 122,
        "tipologiaattivita": "AFFITTACAMERE"
      }
    },
    {
      "type": "Feature",
      "id": "v_def_strutture_ricettive_od.123",
      "geometry": {
        "type": "Point",
        "coordinates": [
          11.257430256959292,
          43.7770388443899
        ]
      },
      "properties": {
        "id": 123,
        "tipologiaattivita": "CAV"
      }
    },
    {
      "type": "Feature",
      "id": "v_def_strutture_ricettive_od.124",
      "geometry": {
        "type": "Point",
        "coordinates": [
          11.255691929506785,
          43.776355186528015
        ]
      },
      "properties": {
        "id": 124,
        "tipologiaattivita": "AFFITTACAMERE"
      }
    },
    {
      "type": "Feature",
      "id": "v_def_strutture_ricettive_od.125",
      "geometry": {
        "type": "Point",
        "coordinates": [
          11.255691929506785,
          43.776355186528015
        ]
      },
      "properties": {
        "id": 125,
        "tipologiaattivita": "BED AND BREAKFAST"
      }
    },
    {
      "type": "Feature",
      "id": "v_def_strutture_ricettive_od.126",
      "geometry": {
        "type": "Point",
        "coordinates": [
          11.237303739828882,
          43.79147000582741
        ]
      },
      "properties": {
        "id": 126,
        "tipologiaattivita": "AFFITTACAMERE"
      }
    },
    {
      "type": "Feature",
      "id": "v_def_strutture_ricettive_od.127",
      "geometry": {
        "type": "Point",
        "coordinates": [
          11.255172571344628,
          43.76971199712893
        ]
      },
      "properties": {
        "id": 127,
        "tipologiaattivita": "CAV"
      }
    },
    {
      "type": "Feature",
      "id": "v_def_strutture_ricettive_od.128",
      "geometry": {
        "type": "Point",
        "coordinates": [
          11.255172571344628,
          43.76971199712893
        ]
      },
      "properties": {
        "id": 128,
        "tipologiaattivita": "RESIDENCE"
      }
    },
    {
      "type": "Feature",
      "id": "v_def_strutture_ricettive_od.129",
      "geometry": {
        "type": "Point",
        "coordinates": [
          11.272873652422124,
          43.78981139274404
        ]
      },
      "properties": {
        "id": 129,
        "tipologiaattivita": "AFFITTACAMERE"
      }
    },
    {
      "type": "Feature",
      "id": "v_def_strutture_ricettive_od.130",
      "geometry": {
        "type": "Point",
        "coordinates": [
          11.255758325658439,
          43.77968973992923
        ]
      },
      "properties": {
        "id": 130,
        "tipologiaattivita": "AFFITTACAMERE"
      }
    },
    {
      "type": "Feature",
      "id": "v_def_strutture_ricettive_od.131",
      "geometry": {
        "type": "Point",
        "coordinates": [
          11.28463773070406,
          43.7873060046939
        ]
      },
      "properties": {
        "id": 131,
        "tipologiaattivita": "BED AND BREAKFAST"
      }
    },
    {
      "type": "Feature",
      "id": "v_def_strutture_ricettive_od.132",
      "geometry": {
        "type": "Point",
        "coordinates": [
          11.263003746182825,
          43.772197604641335
        ]
      },
      "properties": {
        "id": 132,
        "tipologiaattivita": "CAV"
      }
    },
    {
      "type": "Feature",
      "id": "v_def_strutture_ricettive_od.133",
      "geometry": {
        "type": "Point",
        "coordinates": [
          11.232990616095131,
          43.78604388771764
        ]
      },
      "properties": {
        "id": 133,
        "tipologiaattivita": "CAV"
      }
    },
    {
      "type": "Feature",
      "id": "v_def_strutture_ricettive_od.134",
      "geometry": {
        "type": "Point",
        "coordinates": [
          11.218872283016442,
          43.79368936885474
        ]
      },
      "properties": {
        "id": 134,
        "tipologiaattivita": "CAV"
      }
    },
    {
      "type": "Feature",
      "id": "v_def_strutture_ricettive_od.135",
      "geometry": {
        "type": "Point",
        "coordinates": [
          11.243233583051117,
          43.774220447639244
        ]
      },
      "properties": {
        "id": 135,
        "tipologiaattivita": "AFFITTACAMERE"
      }
    },
    {
      "type": "Feature",
      "id": "v_def_strutture_ricettive_od.136",
      "geometry": {
        "type": "Point",
        "coordinates": [
          11.243233583051117,
          43.774220447639244
        ]
      },
      "properties": {
        "id": 136,
        "tipologiaattivita": "AFFITTACAMERE"
      }
    },
    {
      "type": "Feature",
      "id": "v_def_strutture_ricettive_od.137",
      "geometry": {
        "type": "Point",
        "coordinates": [
          11.25473322908889,
          43.77407565179084
        ]
      },
      "properties": {
        "id": 137,
        "tipologiaattivita": "AFFITTACAMERE"
      }
    },
    {
      "type": "Feature",
      "id": "v_def_strutture_ricettive_od.138",
      "geometry": {
        "type": "Point",
        "coordinates": [
          11.25031894166428,
          43.77314154806898
        ]
      },
      "properties": {
        "id": 138,
        "tipologiaattivita": "ALBERGHI"
      }
    },
    {
      "type": "Feature",
      "id": "v_def_strutture_ricettive_od.139",
      "geometry": {
        "type": "Point",
        "coordinates": [
          11.263129441749816,
          43.773318910945676
        ]
      },
      "properties": {
        "id": 139,
        "tipologiaattivita": "AFFITTACAMERE"
      }
    },
    {
      "type": "Feature",
      "id": "v_def_strutture_ricettive_od.140",
      "geometry": {
        "type": "Point",
        "coordinates": [
          11.263129441749816,
          43.773318910945676
        ]
      },
      "properties": {
        "id": 140,
        "tipologiaattivita": "CAV"
      }
    },
    {
      "type": "Feature",
      "id": "v_def_strutture_ricettive_od.141",
      "geometry": {
        "type": "Point",
        "coordinates": [
          11.255637325236341,
          43.77625474538809
        ]
      },
      "properties": {
        "id": 141,
        "tipologiaattivita": "ALBERGHI"
      }
    },
    {
      "type": "Feature",
      "id": "v_def_strutture_ricettive_od.142",
      "geometry": {
        "type": "Point",
        "coordinates": [
          11.246714275132577,
          43.785064545200456
        ]
      },
      "properties": {
        "id": 142,
        "tipologiaattivita": "CASE PER FERIE"
      }
    },
    {
      "type": "Feature",
      "id": "v_def_strutture_ricettive_od.143",
      "geometry": {
        "type": "Point",
        "coordinates": [
          11.27631990063927,
          43.77709866563551
        ]
      },
      "properties": {
        "id": 143,
        "tipologiaattivita": "OSTELLO"
      }
    },
    {
      "type": "Feature",
      "id": "v_def_strutture_ricettive_od.144",
      "geometry": {
        "type": "Point",
        "coordinates": [
          11.251081579276427,
          43.776484145080346
        ]
      },
      "properties": {
        "id": 144,
        "tipologiaattivita": "AFFITTACAMERE"
      }
    },
    {
      "type": "Feature",
      "id": "v_def_strutture_ricettive_od.145",
      "geometry": {
        "type": "Point",
        "coordinates": [
          11.251081579276427,
          43.776484145080346
        ]
      },
      "properties": {
        "id": 145,
        "tipologiaattivita": "CASE PER FERIE"
      }
    },
    {
      "type": "Feature",
      "id": "v_def_strutture_ricettive_od.146",
      "geometry": {
        "type": "Point",
        "coordinates": [
          11.251081579276427,
          43.776484145080346
        ]
      },
      "properties": {
        "id": 146,
        "tipologiaattivita": "ALBERGHI"
      }
    },
    {
      "type": "Feature",
      "id": "v_def_strutture_ricettive_od.147",
      "geometry": {
        "type": "Point",
        "coordinates": [
          11.251081579276427,
          43.776484145080346
        ]
      },
      "properties": {
        "id": 147,
        "tipologiaattivita": "AFFITTACAMERE"
      }
    },
    {
      "type": "Feature",
      "id": "v_def_strutture_ricettive_od.148",
      "geometry": {
        "type": "Point",
        "coordinates": [
          11.256735022287781,
          43.7707848364269
        ]
      },
      "properties": {
        "id": 148,
        "tipologiaattivita": "CAV"
      }
    },
    {
      "type": "Feature",
      "id": "v_def_strutture_ricettive_od.149",
      "geometry": {
        "type": "Point",
        "coordinates": [
          11.256735022287781,
          43.7707848364269
        ]
      },
      "properties": {
        "id": 149,
        "tipologiaattivita": "AFFITTACAMERE"
      }
    },
    {
      "type": "Feature",
      "id": "v_def_strutture_ricettive_od.150",
      "geometry": {
        "type": "Point",
        "coordinates": [
          11.244740532083057,
          43.7971808510634
        ]
      },
      "properties": {
        "id": 150,
        "tipologiaattivita": "ALBERGHI"
      }
    },
    {
      "type": "Feature",
      "id": "v_def_strutture_ricettive_od.151",
      "geometry": {
        "type": "Point",
        "coordinates": [
          11.24940950429715,
          43.78993397893682
        ]
      },
      "properties": {
        "id": 151,
        "tipologiaattivita": "BED AND BREAKFAST"
      }
    },
    {
      "type": "Feature",
      "id": "v_def_strutture_ricettive_od.152",
      "geometry": {
        "type": "Point",
        "coordinates": [
          11.243294816435641,
          43.781343809319125
        ]
      },
      "properties": {
        "id": 152,
        "tipologiaattivita": "AFFITTACAMERE"
      }
    },
    {
      "type": "Feature",
      "id": "v_def_strutture_ricettive_od.153",
      "geometry": {
        "type": "Point",
        "coordinates": [
          11.251257551844132,
          43.77231356004072
        ]
      },
      "properties": {
        "id": 153,
        "tipologiaattivita": "ALBERGHI"
      }
    },
    {
      "type": "Feature",
      "id": "v_def_strutture_ricettive_od.154",
      "geometry": {
        "type": "Point",
        "coordinates": [
          11.244843102999996,
          43.76731393066855
        ]
      },
      "properties": {
        "id": 154,
        "tipologiaattivita": "CAV"
      }
    },
    {
      "type": "Feature",
      "id": "v_def_strutture_ricettive_od.155",
      "geometry": {
        "type": "Point",
        "coordinates": [
          11.262301267357234,
          43.768982109120756
        ]
      },
      "properties": {
        "id": 155,
        "tipologiaattivita": "BED AND BREAKFAST"
      }
    },
    {
      "type": "Feature",
      "id": "v_def_strutture_ricettive_od.156",
      "geometry": {
        "type": "Point",
        "coordinates": [
          11.26252930886232,
          43.773780771212316
        ]
      },
      "properties": {
        "id": 156,
        "tipologiaattivita": "CAV"
      }
    },
    {
      "type": "Feature",
      "id": "v_def_strutture_ricettive_od.157",
      "geometry": {
        "type": "Point",
        "coordinates": [
          11.2510577042219,
          43.773476822560895
        ]
      },
      "properties": {
        "id": 157,
        "tipologiaattivita": "AFFITTACAMERE"
      }
    },
    {
      "type": "Feature",
      "id": "v_def_strutture_ricettive_od.158",
      "geometry": {
        "type": "Point",
        "coordinates": [
          11.253827851398897,
          43.76933698105779
        ]
      },
      "properties": {
        "id": 158,
        "tipologiaattivita": "ALBERGHI"
      }
    },
    {
      "type": "Feature",
      "id": "v_def_strutture_ricettive_od.159",
      "geometry": {
        "type": "Point",
        "coordinates": [
          11.267379271459863,
          43.77137112385168
        ]
      },
      "properties": {
        "id": 159,
        "tipologiaattivita": "CAV"
      }
    },
    {
      "type": "Feature",
      "id": "v_def_strutture_ricettive_od.160",
      "geometry": {
        "type": "Point",
        "coordinates": [
          11.251324769585757,
          43.76680504208248
        ]
      },
      "properties": {
        "id": 160,
        "tipologiaattivita": "AFFITTACAMERE"
      }
    },
    {
      "type": "Feature",
      "id": "v_def_strutture_ricettive_od.161",
      "geometry": {
        "type": "Point",
        "coordinates": [
          11.24012360181348,
          43.75052481751365
        ]
      },
      "properties": {
        "id": 161,
        "tipologiaattivita": "OSTELLO"
      }
    },
    {
      "type": "Feature",
      "id": "v_def_strutture_ricettive_od.162",
      "geometry": {
        "type": "Point",
        "coordinates": [
          11.247368514301765,
          43.77122019454301
        ]
      },
      "properties": {
        "id": 162,
        "tipologiaattivita": "ALBERGHI"
      }
    },
    {
      "type": "Feature",
      "id": "v_def_strutture_ricettive_od.163",
      "geometry": {
        "type": "Point",
        "coordinates": [
          11.287906825130571,
          43.793052925361025
        ]
      },
      "properties": {
        "id": 163,
        "tipologiaattivita": "CAV"
      }
    },
    {
      "type": "Feature",
      "id": "v_def_strutture_ricettive_od.164",
      "geometry": {
        "type": "Point",
        "coordinates": [
          11.253586784414544,
          43.77615958606595
        ]
      },
      "properties": {
        "id": 164,
        "tipologiaattivita": "BED AND BREAKFAST"
      }
    },
    {
      "type": "Feature",
      "id": "v_def_strutture_ricettive_od.165",
      "geometry": {
        "type": "Point",
        "coordinates": [
          11.25011979321403,
          43.76659956975056
        ]
      },
      "properties": {
        "id": 165,
        "tipologiaattivita": "CAV"
      }
    },
    {
      "type": "Feature",
      "id": "v_def_strutture_ricettive_od.166",
      "geometry": {
        "type": "Point",
        "coordinates": [
          11.221453795516274,
          43.74335785496013
        ]
      },
      "properties": {
        "id": 166,
        "tipologiaattivita": "AGRITURISMO"
      }
    },
    {
      "type": "Feature",
      "id": "v_def_strutture_ricettive_od.167",
      "geometry": {
        "type": "Point",
        "coordinates": [
          11.25019926546123,
          43.77455760891337
        ]
      },
      "properties": {
        "id": 167,
        "tipologiaattivita": "CAV"
      }
    },
    {
      "type": "Feature",
      "id": "v_def_strutture_ricettive_od.168",
      "geometry": {
        "type": "Point",
        "coordinates": [
          11.243997439320696,
          43.77478711974091
        ]
      },
      "properties": {
        "id": 168,
        "tipologiaattivita": "AFFITTACAMERE"
      }
    },
    {
      "type": "Feature",
      "id": "v_def_strutture_ricettive_od.169",
      "geometry": {
        "type": "Point",
        "coordinates": [
          11.264178388018651,
          43.79811131419349
        ]
      },
      "properties": {
        "id": 169,
        "tipologiaattivita": "CAV"
      }
    },
    {
      "type": "Feature",
      "id": "v_def_strutture_ricettive_od.170",
      "geometry": {
        "type": "Point",
        "coordinates": [
          11.242383898230404,
          43.74968357261698
        ]
      },
      "properties": {
        "id": 170,
        "tipologiaattivita": "BED AND BREAKFAST"
      }
    },
    {
      "type": "Feature",
      "id": "v_def_strutture_ricettive_od.171",
      "geometry": {
        "type": "Point",
        "coordinates": [
          11.243792625469037,
          43.77831217755535
        ]
      },
      "properties": {
        "id": 171,
        "tipologiaattivita": "CAV"
      }
    },
    {
      "type": "Feature",
      "id": "v_def_strutture_ricettive_od.172",
      "geometry": {
        "type": "Point",
        "coordinates": [
          11.243792625469037,
          43.77831217755535
        ]
      },
      "properties": {
        "id": 172,
        "tipologiaattivita": "CAV"
      }
    },
    {
      "type": "Feature",
      "id": "v_def_strutture_ricettive_od.173",
      "geometry": {
        "type": "Point",
        "coordinates": [
          11.246958052982402,
          43.774226739860666
        ]
      },
      "properties": {
        "id": 173,
        "tipologiaattivita": "CAV"
      }
    },
    {
      "type": "Feature",
      "id": "v_def_strutture_ricettive_od.174",
      "geometry": {
        "type": "Point",
        "coordinates": [
          11.273011832388361,
          43.78607298784392
        ]
      },
      "properties": {
        "id": 174,
        "tipologiaattivita": "BED AND BREAKFAST"
      }
    },
    {
      "type": "Feature",
      "id": "v_def_strutture_ricettive_od.175",
      "geometry": {
        "type": "Point",
        "coordinates": [
          11.264840366021255,
          43.77049930727017
        ]
      },
      "properties": {
        "id": 175,
        "tipologiaattivita": "CAV"
      }
    },
    {
      "type": "Feature",
      "id": "v_def_strutture_ricettive_od.176",
      "geometry": {
        "type": "Point",
        "coordinates": [
          11.25167267931844,
          43.770299904450724
        ]
      },
      "properties": {
        "id": 176,
        "tipologiaattivita": "CAV"
      }
    },
    {
      "type": "Feature",
      "id": "v_def_strutture_ricettive_od.177",
      "geometry": {
        "type": "Point",
        "coordinates": [
          11.25167267931844,
          43.770299904450724
        ]
      },
      "properties": {
        "id": 177,
        "tipologiaattivita": "AFFITTACAMERE"
      }
    },
    {
      "type": "Feature",
      "id": "v_def_strutture_ricettive_od.178",
      "geometry": {
        "type": "Point",
        "coordinates": [
          11.257491440299933,
          43.77221774249918
        ]
      },
      "properties": {
        "id": 178,
        "tipologiaattivita": "CAV"
      }
    },
    {
      "type": "Feature",
      "id": "v_def_strutture_ricettive_od.179",
      "geometry": {
        "type": "Point",
        "coordinates": [
          11.257491440299933,
          43.77221774249918
        ]
      },
      "properties": {
        "id": 179,
        "tipologiaattivita": "CAV"
      }
    },
    {
      "type": "Feature",
      "id": "v_def_strutture_ricettive_od.180",
      "geometry": {
        "type": "Point",
        "coordinates": [
          11.207960011621333,
          43.77789085996299
        ]
      },
      "properties": {
        "id": 180,
        "tipologiaattivita": "AFFITTACAMERE"
      }
    },
    {
      "type": "Feature",
      "id": "v_def_strutture_ricettive_od.181",
      "geometry": {
        "type": "Point",
        "coordinates": [
          11.258578074058331,
          43.7879207171137
        ]
      },
      "properties": {
        "id": 181,
        "tipologiaattivita": "AFFITTACAMERE"
      }
    },
    {
      "type": "Feature",
      "id": "v_def_strutture_ricettive_od.182",
      "geometry": {
        "type": "Point",
        "coordinates": [
          11.245883350305986,
          43.77476742930802
        ]
      },
      "properties": {
        "id": 182,
        "tipologiaattivita": "CAV"
      }
    },
    {
      "type": "Feature",
      "id": "v_def_strutture_ricettive_od.183",
      "geometry": {
        "type": "Point",
        "coordinates": [
          11.255273305755352,
          43.77189856469516
        ]
      },
      "properties": {
        "id": 183,
        "tipologiaattivita": "AFFITTACAMERE"
      }
    },
    {
      "type": "Feature",
      "id": "v_def_strutture_ricettive_od.184",
      "geometry": {
        "type": "Point",
        "coordinates": [
          11.255273305755352,
          43.77189856469516
        ]
      },
      "properties": {
        "id": 184,
        "tipologiaattivita": "ALBERGHI"
      }
    },
    {
      "type": "Feature",
      "id": "v_def_strutture_ricettive_od.185",
      "geometry": {
        "type": "Point",
        "coordinates": [
          11.24615468477961,
          43.768275153192576
        ]
      },
      "properties": {
        "id": 185,
        "tipologiaattivita": "AFFITTACAMERE"
      }
    },
    {
      "type": "Feature",
      "id": "v_def_strutture_ricettive_od.186",
      "geometry": {
        "type": "Point",
        "coordinates": [
          11.25141576873787,
          43.769998770162616
        ]
      },
      "properties": {
        "id": 186,
        "tipologiaattivita": "CAV"
      }
    },
    {
      "type": "Feature",
      "id": "v_def_strutture_ricettive_od.187",
      "geometry": {
        "type": "Point",
        "coordinates": [
          11.25816049260159,
          43.785431544729235
        ]
      },
      "properties": {
        "id": 187,
        "tipologiaattivita": "CAV"
      }
    },
    {
      "type": "Feature",
      "id": "v_def_strutture_ricettive_od.188",
      "geometry": {
        "type": "Point",
        "coordinates": [
          11.256181143916791,
          43.77722080209319
        ]
      },
      "properties": {
        "id": 188,
        "tipologiaattivita": "CAV"
      }
    },
    {
      "type": "Feature",
      "id": "v_def_strutture_ricettive_od.189",
      "geometry": {
        "type": "Point",
        "coordinates": [
          11.254641802460752,
          43.78083234536295
        ]
      },
      "properties": {
        "id": 189,
        "tipologiaattivita": "AFFITTACAMERE"
      }
    },
    {
      "type": "Feature",
      "id": "v_def_strutture_ricettive_od.190",
      "geometry": {
        "type": "Point",
        "coordinates": [
          11.254641802460752,
          43.78083234536295
        ]
      },
      "properties": {
        "id": 190,
        "tipologiaattivita": "AFFITTACAMERE"
      }
    },
    {
      "type": "Feature",
      "id": "v_def_strutture_ricettive_od.191",
      "geometry": {
        "type": "Point",
        "coordinates": [
          11.226474114061963,
          43.76249681020466
        ]
      },
      "properties": {
        "id": 191,
        "tipologiaattivita": "FATTORIA DIDATTICA"
      }
    },
    {
      "type": "Feature",
      "id": "v_def_strutture_ricettive_od.192",
      "geometry": {
        "type": "Point",
        "coordinates": [
          11.247073932837221,
          43.77253331008816
        ]
      },
      "properties": {
        "id": 192,
        "tipologiaattivita": "CAV"
      }
    },
    {
      "type": "Feature",
      "id": "v_def_strutture_ricettive_od.193",
      "geometry": {
        "type": "Point",
        "coordinates": [
          11.25501861922463,
          43.78277660757425
        ]
      },
      "properties": {
        "id": 193,
        "tipologiaattivita": "AFFITTACAMERE"
      }
    },
    {
      "type": "Feature",
      "id": "v_def_strutture_ricettive_od.194",
      "geometry": {
        "type": "Point",
        "coordinates": [
          11.25501861922463,
          43.78277660757425
        ]
      },
      "properties": {
        "id": 194,
        "tipologiaattivita": "AFFITTACAMERE"
      }
    },
    {
      "type": "Feature",
      "id": "v_def_strutture_ricettive_od.195",
      "geometry": {
        "type": "Point",
        "coordinates": [
          11.25223510688601,
          43.77177324681424
        ]
      },
      "properties": {
        "id": 195,
        "tipologiaattivita": "ALBERGHI"
      }
    },
    {
      "type": "Feature",
      "id": "v_def_strutture_ricettive_od.196",
      "geometry": {
        "type": "Point",
        "coordinates": [
          11.254069726913208,
          43.766860902793844
        ]
      },
      "properties": {
        "id": 196,
        "tipologiaattivita": "CAV"
      }
    },
    {
      "type": "Feature",
      "id": "v_def_strutture_ricettive_od.197",
      "geometry": {
        "type": "Point",
        "coordinates": [
          11.253827045355647,
          43.77692332860606
        ]
      },
      "properties": {
        "id": 197,
        "tipologiaattivita": "CAV"
      }
    },
    {
      "type": "Feature",
      "id": "v_def_strutture_ricettive_od.198",
      "geometry": {
        "type": "Point",
        "coordinates": [
          11.254782056551493,
          43.7758972982111
        ]
      },
      "properties": {
        "id": 198,
        "tipologiaattivita": "AFFITTACAMERE"
      }
    },
    {
      "type": "Feature",
      "id": "v_def_strutture_ricettive_od.199",
      "geometry": {
        "type": "Point",
        "coordinates": [
          11.245926112128528,
          43.77492523351489
        ]
      },
      "properties": {
        "id": 199,
        "tipologiaattivita": "CAV"
      }
    },
    {
      "type": "Feature",
      "id": "v_def_strutture_ricettive_od.200",
      "geometry": {
        "type": "Point",
        "coordinates": [
          11.261324125558616,
          43.78333218461761
        ]
      },
      "properties": {
        "id": 200,
        "tipologiaattivita": "AFFITTACAMERE"
      }
    },
    {
      "type": "Feature",
      "id": "v_def_strutture_ricettive_od.201",
      "geometry": {
        "type": "Point",
        "coordinates": [
          11.246067353835912,
          43.79941840158581
        ]
      },
      "properties": {
        "id": 201,
        "tipologiaattivita": "CAV"
      }
    },
    {
      "type": "Feature",
      "id": "v_def_strutture_ricettive_od.202",
      "geometry": {
        "type": "Point",
        "coordinates": [
          11.246067353835912,
          43.79941840158581
        ]
      },
      "properties": {
        "id": 202,
        "tipologiaattivita": "BED AND BREAKFAST"
      }
    },
    {
      "type": "Feature",
      "id": "v_def_strutture_ricettive_od.203",
      "geometry": {
        "type": "Point",
        "coordinates": [
          11.243142351729986,
          43.77375808762593
        ]
      },
      "properties": {
        "id": 203,
        "tipologiaattivita": "ALBERGHI"
      }
    },
    {
      "type": "Feature",
      "id": "v_def_strutture_ricettive_od.204",
      "geometry": {
        "type": "Point",
        "coordinates": [
          11.238016134133579,
          43.7888516615711
        ]
      },
      "properties": {
        "id": 204,
        "tipologiaattivita": "AFFITTACAMERE"
      }
    },
    {
      "type": "Feature",
      "id": "v_def_strutture_ricettive_od.205",
      "geometry": {
        "type": "Point",
        "coordinates": [
          11.264316480264434,
          43.766548683837996
        ]
      },
      "properties": {
        "id": 205,
        "tipologiaattivita": "CAV"
      }
    },
    {
      "type": "Feature",
      "id": "v_def_strutture_ricettive_od.206",
      "geometry": {
        "type": "Point",
        "coordinates": [
          11.265507558753617,
          43.772359394626946
        ]
      },
      "properties": {
        "id": 206,
        "tipologiaattivita": "CAV"
      }
    },
    {
      "type": "Feature",
      "id": "v_def_strutture_ricettive_od.207",
      "geometry": {
        "type": "Point",
        "coordinates": [
          11.266322722489054,
          43.78403792894309
        ]
      },
      "properties": {
        "id": 207,
        "tipologiaattivita": "AFFITTACAMERE"
      }
    },
    {
      "type": "Feature",
      "id": "v_def_strutture_ricettive_od.208",
      "geometry": {
        "type": "Point",
        "coordinates": [
          11.254890793999152,
          43.776773876450065
        ]
      },
      "properties": {
        "id": 208,
        "tipologiaattivita": "ALBERGHI"
      }
    },
    {
      "type": "Feature",
      "id": "v_def_strutture_ricettive_od.209",
      "geometry": {
        "type": "Point",
        "coordinates": [
          11.254953450115952,
          43.775136196135946
        ]
      },
      "properties": {
        "id": 209,
        "tipologiaattivita": "RESIDENZA D'EPOCA"
      }
    },
    {
      "type": "Feature",
      "id": "v_def_strutture_ricettive_od.210",
      "geometry": {
        "type": "Point",
        "coordinates": [
          11.271914861315294,
          43.78076498379951
        ]
      },
      "properties": {
        "id": 210,
        "tipologiaattivita": "BED AND BREAKFAST"
      }
    },
    {
      "type": "Feature",
      "id": "v_def_strutture_ricettive_od.211",
      "geometry": {
        "type": "Point",
        "coordinates": [
          11.252935267080368,
          43.76923000477634
        ]
      },
      "properties": {
        "id": 211,
        "tipologiaattivita": "RESIDENZA D'EPOCA"
      }
    },
    {
      "type": "Feature",
      "id": "v_def_strutture_ricettive_od.212",
      "geometry": {
        "type": "Point",
        "coordinates": [
          11.25679159514067,
          43.773693330921
        ]
      },
      "properties": {
        "id": 212,
        "tipologiaattivita": "CAV"
      }
    },
    {
      "type": "Feature",
      "id": "v_def_strutture_ricettive_od.213",
      "geometry": {
        "type": "Point",
        "coordinates": [
          11.25679159514067,
          43.773693330921
        ]
      },
      "properties": {
        "id": 213,
        "tipologiaattivita": "CAV"
      }
    },
    {
      "type": "Feature",
      "id": "v_def_strutture_ricettive_od.214",
      "geometry": {
        "type": "Point",
        "coordinates": [
          11.245842043476788,
          43.77529553239273
        ]
      },
      "properties": {
        "id": 214,
        "tipologiaattivita": "CAV"
      }
    },
    {
      "type": "Feature",
      "id": "v_def_strutture_ricettive_od.215",
      "geometry": {
        "type": "Point",
        "coordinates": [
          11.245158885036117,
          43.76658927932927
        ]
      },
      "properties": {
        "id": 215,
        "tipologiaattivita": "CASE PER FERIE"
      }
    },
    {
      "type": "Feature",
      "id": "v_def_strutture_ricettive_od.216",
      "geometry": {
        "type": "Point",
        "coordinates": [
          11.255149114678037,
          43.76908276731124
        ]
      },
      "properties": {
        "id": 216,
        "tipologiaattivita": "AFFITTACAMERE"
      }
    },
    {
      "type": "Feature",
      "id": "v_def_strutture_ricettive_od.217",
      "geometry": {
        "type": "Point",
        "coordinates": [
          11.251037437736876,
          43.7776584148078
        ]
      },
      "properties": {
        "id": 217,
        "tipologiaattivita": "RESIDENCE"
      }
    },
    {
      "type": "Feature",
      "id": "v_def_strutture_ricettive_od.218",
      "geometry": {
        "type": "Point",
        "coordinates": [
          11.2854096120887,
          43.769649604196196
        ]
      },
      "properties": {
        "id": 218,
        "tipologiaattivita": "AFFITTACAMERE"
      }
    },
    {
      "type": "Feature",
      "id": "v_def_strutture_ricettive_od.219",
      "geometry": {
        "type": "Point",
        "coordinates": [
          11.248745545067504,
          43.77336322147642
        ]
      },
      "properties": {
        "id": 219,
        "tipologiaattivita": "ALBERGHI"
      }
    },
    {
      "type": "Feature",
      "id": "v_def_strutture_ricettive_od.220",
      "geometry": {
        "type": "Point",
        "coordinates": [
          11.259572010673649,
          43.78102337962591
        ]
      },
      "properties": {
        "id": 220,
        "tipologiaattivita": "CAV"
      }
    },
    {
      "type": "Feature",
      "id": "v_def_strutture_ricettive_od.221",
      "geometry": {
        "type": "Point",
        "coordinates": [
          11.259572010673649,
          43.78102337962591
        ]
      },
      "properties": {
        "id": 221,
        "tipologiaattivita": "AFFITTACAMERE"
      }
    },
    {
      "type": "Feature",
      "id": "v_def_strutture_ricettive_od.222",
      "geometry": {
        "type": "Point",
        "coordinates": [
          11.256276179982065,
          43.78367957145575
        ]
      },
      "properties": {
        "id": 222,
        "tipologiaattivita": "CAV"
      }
    },
    {
      "type": "Feature",
      "id": "v_def_strutture_ricettive_od.223",
      "geometry": {
        "type": "Point",
        "coordinates": [
          11.265292817918704,
          43.79776835977727
        ]
      },
      "properties": {
        "id": 223,
        "tipologiaattivita": "AFFITTACAMERE"
      }
    },
    {
      "type": "Feature",
      "id": "v_def_strutture_ricettive_od.224",
      "geometry": {
        "type": "Point",
        "coordinates": [
          11.258681296969794,
          43.771541486654826
        ]
      },
      "properties": {
        "id": 224,
        "tipologiaattivita": "ALBERGHI"
      }
    },
    {
      "type": "Feature",
      "id": "v_def_strutture_ricettive_od.225",
      "geometry": {
        "type": "Point",
        "coordinates": [
          11.258681296969794,
          43.771541486654826
        ]
      },
      "properties": {
        "id": 225,
        "tipologiaattivita": "AFFITTACAMERE"
      }
    },
    {
      "type": "Feature",
      "id": "v_def_strutture_ricettive_od.226",
      "geometry": {
        "type": "Point",
        "coordinates": [
          11.252197602281623,
          43.77352993699445
        ]
      },
      "properties": {
        "id": 226,
        "tipologiaattivita": "ALBERGHI"
      }
    },
    {
      "type": "Feature",
      "id": "v_def_strutture_ricettive_od.227",
      "geometry": {
        "type": "Point",
        "coordinates": [
          11.258848557157272,
          43.77051264953265
        ]
      },
      "properties": {
        "id": 227,
        "tipologiaattivita": "CAV"
      }
    },
    {
      "type": "Feature",
      "id": "v_def_strutture_ricettive_od.228",
      "geometry": {
        "type": "Point",
        "coordinates": [
          11.256622058994413,
          43.770942239629356
        ]
      },
      "properties": {
        "id": 228,
        "tipologiaattivita": "CAV"
      }
    },
    {
      "type": "Feature",
      "id": "v_def_strutture_ricettive_od.229",
      "geometry": {
        "type": "Point",
        "coordinates": [
          11.270129665713135,
          43.77072725824148
        ]
      },
      "properties": {
        "id": 229,
        "tipologiaattivita": "CAV"
      }
    },
    {
      "type": "Feature",
      "id": "v_def_strutture_ricettive_od.230",
      "geometry": {
        "type": "Point",
        "coordinates": [
          11.270129665713135,
          43.77072725824148
        ]
      },
      "properties": {
        "id": 230,
        "tipologiaattivita": "CAV"
      }
    },
    {
      "type": "Feature",
      "id": "v_def_strutture_ricettive_od.231",
      "geometry": {
        "type": "Point",
        "coordinates": [
          11.24534855886205,
          43.75811324721372
        ]
      },
      "properties": {
        "id": 231,
        "tipologiaattivita": "ALBERGHI"
      }
    },
    {
      "type": "Feature",
      "id": "v_def_strutture_ricettive_od.232",
      "geometry": {
        "type": "Point",
        "coordinates": [
          11.251938307659595,
          43.77337175290551
        ]
      },
      "properties": {
        "id": 232,
        "tipologiaattivita": "ALBERGHI"
      }
    },
    {
      "type": "Feature",
      "id": "v_def_strutture_ricettive_od.233",
      "geometry": {
        "type": "Point",
        "coordinates": [
          11.251938307659595,
          43.77337175290551
        ]
      },
      "properties": {
        "id": 233,
        "tipologiaattivita": "ALBERGHI"
      }
    },
    {
      "type": "Feature",
      "id": "v_def_strutture_ricettive_od.234",
      "geometry": {
        "type": "Point",
        "coordinates": [
          11.216721461334332,
          43.767496753874255
        ]
      },
      "properties": {
        "id": 234,
        "tipologiaattivita": "AFFITTACAMERE"
      }
    },
    {
      "type": "Feature",
      "id": "v_def_strutture_ricettive_od.235",
      "geometry": {
        "type": "Point",
        "coordinates": [
          11.254844834018956,
          43.780747311846
        ]
      },
      "properties": {
        "id": 235,
        "tipologiaattivita": "ALBERGHI"
      }
    },
    {
      "type": "Feature",
      "id": "v_def_strutture_ricettive_od.236",
      "geometry": {
        "type": "Point",
        "coordinates": [
          11.250658241179522,
          43.76797258862654
        ]
      },
      "properties": {
        "id": 236,
        "tipologiaattivita": "CAV"
      }
    },
    {
      "type": "Feature",
      "id": "v_def_strutture_ricettive_od.237",
      "geometry": {
        "type": "Point",
        "coordinates": [
          11.250658241179522,
          43.76797258862654
        ]
      },
      "properties": {
        "id": 237,
        "tipologiaattivita": "CAV"
      }
    },
    {
      "type": "Feature",
      "id": "v_def_strutture_ricettive_od.238",
      "geometry": {
        "type": "Point",
        "coordinates": [
          11.257337900250914,
          43.77152505957307
        ]
      },
      "properties": {
        "id": 238,
        "tipologiaattivita": "CAV"
      }
    },
    {
      "type": "Feature",
      "id": "v_def_strutture_ricettive_od.239",
      "geometry": {
        "type": "Point",
        "coordinates": [
          11.257337900250914,
          43.77152505957307
        ]
      },
      "properties": {
        "id": 239,
        "tipologiaattivita": "CAV"
      }
    },
    {
      "type": "Feature",
      "id": "v_def_strutture_ricettive_od.240",
      "geometry": {
        "type": "Point",
        "coordinates": [
          11.257337900250914,
          43.77152505957307
        ]
      },
      "properties": {
        "id": 240,
        "tipologiaattivita": "RESIDENZA D'EPOCA"
      }
    },
    {
      "type": "Feature",
      "id": "v_def_strutture_ricettive_od.241",
      "geometry": {
        "type": "Point",
        "coordinates": [
          11.257337900250914,
          43.77152505957307
        ]
      },
      "properties": {
        "id": 241,
        "tipologiaattivita": "CAV"
      }
    },
    {
      "type": "Feature",
      "id": "v_def_strutture_ricettive_od.242",
      "geometry": {
        "type": "Point",
        "coordinates": [
          11.262110550973286,
          43.77218938365841
        ]
      },
      "properties": {
        "id": 242,
        "tipologiaattivita": "ALBERGHI"
      }
    },
    {
      "type": "Feature",
      "id": "v_def_strutture_ricettive_od.243",
      "geometry": {
        "type": "Point",
        "coordinates": [
          11.213710614785986,
          43.796679697133065
        ]
      },
      "properties": {
        "id": 243,
        "tipologiaattivita": "CAV"
      }
    },
    {
      "type": "Feature",
      "id": "v_def_strutture_ricettive_od.244",
      "geometry": {
        "type": "Point",
        "coordinates": [
          11.254850882956623,
          43.77410065875587
        ]
      },
      "properties": {
        "id": 244,
        "tipologiaattivita": "ALBERGHI"
      }
    },
    {
      "type": "Feature",
      "id": "v_def_strutture_ricettive_od.245",
      "geometry": {
        "type": "Point",
        "coordinates": [
          11.24648922794154,
          43.76541333630856
        ]
      },
      "properties": {
        "id": 245,
        "tipologiaattivita": "AFFITTACAMERE"
      }
    },
    {
      "type": "Feature",
      "id": "v_def_strutture_ricettive_od.246",
      "geometry": {
        "type": "Point",
        "coordinates": [
          11.251029043644312,
          43.77767130851686
        ]
      },
      "properties": {
        "id": 246,
        "tipologiaattivita": "AFFITTACAMERE"
      }
    },
    {
      "type": "Feature",
      "id": "v_def_strutture_ricettive_od.247",
      "geometry": {
        "type": "Point",
        "coordinates": [
          11.2639064388949,
          43.76843008742449
        ]
      },
      "properties": {
        "id": 247,
        "tipologiaattivita": "AFFITTACAMERE"
      }
    },
    {
      "type": "Feature",
      "id": "v_def_strutture_ricettive_od.248",
      "geometry": {
        "type": "Point",
        "coordinates": [
          11.24476887494107,
          43.76713607881014
        ]
      },
      "properties": {
        "id": 248,
        "tipologiaattivita": "CAV"
      }
    },
    {
      "type": "Feature",
      "id": "v_def_strutture_ricettive_od.249",
      "geometry": {
        "type": "Point",
        "coordinates": [
          11.263906098213855,
          43.77002789383401
        ]
      },
      "properties": {
        "id": 249,
        "tipologiaattivita": "AFFITTACAMERE"
      }
    },
    {
      "type": "Feature",
      "id": "v_def_strutture_ricettive_od.250",
      "geometry": {
        "type": "Point",
        "coordinates": [
          11.255138000152728,
          43.772167006419345
        ]
      },
      "properties": {
        "id": 250,
        "tipologiaattivita": "AFFITTACAMERE"
      }
    },
    {
      "type": "Feature",
      "id": "v_def_strutture_ricettive_od.251",
      "geometry": {
        "type": "Point",
        "coordinates": [
          11.255138000152728,
          43.772167006419345
        ]
      },
      "properties": {
        "id": 251,
        "tipologiaattivita": "BED AND BREAKFAST"
      }
    },
    {
      "type": "Feature",
      "id": "v_def_strutture_ricettive_od.252",
      "geometry": {
        "type": "Point",
        "coordinates": [
          11.250919076048326,
          43.77030909917073
        ]
      },
      "properties": {
        "id": 252,
        "tipologiaattivita": "AFFITTACAMERE"
      }
    },
    {
      "type": "Feature",
      "id": "v_def_strutture_ricettive_od.253",
      "geometry": {
        "type": "Point",
        "coordinates": [
          11.250919076048326,
          43.77030909917073
        ]
      },
      "properties": {
        "id": 253,
        "tipologiaattivita": "AFFITTACAMERE"
      }
    },
    {
      "type": "Feature",
      "id": "v_def_strutture_ricettive_od.254",
      "geometry": {
        "type": "Point",
        "coordinates": [
          11.250919076048326,
          43.77030909917073
        ]
      },
      "properties": {
        "id": 254,
        "tipologiaattivita": "BED AND BREAKFAST"
      }
    },
    {
      "type": "Feature",
      "id": "v_def_strutture_ricettive_od.255",
      "geometry": {
        "type": "Point",
        "coordinates": [
          11.250919076048326,
          43.77030909917073
        ]
      },
      "properties": {
        "id": 255,
        "tipologiaattivita": "BED AND BREAKFAST"
      }
    },
    {
      "type": "Feature",
      "id": "v_def_strutture_ricettive_od.256",
      "geometry": {
        "type": "Point",
        "coordinates": [
          11.250919076048326,
          43.77030909917073
        ]
      },
      "properties": {
        "id": 256,
        "tipologiaattivita": "BED AND BREAKFAST"
      }
    },
    {
      "type": "Feature",
      "id": "v_def_strutture_ricettive_od.257",
      "geometry": {
        "type": "Point",
        "coordinates": [
          11.250919076048326,
          43.77030909917073
        ]
      },
      "properties": {
        "id": 257,
        "tipologiaattivita": "BED AND BREAKFAST"
      }
    },
    {
      "type": "Feature",
      "id": "v_def_strutture_ricettive_od.258",
      "geometry": {
        "type": "Point",
        "coordinates": [
          11.255660955379975,
          43.77644826144771
        ]
      },
      "properties": {
        "id": 258,
        "tipologiaattivita": "ALBERGHI"
      }
    },
    {
      "type": "Feature",
      "id": "v_def_strutture_ricettive_od.259",
      "geometry": {
        "type": "Point",
        "coordinates": [
          11.245009396131913,
          43.79783829214373
        ]
      },
      "properties": {
        "id": 259,
        "tipologiaattivita": "ALBERGHI"
      }
    },
    {
      "type": "Feature",
      "id": "v_def_strutture_ricettive_od.260",
      "geometry": {
        "type": "Point",
        "coordinates": [
          11.255347533432131,
          43.770339653053625
        ]
      },
      "properties": {
        "id": 260,
        "tipologiaattivita": "RESIDENZA D'EPOCA"
      }
    },
    {
      "type": "Feature",
      "id": "v_def_strutture_ricettive_od.261",
      "geometry": {
        "type": "Point",
        "coordinates": [
          11.255347533432131,
          43.770339653053625
        ]
      },
      "properties": {
        "id": 261,
        "tipologiaattivita": "AFFITTACAMERE"
      }
    },
    {
      "type": "Feature",
      "id": "v_def_strutture_ricettive_od.262",
      "geometry": {
        "type": "Point",
        "coordinates": [
          11.255347533432131,
          43.770339653053625
        ]
      },
      "properties": {
        "id": 262,
        "tipologiaattivita": "BED AND BREAKFAST"
      }
    },
    {
      "type": "Feature",
      "id": "v_def_strutture_ricettive_od.263",
      "geometry": {
        "type": "Point",
        "coordinates": [
          11.26480405298721,
          43.775154888252374
        ]
      },
      "properties": {
        "id": 263,
        "tipologiaattivita": "CAV"
      }
    },
    {
      "type": "Feature",
      "id": "v_def_strutture_ricettive_od.264",
      "geometry": {
        "type": "Point",
        "coordinates": [
          11.255773522681793,
          43.77435536181846
        ]
      },
      "properties": {
        "id": 264,
        "tipologiaattivita": "AFFITTACAMERE"
      }
    },
    {
      "type": "Feature",
      "id": "v_def_strutture_ricettive_od.265",
      "geometry": {
        "type": "Point",
        "coordinates": [
          11.255773522681793,
          43.77435536181846
        ]
      },
      "properties": {
        "id": 265,
        "tipologiaattivita": "AFFITTACAMERE"
      }
    },
    {
      "type": "Feature",
      "id": "v_def_strutture_ricettive_od.266",
      "geometry": {
        "type": "Point",
        "coordinates": [
          11.255773522681793,
          43.77435536181846
        ]
      },
      "properties": {
        "id": 266,
        "tipologiaattivita": "AFFITTACAMERE"
      }
    },
    {
      "type": "Feature",
      "id": "v_def_strutture_ricettive_od.267",
      "geometry": {
        "type": "Point",
        "coordinates": [
          11.255773522681793,
          43.77435536181846
        ]
      },
      "properties": {
        "id": 267,
        "tipologiaattivita": "AFFITTACAMERE"
      }
    },
    {
      "type": "Feature",
      "id": "v_def_strutture_ricettive_od.268",
      "geometry": {
        "type": "Point",
        "coordinates": [
          11.255773522681793,
          43.77435536181846
        ]
      },
      "properties": {
        "id": 268,
        "tipologiaattivita": "AFFITTACAMERE"
      }
    },
    {
      "type": "Feature",
      "id": "v_def_strutture_ricettive_od.269",
      "geometry": {
        "type": "Point",
        "coordinates": [
          11.255773522681793,
          43.77435536181846
        ]
      },
      "properties": {
        "id": 269,
        "tipologiaattivita": "AFFITTACAMERE"
      }
    },
    {
      "type": "Feature",
      "id": "v_def_strutture_ricettive_od.270",
      "geometry": {
        "type": "Point",
        "coordinates": [
          11.246700851213939,
          43.77391912651002
        ]
      },
      "properties": {
        "id": 270,
        "tipologiaattivita": "CAV"
      }
    },
    {
      "type": "Feature",
      "id": "v_def_strutture_ricettive_od.271",
      "geometry": {
        "type": "Point",
        "coordinates": [
          11.246700851213939,
          43.77391912651002
        ]
      },
      "properties": {
        "id": 271,
        "tipologiaattivita": "CAV"
      }
    },
    {
      "type": "Feature",
      "id": "v_def_strutture_ricettive_od.272",
      "geometry": {
        "type": "Point",
        "coordinates": [
          11.246700851213939,
          43.77391912651002
        ]
      },
      "properties": {
        "id": 272,
        "tipologiaattivita": "CAV"
      }
    },
    {
      "type": "Feature",
      "id": "v_def_strutture_ricettive_od.273",
      "geometry": {
        "type": "Point",
        "coordinates": [
          11.22879021885133,
          43.79306542680009
        ]
      },
      "properties": {
        "id": 273,
        "tipologiaattivita": "ALBERGHI"
      }
    },
    {
      "type": "Feature",
      "id": "v_def_strutture_ricettive_od.274",
      "geometry": {
        "type": "Point",
        "coordinates": [
          11.248659377508146,
          43.76612582205404
        ]
      },
      "properties": {
        "id": 274,
        "tipologiaattivita": "CAV"
      }
    },
    {
      "type": "Feature",
      "id": "v_def_strutture_ricettive_od.275",
      "geometry": {
        "type": "Point",
        "coordinates": [
          11.252055723188432,
          43.77023956881168
        ]
      },
      "properties": {
        "id": 275,
        "tipologiaattivita": "ALBERGHI"
      }
    },
    {
      "type": "Feature",
      "id": "v_def_strutture_ricettive_od.276",
      "geometry": {
        "type": "Point",
        "coordinates": [
          11.242557743511329,
          43.823306687646394
        ]
      },
      "properties": {
        "id": 276,
        "tipologiaattivita": "CAV"
      }
    },
    {
      "type": "Feature",
      "id": "v_def_strutture_ricettive_od.277",
      "geometry": {
        "type": "Point",
        "coordinates": [
          11.24350943443113,
          43.79085149898877
        ]
      },
      "properties": {
        "id": 277,
        "tipologiaattivita": "AFFITTACAMERE"
      }
    },
    {
      "type": "Feature",
      "id": "v_def_strutture_ricettive_od.278",
      "geometry": {
        "type": "Point",
        "coordinates": [
          11.25631908822211,
          43.78026600039957
        ]
      },
      "properties": {
        "id": 278,
        "tipologiaattivita": "CAV"
      }
    },
    {
      "type": "Feature",
      "id": "v_def_strutture_ricettive_od.279",
      "geometry": {
        "type": "Point",
        "coordinates": [
          11.238121343329505,
          43.768449353481394
        ]
      },
      "properties": {
        "id": 279,
        "tipologiaattivita": "AFFITTACAMERE"
      }
    },
    {
      "type": "Feature",
      "id": "v_def_strutture_ricettive_od.280",
      "geometry": {
        "type": "Point",
        "coordinates": [
          11.250474182831091,
          43.76734558280064
        ]
      },
      "properties": {
        "id": 280,
        "tipologiaattivita": "CAV"
      }
    },
    {
      "type": "Feature",
      "id": "v_def_strutture_ricettive_od.281",
      "geometry": {
        "type": "Point",
        "coordinates": [
          11.262187823799945,
          43.78641288770637
        ]
      },
      "properties": {
        "id": 281,
        "tipologiaattivita": "BED AND BREAKFAST"
      }
    },
    {
      "type": "Feature",
      "id": "v_def_strutture_ricettive_od.282",
      "geometry": {
        "type": "Point",
        "coordinates": [
          11.262187823799945,
          43.78641288770637
        ]
      },
      "properties": {
        "id": 282,
        "tipologiaattivita": "BED AND BREAKFAST"
      }
    },
    {
      "type": "Feature",
      "id": "v_def_strutture_ricettive_od.283",
      "geometry": {
        "type": "Point",
        "coordinates": [
          11.251307001319978,
          43.779030893209026
        ]
      },
      "properties": {
        "id": 283,
        "tipologiaattivita": "AFFITTACAMERE"
      }
    },
    {
      "type": "Feature",
      "id": "v_def_strutture_ricettive_od.284",
      "geometry": {
        "type": "Point",
        "coordinates": [
          11.251307001319978,
          43.779030893209026
        ]
      },
      "properties": {
        "id": 284,
        "tipologiaattivita": "ALBERGHI"
      }
    },
    {
      "type": "Feature",
      "id": "v_def_strutture_ricettive_od.285",
      "geometry": {
        "type": "Point",
        "coordinates": [
          11.23268964851059,
          43.78876964242262
        ]
      },
      "properties": {
        "id": 285,
        "tipologiaattivita": "CAV"
      }
    },
    {
      "type": "Feature",
      "id": "v_def_strutture_ricettive_od.286",
      "geometry": {
        "type": "Point",
        "coordinates": [
          11.22758480292242,
          43.78843024718654
        ]
      },
      "properties": {
        "id": 286,
        "tipologiaattivita": "AFFITTACAMERE"
      }
    },
    {
      "type": "Feature",
      "id": "v_def_strutture_ricettive_od.287",
      "geometry": {
        "type": "Point",
        "coordinates": [
          11.237294634810928,
          43.77951133072272
        ]
      },
      "properties": {
        "id": 287,
        "tipologiaattivita": "ALBERGHI"
      }
    },
    {
      "type": "Feature",
      "id": "v_def_strutture_ricettive_od.288",
      "geometry": {
        "type": "Point",
        "coordinates": [
          11.248118539527121,
          43.7728293543977
        ]
      },
      "properties": {
        "id": 288,
        "tipologiaattivita": "ALBERGHI"
      }
    },
    {
      "type": "Feature",
      "id": "v_def_strutture_ricettive_od.289",
      "geometry": {
        "type": "Point",
        "coordinates": [
          11.244733874433466,
          43.773025896413756
        ]
      },
      "properties": {
        "id": 289,
        "tipologiaattivita": "CAV"
      }
    },
    {
      "type": "Feature",
      "id": "v_def_strutture_ricettive_od.290",
      "geometry": {
        "type": "Point",
        "coordinates": [
          11.247575625906922,
          43.774060661936005
        ]
      },
      "properties": {
        "id": 290,
        "tipologiaattivita": "CAV"
      }
    },
    {
      "type": "Feature",
      "id": "v_def_strutture_ricettive_od.291",
      "geometry": {
        "type": "Point",
        "coordinates": [
          11.247575625906922,
          43.774060661936005
        ]
      },
      "properties": {
        "id": 291,
        "tipologiaattivita": "ALBERGHI"
      }
    },
    {
      "type": "Feature",
      "id": "v_def_strutture_ricettive_od.292",
      "geometry": {
        "type": "Point",
        "coordinates": [
          11.249682120148922,
          43.767026407715015
        ]
      },
      "properties": {
        "id": 292,
        "tipologiaattivita": "AFFITTACAMERE"
      }
    },
    {
      "type": "Feature",
      "id": "v_def_strutture_ricettive_od.293",
      "geometry": {
        "type": "Point",
        "coordinates": [
          11.25174898824685,
          43.76772132021815
        ]
      },
      "properties": {
        "id": 293,
        "tipologiaattivita": "CAV"
      }
    },
    {
      "type": "Feature",
      "id": "v_def_strutture_ricettive_od.294",
      "geometry": {
        "type": "Point",
        "coordinates": [
          11.25174898824685,
          43.76772132021815
        ]
      },
      "properties": {
        "id": 294,
        "tipologiaattivita": "AFFITTACAMERE"
      }
    },
    {
      "type": "Feature",
      "id": "v_def_strutture_ricettive_od.295",
      "geometry": {
        "type": "Point",
        "coordinates": [
          11.25174898824685,
          43.76772132021815
        ]
      },
      "properties": {
        "id": 295,
        "tipologiaattivita": "BED AND BREAKFAST"
      }
    },
    {
      "type": "Feature",
      "id": "v_def_strutture_ricettive_od.296",
      "geometry": {
        "type": "Point",
        "coordinates": [
          11.251445006401699,
          43.777004415776474
        ]
      },
      "properties": {
        "id": 296,
        "tipologiaattivita": "AFFITTACAMERE"
      }
    },
    {
      "type": "Feature",
      "id": "v_def_strutture_ricettive_od.297",
      "geometry": {
        "type": "Point",
        "coordinates": [
          11.271286408282721,
          43.772136973027244
        ]
      },
      "properties": {
        "id": 297,
        "tipologiaattivita": "AFFITTACAMERE"
      }
    },
    {
      "type": "Feature",
      "id": "v_def_strutture_ricettive_od.298",
      "geometry": {
        "type": "Point",
        "coordinates": [
          11.271286408282721,
          43.772136973027244
        ]
      },
      "properties": {
        "id": 298,
        "tipologiaattivita": "CAV"
      }
    },
    {
      "type": "Feature",
      "id": "v_def_strutture_ricettive_od.299",
      "geometry": {
        "type": "Point",
        "coordinates": [
          11.260784480528551,
          43.77146244366443
        ]
      },
      "properties": {
        "id": 299,
        "tipologiaattivita": "AFFITTACAMERE"
      }
    },
    {
      "type": "Feature",
      "id": "v_def_strutture_ricettive_od.300",
      "geometry": {
        "type": "Point",
        "coordinates": [
          11.259051134969642,
          43.77049567884737
        ]
      },
      "properties": {
        "id": 300,
        "tipologiaattivita": "CAV"
      }
    },
    {
      "type": "Feature",
      "id": "v_def_strutture_ricettive_od.301",
      "geometry": {
        "type": "Point",
        "coordinates": [
          11.259051134969642,
          43.77049567884737
        ]
      },
      "properties": {
        "id": 301,
        "tipologiaattivita": "AFFITTACAMERE"
      }
    },
    {
      "type": "Feature",
      "id": "v_def_strutture_ricettive_od.302",
      "geometry": {
        "type": "Point",
        "coordinates": [
          11.243390439036228,
          43.77410731225723
        ]
      },
      "properties": {
        "id": 302,
        "tipologiaattivita": "AFFITTACAMERE"
      }
    },
    {
      "type": "Feature",
      "id": "v_def_strutture_ricettive_od.303",
      "geometry": {
        "type": "Point",
        "coordinates": [
          11.217247233549989,
          43.73412935433531
        ]
      },
      "properties": {
        "id": 303,
        "tipologiaattivita": "AGRITURISMO"
      }
    },
    {
      "type": "Feature",
      "id": "v_def_strutture_ricettive_od.304",
      "geometry": {
        "type": "Point",
        "coordinates": [
          11.253441616332708,
          43.77859946883385
        ]
      },
      "properties": {
        "id": 304,
        "tipologiaattivita": "ALBERGHI"
      }
    },
    {
      "type": "Feature",
      "id": "v_def_strutture_ricettive_od.305",
      "geometry": {
        "type": "Point",
        "coordinates": [
          11.228426858609003,
          43.783986387674695
        ]
      },
      "properties": {
        "id": 305,
        "tipologiaattivita": "AFFITTACAMERE"
      }
    },
    {
      "type": "Feature",
      "id": "v_def_strutture_ricettive_od.306",
      "geometry": {
        "type": "Point",
        "coordinates": [
          11.20586535339888,
          43.7963946669208
        ]
      },
      "properties": {
        "id": 306,
        "tipologiaattivita": "ALBERGHI"
      }
    },
    {
      "type": "Feature",
      "id": "v_def_strutture_ricettive_od.307",
      "geometry": {
        "type": "Point",
        "coordinates": [
          11.249594581847118,
          43.772850410877304
        ]
      },
      "properties": {
        "id": 307,
        "tipologiaattivita": "ALBERGHI"
      }
    },
    {
      "type": "Feature",
      "id": "v_def_strutture_ricettive_od.308",
      "geometry": {
        "type": "Point",
        "coordinates": [
          11.273333088735392,
          43.793044188281115
        ]
      },
      "properties": {
        "id": 308,
        "tipologiaattivita": "AFFITTACAMERE"
      }
    },
    {
      "type": "Feature",
      "id": "v_def_strutture_ricettive_od.309",
      "geometry": {
        "type": "Point",
        "coordinates": [
          11.255423036907374,
          43.78094868105158
        ]
      },
      "properties": {
        "id": 309,
        "tipologiaattivita": "ALBERGHI"
      }
    },
    {
      "type": "Feature",
      "id": "v_def_strutture_ricettive_od.310",
      "geometry": {
        "type": "Point",
        "coordinates": [
          11.247381962408186,
          43.76632658102725
        ]
      },
      "properties": {
        "id": 310,
        "tipologiaattivita": "ALBERGHI"
      }
    },
    {
      "type": "Feature",
      "id": "v_def_strutture_ricettive_od.311",
      "geometry": {
        "type": "Point",
        "coordinates": [
          11.247381962408186,
          43.76632658102725
        ]
      },
      "properties": {
        "id": 311,
        "tipologiaattivita": "BED AND BREAKFAST"
      }
    },
    {
      "type": "Feature",
      "id": "v_def_strutture_ricettive_od.312",
      "geometry": {
        "type": "Point",
        "coordinates": [
          11.23137140524082,
          43.786822824726954
        ]
      },
      "properties": {
        "id": 312,
        "tipologiaattivita": "CAV"
      }
    },
    {
      "type": "Feature",
      "id": "v_def_strutture_ricettive_od.313",
      "geometry": {
        "type": "Point",
        "coordinates": [
          11.259041980423941,
          43.775188578710306
        ]
      },
      "properties": {
        "id": 313,
        "tipologiaattivita": "AFFITTACAMERE"
      }
    },
    {
      "type": "Feature",
      "id": "v_def_strutture_ricettive_od.314",
      "geometry": {
        "type": "Point",
        "coordinates": [
          11.265450456277605,
          43.77230974266628
        ]
      },
      "properties": {
        "id": 314,
        "tipologiaattivita": "CAV"
      }
    },
    {
      "type": "Feature",
      "id": "v_def_strutture_ricettive_od.315",
      "geometry": {
        "type": "Point",
        "coordinates": [
          11.241109937403797,
          43.77167036414095
        ]
      },
      "properties": {
        "id": 315,
        "tipologiaattivita": "AFFITTACAMERE"
      }
    },
    {
      "type": "Feature",
      "id": "v_def_strutture_ricettive_od.316",
      "geometry": {
        "type": "Point",
        "coordinates": [
          11.257356651506383,
          43.77532324443744
        ]
      },
      "properties": {
        "id": 316,
        "tipologiaattivita": "CAV"
      }
    },
    {
      "type": "Feature",
      "id": "v_def_strutture_ricettive_od.317",
      "geometry": {
        "type": "Point",
        "coordinates": [
          11.251895953248244,
          43.77699975187294
        ]
      },
      "properties": {
        "id": 317,
        "tipologiaattivita": "ALBERGHI"
      }
    },
    {
      "type": "Feature",
      "id": "v_def_strutture_ricettive_od.318",
      "geometry": {
        "type": "Point",
        "coordinates": [
          11.292532659190552,
          43.762012243198036
        ]
      },
      "properties": {
        "id": 318,
        "tipologiaattivita": "BED AND BREAKFAST"
      }
    },
    {
      "type": "Feature",
      "id": "v_def_strutture_ricettive_od.319",
      "geometry": {
        "type": "Point",
        "coordinates": [
          11.25673846828527,
          43.768020392520455
        ]
      },
      "properties": {
        "id": 319,
        "tipologiaattivita": "CAV"
      }
    },
    {
      "type": "Feature",
      "id": "v_def_strutture_ricettive_od.320",
      "geometry": {
        "type": "Point",
        "coordinates": [
          11.2458765917166,
          43.77400291851898
        ]
      },
      "properties": {
        "id": 320,
        "tipologiaattivita": "AFFITTACAMERE"
      }
    },
    {
      "type": "Feature",
      "id": "v_def_strutture_ricettive_od.321",
      "geometry": {
        "type": "Point",
        "coordinates": [
          11.247045029261995,
          43.77444519259382
        ]
      },
      "properties": {
        "id": 321,
        "tipologiaattivita": "AFFITTACAMERE"
      }
    },
    {
      "type": "Feature",
      "id": "v_def_strutture_ricettive_od.322",
      "geometry": {
        "type": "Point",
        "coordinates": [
          11.256098485541154,
          43.77836529750317
        ]
      },
      "properties": {
        "id": 322,
        "tipologiaattivita": "AFFITTACAMERE"
      }
    },
    {
      "type": "Feature",
      "id": "v_def_strutture_ricettive_od.323",
      "geometry": {
        "type": "Point",
        "coordinates": [
          11.239404815812572,
          43.778257233720424
        ]
      },
      "properties": {
        "id": 323,
        "tipologiaattivita": null
      }
    },
    {
      "type": "Feature",
      "id": "v_def_strutture_ricettive_od.324",
      "geometry": {
        "type": "Point",
        "coordinates": [
          11.265668739007033,
          43.800089923411434
        ]
      },
      "properties": {
        "id": 324,
        "tipologiaattivita": "AFFITTACAMERE"
      }
    },
    {
      "type": "Feature",
      "id": "v_def_strutture_ricettive_od.325",
      "geometry": {
        "type": "Point",
        "coordinates": [
          11.330540465694403,
          43.78151923224011
        ]
      },
      "properties": {
        "id": 325,
        "tipologiaattivita": "RESIDENZA D'EPOCA"
      }
    },
    {
      "type": "Feature",
      "id": "v_def_strutture_ricettive_od.326",
      "geometry": {
        "type": "Point",
        "coordinates": [
          11.253453670927833,
          43.77202018662915
        ]
      },
      "properties": {
        "id": 326,
        "tipologiaattivita": "AFFITTACAMERE"
      }
    },
    {
      "type": "Feature",
      "id": "v_def_strutture_ricettive_od.327",
      "geometry": {
        "type": "Point",
        "coordinates": [
          11.253453670927833,
          43.77202018662915
        ]
      },
      "properties": {
        "id": 327,
        "tipologiaattivita": "AFFITTACAMERE"
      }
    },
    {
      "type": "Feature",
      "id": "v_def_strutture_ricettive_od.328",
      "geometry": {
        "type": "Point",
        "coordinates": [
          11.253453670927833,
          43.77202018662915
        ]
      },
      "properties": {
        "id": 328,
        "tipologiaattivita": "AFFITTACAMERE"
      }
    },
    {
      "type": "Feature",
      "id": "v_def_strutture_ricettive_od.329",
      "geometry": {
        "type": "Point",
        "coordinates": [
          11.274789951044978,
          43.7691786084226
        ]
      },
      "properties": {
        "id": 329,
        "tipologiaattivita": "ALBERGHI"
      }
    },
    {
      "type": "Feature",
      "id": "v_def_strutture_ricettive_od.330",
      "geometry": {
        "type": "Point",
        "coordinates": [
          11.255337426543848,
          43.77008660353276
        ]
      },
      "properties": {
        "id": 330,
        "tipologiaattivita": "ALBERGHI"
      }
    },
    {
      "type": "Feature",
      "id": "v_def_strutture_ricettive_od.331",
      "geometry": {
        "type": "Point",
        "coordinates": [
          11.250660879006652,
          43.766829314056814
        ]
      },
      "properties": {
        "id": 331,
        "tipologiaattivita": "CAV"
      }
    },
    {
      "type": "Feature",
      "id": "v_def_strutture_ricettive_od.332",
      "geometry": {
        "type": "Point",
        "coordinates": [
          11.244169506850989,
          43.77356739044458
        ]
      },
      "properties": {
        "id": 332,
        "tipologiaattivita": "AFFITTACAMERE"
      }
    },
    {
      "type": "Feature",
      "id": "v_def_strutture_ricettive_od.333",
      "geometry": {
        "type": "Point",
        "coordinates": [
          11.24198219947029,
          43.778869765668716
        ]
      },
      "properties": {
        "id": 333,
        "tipologiaattivita": "CAV"
      }
    },
    {
      "type": "Feature",
      "id": "v_def_strutture_ricettive_od.334",
      "geometry": {
        "type": "Point",
        "coordinates": [
          11.24198219947029,
          43.778869765668716
        ]
      },
      "properties": {
        "id": 334,
        "tipologiaattivita": "AFFITTACAMERE"
      }
    },
    {
      "type": "Feature",
      "id": "v_def_strutture_ricettive_od.335",
      "geometry": {
        "type": "Point",
        "coordinates": [
          11.23185910802277,
          43.77434961919953
        ]
      },
      "properties": {
        "id": 335,
        "tipologiaattivita": "AFFITTACAMERE"
      }
    },
    {
      "type": "Feature",
      "id": "v_def_strutture_ricettive_od.336",
      "geometry": {
        "type": "Point",
        "coordinates": [
          11.237966969651175,
          43.78231437427612
        ]
      },
      "properties": {
        "id": 336,
        "tipologiaattivita": "AFFITTACAMERE"
      }
    },
    {
      "type": "Feature",
      "id": "v_def_strutture_ricettive_od.337",
      "geometry": {
        "type": "Point",
        "coordinates": [
          11.251134129720617,
          43.772932850602054
        ]
      },
      "properties": {
        "id": 337,
        "tipologiaattivita": "AFFITTACAMERE"
      }
    },
    {
      "type": "Feature",
      "id": "v_def_strutture_ricettive_od.338",
      "geometry": {
        "type": "Point",
        "coordinates": [
          11.295111283466357,
          43.74778865431316
        ]
      },
      "properties": {
        "id": 338,
        "tipologiaattivita": "AFFITTACAMERE"
      }
    },
    {
      "type": "Feature",
      "id": "v_def_strutture_ricettive_od.339",
      "geometry": {
        "type": "Point",
        "coordinates": [
          11.248440831896453,
          43.79106633748371
        ]
      },
      "properties": {
        "id": 339,
        "tipologiaattivita": "BED AND BREAKFAST"
      }
    },
    {
      "type": "Feature",
      "id": "v_def_strutture_ricettive_od.340",
      "geometry": {
        "type": "Point",
        "coordinates": [
          11.265171322653956,
          43.77148930675918
        ]
      },
      "properties": {
        "id": 340,
        "tipologiaattivita": "CAV"
      }
    },
    {
      "type": "Feature",
      "id": "v_def_strutture_ricettive_od.341",
      "geometry": {
        "type": "Point",
        "coordinates": [
          11.216731931554456,
          43.743654701927895
        ]
      },
      "properties": {
        "id": 341,
        "tipologiaattivita": "AFFITTACAMERE"
      }
    },
    {
      "type": "Feature",
      "id": "v_def_strutture_ricettive_od.342",
      "geometry": {
        "type": "Point",
        "coordinates": [
          11.251421867989004,
          43.77682179574433
        ]
      },
      "properties": {
        "id": 342,
        "tipologiaattivita": "ALBERGHI"
      }
    },
    {
      "type": "Feature",
      "id": "v_def_strutture_ricettive_od.343",
      "geometry": {
        "type": "Point",
        "coordinates": [
          11.263682432927597,
          43.78439469877612
        ]
      },
      "properties": {
        "id": 343,
        "tipologiaattivita": "BED AND BREAKFAST"
      }
    },
    {
      "type": "Feature",
      "id": "v_def_strutture_ricettive_od.344",
      "geometry": {
        "type": "Point",
        "coordinates": [
          11.263682432927597,
          43.78439469877612
        ]
      },
      "properties": {
        "id": 344,
        "tipologiaattivita": "BED AND BREAKFAST"
      }
    },
    {
      "type": "Feature",
      "id": "v_def_strutture_ricettive_od.345",
      "geometry": {
        "type": "Point",
        "coordinates": [
          11.318466692083065,
          43.771211536218345
        ]
      },
      "properties": {
        "id": 345,
        "tipologiaattivita": "CAV"
      }
    },
    {
      "type": "Feature",
      "id": "v_def_strutture_ricettive_od.346",
      "geometry": {
        "type": "Point",
        "coordinates": [
          11.256591056685789,
          43.77451273726139
        ]
      },
      "properties": {
        "id": 346,
        "tipologiaattivita": "AFFITTACAMERE"
      }
    },
    {
      "type": "Feature",
      "id": "v_def_strutture_ricettive_od.347",
      "geometry": {
        "type": "Point",
        "coordinates": [
          11.256591056685789,
          43.77451273726139
        ]
      },
      "properties": {
        "id": 347,
        "tipologiaattivita": "AFFITTACAMERE"
      }
    },
    {
      "type": "Feature",
      "id": "v_def_strutture_ricettive_od.348",
      "geometry": {
        "type": "Point",
        "coordinates": [
          11.327878046305747,
          43.7725356487072
        ]
      },
      "properties": {
        "id": 348,
        "tipologiaattivita": "BED AND BREAKFAST"
      }
    },
    {
      "type": "Feature",
      "id": "v_def_strutture_ricettive_od.349",
      "geometry": {
        "type": "Point",
        "coordinates": [
          11.327878046305747,
          43.7725356487072
        ]
      },
      "properties": {
        "id": 349,
        "tipologiaattivita": "BED AND BREAKFAST"
      }
    },
    {
      "type": "Feature",
      "id": "v_def_strutture_ricettive_od.350",
      "geometry": {
        "type": "Point",
        "coordinates": [
          11.327878046305747,
          43.7725356487072
        ]
      },
      "properties": {
        "id": 350,
        "tipologiaattivita": "BED AND BREAKFAST"
      }
    },
    {
      "type": "Feature",
      "id": "v_def_strutture_ricettive_od.351",
      "geometry": {
        "type": "Point",
        "coordinates": [
          11.257772100967157,
          43.76896788807603
        ]
      },
      "properties": {
        "id": 351,
        "tipologiaattivita": "AFFITTACAMERE"
      }
    },
    {
      "type": "Feature",
      "id": "v_def_strutture_ricettive_od.352",
      "geometry": {
        "type": "Point",
        "coordinates": [
          11.257772100967157,
          43.76896788807603
        ]
      },
      "properties": {
        "id": 352,
        "tipologiaattivita": "AFFITTACAMERE"
      }
    },
    {
      "type": "Feature",
      "id": "v_def_strutture_ricettive_od.353",
      "geometry": {
        "type": "Point",
        "coordinates": [
          11.244959907562682,
          43.77773346879023
        ]
      },
      "properties": {
        "id": 353,
        "tipologiaattivita": "ALBERGHI"
      }
    },
    {
      "type": "Feature",
      "id": "v_def_strutture_ricettive_od.354",
      "geometry": {
        "type": "Point",
        "coordinates": [
          11.256083035271224,
          43.770416160106265
        ]
      },
      "properties": {
        "id": 354,
        "tipologiaattivita": "CAV"
      }
    },
    {
      "type": "Feature",
      "id": "v_def_strutture_ricettive_od.355",
      "geometry": {
        "type": "Point",
        "coordinates": [
          11.261060559614751,
          43.770375608405644
        ]
      },
      "properties": {
        "id": 355,
        "tipologiaattivita": "RESIDENZA D'EPOCA"
      }
    },
    {
      "type": "Feature",
      "id": "v_def_strutture_ricettive_od.356",
      "geometry": {
        "type": "Point",
        "coordinates": [
          11.261060559614751,
          43.770375608405644
        ]
      },
      "properties": {
        "id": 356,
        "tipologiaattivita": "RESIDENZA D'EPOCA"
      }
    },
    {
      "type": "Feature",
      "id": "v_def_strutture_ricettive_od.357",
      "geometry": {
        "type": "Point",
        "coordinates": [
          11.261060559614751,
          43.770375608405644
        ]
      },
      "properties": {
        "id": 357,
        "tipologiaattivita": "RESIDENZA D'EPOCA"
      }
    },
    {
      "type": "Feature",
      "id": "v_def_strutture_ricettive_od.358",
      "geometry": {
        "type": "Point",
        "coordinates": [
          11.25722084868229,
          43.76847563050473
        ]
      },
      "properties": {
        "id": 358,
        "tipologiaattivita": "AFFITTACAMERE"
      }
    },
    {
      "type": "Feature",
      "id": "v_def_strutture_ricettive_od.359",
      "geometry": {
        "type": "Point",
        "coordinates": [
          11.23949575967199,
          43.78003593341179
        ]
      },
      "properties": {
        "id": 359,
        "tipologiaattivita": "CAV"
      }
    },
    {
      "type": "Feature",
      "id": "v_def_strutture_ricettive_od.360",
      "geometry": {
        "type": "Point",
        "coordinates": [
          11.16186236133922,
          43.77131209301633
        ]
      },
      "properties": {
        "id": 360,
        "tipologiaattivita": "ALBERGHI"
      }
    },
    {
      "type": "Feature",
      "id": "v_def_strutture_ricettive_od.361",
      "geometry": {
        "type": "Point",
        "coordinates": [
          11.247220221076683,
          43.78827065544734
        ]
      },
      "properties": {
        "id": 361,
        "tipologiaattivita": "AFFITTACAMERE"
      }
    },
    {
      "type": "Feature",
      "id": "v_def_strutture_ricettive_od.362",
      "geometry": {
        "type": "Point",
        "coordinates": [
          11.249508494709152,
          43.77223571250677
        ]
      },
      "properties": {
        "id": 362,
        "tipologiaattivita": "AFFITTACAMERE"
      }
    },
    {
      "type": "Feature",
      "id": "v_def_strutture_ricettive_od.363",
      "geometry": {
        "type": "Point",
        "coordinates": [
          11.249771035292376,
          43.77261032645766
        ]
      },
      "properties": {
        "id": 363,
        "tipologiaattivita": "AFFITTACAMERE"
      }
    },
    {
      "type": "Feature",
      "id": "v_def_strutture_ricettive_od.364",
      "geometry": {
        "type": "Point",
        "coordinates": [
          11.249771035292376,
          43.77261032645766
        ]
      },
      "properties": {
        "id": 364,
        "tipologiaattivita": "AFFITTACAMERE"
      }
    },
    {
      "type": "Feature",
      "id": "v_def_strutture_ricettive_od.365",
      "geometry": {
        "type": "Point",
        "coordinates": [
          11.276350920896856,
          43.76865640452412
        ]
      },
      "properties": {
        "id": 365,
        "tipologiaattivita": "CASE PER FERIE"
      }
    },
    {
      "type": "Feature",
      "id": "v_def_strutture_ricettive_od.366",
      "geometry": {
        "type": "Point",
        "coordinates": [
          11.263546962390333,
          43.78256066242735
        ]
      },
      "properties": {
        "id": 366,
        "tipologiaattivita": "CAV"
      }
    },
    {
      "type": "Feature",
      "id": "v_def_strutture_ricettive_od.367",
      "geometry": {
        "type": "Point",
        "coordinates": [
          11.253424039504567,
          43.79037432251171
        ]
      },
      "properties": {
        "id": 367,
        "tipologiaattivita": "AFFITTACAMERE"
      }
    },
    {
      "type": "Feature",
      "id": "v_def_strutture_ricettive_od.368",
      "geometry": {
        "type": "Point",
        "coordinates": [
          11.245030873175244,
          43.77390689485552
        ]
      },
      "properties": {
        "id": 368,
        "tipologiaattivita": "ALBERGHI"
      }
    },
    {
      "type": "Feature",
      "id": "v_def_strutture_ricettive_od.369",
      "geometry": {
        "type": "Point",
        "coordinates": [
          11.244566447820361,
          43.7745130360625
        ]
      },
      "properties": {
        "id": 369,
        "tipologiaattivita": "CAV"
      }
    },
    {
      "type": "Feature",
      "id": "v_def_strutture_ricettive_od.370",
      "geometry": {
        "type": "Point",
        "coordinates": [
          11.243343027091074,
          43.781934562679275
        ]
      },
      "properties": {
        "id": 370,
        "tipologiaattivita": "CAV"
      }
    },
    {
      "type": "Feature",
      "id": "v_def_strutture_ricettive_od.371",
      "geometry": {
        "type": "Point",
        "coordinates": [
          11.243343027091074,
          43.781934562679275
        ]
      },
      "properties": {
        "id": 371,
        "tipologiaattivita": "CAV"
      }
    },
    {
      "type": "Feature",
      "id": "v_def_strutture_ricettive_od.372",
      "geometry": {
        "type": "Point",
        "coordinates": [
          11.259315446820558,
          43.78430782411824
        ]
      },
      "properties": {
        "id": 372,
        "tipologiaattivita": "ALBERGHI"
      }
    },
    {
      "type": "Feature",
      "id": "v_def_strutture_ricettive_od.373",
      "geometry": {
        "type": "Point",
        "coordinates": [
          11.254985549328397,
          43.779413040778856
        ]
      },
      "properties": {
        "id": 373,
        "tipologiaattivita": "CAV"
      }
    },
    {
      "type": "Feature",
      "id": "v_def_strutture_ricettive_od.374",
      "geometry": {
        "type": "Point",
        "coordinates": [
          11.258942975519188,
          43.75436990691774
        ]
      },
      "properties": {
        "id": 374,
        "tipologiaattivita": "ALBERGHI"
      }
    },
    {
      "type": "Feature",
      "id": "v_def_strutture_ricettive_od.375",
      "geometry": {
        "type": "Point",
        "coordinates": [
          11.242163763245667,
          43.781602497534415
        ]
      },
      "properties": {
        "id": 375,
        "tipologiaattivita": "ALBERGHI"
      }
    },
    {
      "type": "Feature",
      "id": "v_def_strutture_ricettive_od.376",
      "geometry": {
        "type": "Point",
        "coordinates": [
          11.238531160542866,
          43.77698849278483
        ]
      },
      "properties": {
        "id": 376,
        "tipologiaattivita": "AFFITTACAMERE"
      }
    },
    {
      "type": "Feature",
      "id": "v_def_strutture_ricettive_od.377",
      "geometry": {
        "type": "Point",
        "coordinates": [
          11.238531160542866,
          43.77698849278483
        ]
      },
      "properties": {
        "id": 377,
        "tipologiaattivita": "AFFITTACAMERE"
      }
    },
    {
      "type": "Feature",
      "id": "v_def_strutture_ricettive_od.378",
      "geometry": {
        "type": "Point",
        "coordinates": [
          11.238531160542866,
          43.77698849278483
        ]
      },
      "properties": {
        "id": 378,
        "tipologiaattivita": "AFFITTACAMERE"
      }
    },
    {
      "type": "Feature",
      "id": "v_def_strutture_ricettive_od.379",
      "geometry": {
        "type": "Point",
        "coordinates": [
          11.238531160542866,
          43.77698849278483
        ]
      },
      "properties": {
        "id": 379,
        "tipologiaattivita": "AFFITTACAMERE"
      }
    },
    {
      "type": "Feature",
      "id": "v_def_strutture_ricettive_od.380",
      "geometry": {
        "type": "Point",
        "coordinates": [
          11.243075577664502,
          43.77724498802864
        ]
      },
      "properties": {
        "id": 380,
        "tipologiaattivita": "AFFITTACAMERE"
      }
    },
    {
      "type": "Feature",
      "id": "v_def_strutture_ricettive_od.381",
      "geometry": {
        "type": "Point",
        "coordinates": [
          11.252368673927403,
          43.7848789326283
        ]
      },
      "properties": {
        "id": 381,
        "tipologiaattivita": "AFFITTACAMERE"
      }
    },
    {
      "type": "Feature",
      "id": "v_def_strutture_ricettive_od.382",
      "geometry": {
        "type": "Point",
        "coordinates": [
          11.260526493283251,
          43.77205102731159
        ]
      },
      "properties": {
        "id": 382,
        "tipologiaattivita": "ALBERGHI"
      }
    },
    {
      "type": "Feature",
      "id": "v_def_strutture_ricettive_od.383",
      "geometry": {
        "type": "Point",
        "coordinates": [
          11.243434266155733,
          43.770365601075206
        ]
      },
      "properties": {
        "id": 383,
        "tipologiaattivita": "ALBERGHI"
      }
    },
    {
      "type": "Feature",
      "id": "v_def_strutture_ricettive_od.384",
      "geometry": {
        "type": "Point",
        "coordinates": [
          11.24420864108087,
          43.7795352700789
        ]
      },
      "properties": {
        "id": 384,
        "tipologiaattivita": "CAV"
      }
    },
    {
      "type": "Feature",
      "id": "v_def_strutture_ricettive_od.385",
      "geometry": {
        "type": "Point",
        "coordinates": [
          11.257542444132449,
          43.77692258131859
        ]
      },
      "properties": {
        "id": 385,
        "tipologiaattivita": "ALBERGHI"
      }
    },
    {
      "type": "Feature",
      "id": "v_def_strutture_ricettive_od.386",
      "geometry": {
        "type": "Point",
        "coordinates": [
          11.26075917936483,
          43.7597290506561
        ]
      },
      "properties": {
        "id": 386,
        "tipologiaattivita": "CAV"
      }
    },
    {
      "type": "Feature",
      "id": "v_def_strutture_ricettive_od.387",
      "geometry": {
        "type": "Point",
        "coordinates": [
          11.256123741812111,
          43.771051378975244
        ]
      },
      "properties": {
        "id": 387,
        "tipologiaattivita": "AFFITTACAMERE"
      }
    },
    {
      "type": "Feature",
      "id": "v_def_strutture_ricettive_od.388",
      "geometry": {
        "type": "Point",
        "coordinates": [
          11.227084214101282,
          43.787677730735254
        ]
      },
      "properties": {
        "id": 388,
        "tipologiaattivita": "CAV"
      }
    },
    {
      "type": "Feature",
      "id": "v_def_strutture_ricettive_od.389",
      "geometry": {
        "type": "Point",
        "coordinates": [
          11.252316464833006,
          43.78032701098228
        ]
      },
      "properties": {
        "id": 389,
        "tipologiaattivita": "AFFITTACAMERE"
      }
    },
    {
      "type": "Feature",
      "id": "v_def_strutture_ricettive_od.390",
      "geometry": {
        "type": "Point",
        "coordinates": [
          11.252316464833006,
          43.78032701098228
        ]
      },
      "properties": {
        "id": 390,
        "tipologiaattivita": "CAV"
      }
    },
    {
      "type": "Feature",
      "id": "v_def_strutture_ricettive_od.391",
      "geometry": {
        "type": "Point",
        "coordinates": [
          11.252316464833006,
          43.78032701098228
        ]
      },
      "properties": {
        "id": 391,
        "tipologiaattivita": "AFFITTACAMERE"
      }
    },
    {
      "type": "Feature",
      "id": "v_def_strutture_ricettive_od.392",
      "geometry": {
        "type": "Point",
        "coordinates": [
          11.258679275474087,
          43.78056769705759
        ]
      },
      "properties": {
        "id": 392,
        "tipologiaattivita": "BED AND BREAKFAST"
      }
    },
    {
      "type": "Feature",
      "id": "v_def_strutture_ricettive_od.393",
      "geometry": {
        "type": "Point",
        "coordinates": [
          11.205514034133836,
          43.79630531293539
        ]
      },
      "properties": {
        "id": 393,
        "tipologiaattivita": "ALBERGHI"
      }
    },
    {
      "type": "Feature",
      "id": "v_def_strutture_ricettive_od.394",
      "geometry": {
        "type": "Point",
        "coordinates": [
          11.239159991012363,
          43.77547957710965
        ]
      },
      "properties": {
        "id": 394,
        "tipologiaattivita": "ALBERGHI"
      }
    },
    {
      "type": "Feature",
      "id": "v_def_strutture_ricettive_od.395",
      "geometry": {
        "type": "Point",
        "coordinates": [
          11.240980992152748,
          43.80377184579101
        ]
      },
      "properties": {
        "id": 395,
        "tipologiaattivita": "BED AND BREAKFAST"
      }
    },
    {
      "type": "Feature",
      "id": "v_def_strutture_ricettive_od.396",
      "geometry": {
        "type": "Point",
        "coordinates": [
          11.259209393519864,
          43.76748380631892
        ]
      },
      "properties": {
        "id": 396,
        "tipologiaattivita": "CAV"
      }
    },
    {
      "type": "Feature",
      "id": "v_def_strutture_ricettive_od.397",
      "geometry": {
        "type": "Point",
        "coordinates": [
          11.26026404676155,
          43.769684126851246
        ]
      },
      "properties": {
        "id": 397,
        "tipologiaattivita": "CAV"
      }
    },
    {
      "type": "Feature",
      "id": "v_def_strutture_ricettive_od.398",
      "geometry": {
        "type": "Point",
        "coordinates": [
          11.255134403936074,
          43.77946485526416
        ]
      },
      "properties": {
        "id": 398,
        "tipologiaattivita": "AFFITTACAMERE"
      }
    },
    {
      "type": "Feature",
      "id": "v_def_strutture_ricettive_od.399",
      "geometry": {
        "type": "Point",
        "coordinates": [
          11.255134403936074,
          43.77946485526416
        ]
      },
      "properties": {
        "id": 399,
        "tipologiaattivita": "ALBERGHI"
      }
    },
    {
      "type": "Feature",
      "id": "v_def_strutture_ricettive_od.400",
      "geometry": {
        "type": "Point",
        "coordinates": [
          11.255134403936074,
          43.77946485526416
        ]
      },
      "properties": {
        "id": 400,
        "tipologiaattivita": "ALBERGHI"
      }
    },
    {
      "type": "Feature",
      "id": "v_def_strutture_ricettive_od.401",
      "geometry": {
        "type": "Point",
        "coordinates": [
          11.263179366779228,
          43.76926558072565
        ]
      },
      "properties": {
        "id": 401,
        "tipologiaattivita": "CAV"
      }
    },
    {
      "type": "Feature",
      "id": "v_def_strutture_ricettive_od.402",
      "geometry": {
        "type": "Point",
        "coordinates": [
          11.269591207891704,
          43.774054959490236
        ]
      },
      "properties": {
        "id": 402,
        "tipologiaattivita": "ALBERGHI"
      }
    },
    {
      "type": "Feature",
      "id": "v_def_strutture_ricettive_od.403",
      "geometry": {
        "type": "Point",
        "coordinates": [
          11.269591207891704,
          43.774054959490236
        ]
      },
      "properties": {
        "id": 403,
        "tipologiaattivita": "ALBERGHI"
      }
    },
    {
      "type": "Feature",
      "id": "v_def_strutture_ricettive_od.404",
      "geometry": {
        "type": "Point",
        "coordinates": [
          11.249496104442652,
          43.791404813407134
        ]
      },
      "properties": {
        "id": 404,
        "tipologiaattivita": "CAV"
      }
    },
    {
      "type": "Feature",
      "id": "v_def_strutture_ricettive_od.405",
      "geometry": {
        "type": "Point",
        "coordinates": [
          11.249496104442652,
          43.791404813407134
        ]
      },
      "properties": {
        "id": 405,
        "tipologiaattivita": "RESIDENCE"
      }
    },
    {
      "type": "Feature",
      "id": "v_def_strutture_ricettive_od.406",
      "geometry": {
        "type": "Point",
        "coordinates": [
          11.26852390729189,
          43.78325129794459
        ]
      },
      "properties": {
        "id": 406,
        "tipologiaattivita": "AFFITTACAMERE"
      }
    },
    {
      "type": "Feature",
      "id": "v_def_strutture_ricettive_od.407",
      "geometry": {
        "type": "Point",
        "coordinates": [
          11.26852390729189,
          43.78325129794459
        ]
      },
      "properties": {
        "id": 407,
        "tipologiaattivita": "CAV"
      }
    },
    {
      "type": "Feature",
      "id": "v_def_strutture_ricettive_od.408",
      "geometry": {
        "type": "Point",
        "coordinates": [
          11.26852390729189,
          43.78325129794459
        ]
      },
      "properties": {
        "id": 408,
        "tipologiaattivita": "AFFITTACAMERE"
      }
    },
    {
      "type": "Feature",
      "id": "v_def_strutture_ricettive_od.409",
      "geometry": {
        "type": "Point",
        "coordinates": [
          11.244752375059988,
          43.78088747001818
        ]
      },
      "properties": {
        "id": 409,
        "tipologiaattivita": "OSTELLO"
      }
    },
    {
      "type": "Feature",
      "id": "v_def_strutture_ricettive_od.410",
      "geometry": {
        "type": "Point",
        "coordinates": [
          11.256510231916542,
          43.77095200842851
        ]
      },
      "properties": {
        "id": 410,
        "tipologiaattivita": "BED AND BREAKFAST"
      }
    },
    {
      "type": "Feature",
      "id": "v_def_strutture_ricettive_od.411",
      "geometry": {
        "type": "Point",
        "coordinates": [
          11.256510231916542,
          43.77095200842851
        ]
      },
      "properties": {
        "id": 411,
        "tipologiaattivita": "BED AND BREAKFAST"
      }
    },
    {
      "type": "Feature",
      "id": "v_def_strutture_ricettive_od.412",
      "geometry": {
        "type": "Point",
        "coordinates": [
          11.291119838599915,
          43.775057634135116
        ]
      },
      "properties": {
        "id": 412,
        "tipologiaattivita": "CAV"
      }
    },
    {
      "type": "Feature",
      "id": "v_def_strutture_ricettive_od.413",
      "geometry": {
        "type": "Point",
        "coordinates": [
          11.254670723365518,
          43.77372478562729
        ]
      },
      "properties": {
        "id": 413,
        "tipologiaattivita": "AFFITTACAMERE"
      }
    },
    {
      "type": "Feature",
      "id": "v_def_strutture_ricettive_od.414",
      "geometry": {
        "type": "Point",
        "coordinates": [
          11.254670723365518,
          43.77372478562729
        ]
      },
      "properties": {
        "id": 414,
        "tipologiaattivita": "BED AND BREAKFAST"
      }
    },
    {
      "type": "Feature",
      "id": "v_def_strutture_ricettive_od.415",
      "geometry": {
        "type": "Point",
        "coordinates": [
          11.249268869528121,
          43.7958692212315
        ]
      },
      "properties": {
        "id": 415,
        "tipologiaattivita": "CAV"
      }
    },
    {
      "type": "Feature",
      "id": "v_def_strutture_ricettive_od.416",
      "geometry": {
        "type": "Point",
        "coordinates": [
          11.249354934142687,
          43.77215905302461
        ]
      },
      "properties": {
        "id": 416,
        "tipologiaattivita": "CAV"
      }
    },
    {
      "type": "Feature",
      "id": "v_def_strutture_ricettive_od.417",
      "geometry": {
        "type": "Point",
        "coordinates": [
          11.243486219534287,
          43.77930547171856
        ]
      },
      "properties": {
        "id": 417,
        "tipologiaattivita": "BED AND BREAKFAST"
      }
    },
    {
      "type": "Feature",
      "id": "v_def_strutture_ricettive_od.418",
      "geometry": {
        "type": "Point",
        "coordinates": [
          11.250112075145255,
          43.76779578393084
        ]
      },
      "properties": {
        "id": 418,
        "tipologiaattivita": "CAV"
      }
    },
    {
      "type": "Feature",
      "id": "v_def_strutture_ricettive_od.419",
      "geometry": {
        "type": "Point",
        "coordinates": [
          11.257183254942229,
          43.77509995679245
        ]
      },
      "properties": {
        "id": 419,
        "tipologiaattivita": "CAV"
      }
    },
    {
      "type": "Feature",
      "id": "v_def_strutture_ricettive_od.420",
      "geometry": {
        "type": "Point",
        "coordinates": [
          11.257183254942229,
          43.77509995679245
        ]
      },
      "properties": {
        "id": 420,
        "tipologiaattivita": "CAV"
      }
    },
    {
      "type": "Feature",
      "id": "v_def_strutture_ricettive_od.421",
      "geometry": {
        "type": "Point",
        "coordinates": [
          11.257835288224081,
          43.77947463336458
        ]
      },
      "properties": {
        "id": 421,
        "tipologiaattivita": "CAV"
      }
    },
    {
      "type": "Feature",
      "id": "v_def_strutture_ricettive_od.422",
      "geometry": {
        "type": "Point",
        "coordinates": [
          11.25422529818066,
          43.773521526190024
        ]
      },
      "properties": {
        "id": 422,
        "tipologiaattivita": "ALBERGHI"
      }
    },
    {
      "type": "Feature",
      "id": "v_def_strutture_ricettive_od.423",
      "geometry": {
        "type": "Point",
        "coordinates": [
          11.25422529818066,
          43.773521526190024
        ]
      },
      "properties": {
        "id": 423,
        "tipologiaattivita": "BED AND BREAKFAST"
      }
    },
    {
      "type": "Feature",
      "id": "v_def_strutture_ricettive_od.424",
      "geometry": {
        "type": "Point",
        "coordinates": [
          11.264847694234858,
          43.76850165000609
        ]
      },
      "properties": {
        "id": 424,
        "tipologiaattivita": "CAV"
      }
    },
    {
      "type": "Feature",
      "id": "v_def_strutture_ricettive_od.425",
      "geometry": {
        "type": "Point",
        "coordinates": [
          11.262595209439143,
          43.78834103964052
        ]
      },
      "properties": {
        "id": 425,
        "tipologiaattivita": "AFFITTACAMERE"
      }
    },
    {
      "type": "Feature",
      "id": "v_def_strutture_ricettive_od.426",
      "geometry": {
        "type": "Point",
        "coordinates": [
          11.274931899508125,
          43.77022971159671
        ]
      },
      "properties": {
        "id": 426,
        "tipologiaattivita": "AFFITTACAMERE"
      }
    },
    {
      "type": "Feature",
      "id": "v_def_strutture_ricettive_od.427",
      "geometry": {
        "type": "Point",
        "coordinates": [
          11.275589615374916,
          43.77562996213143
        ]
      },
      "properties": {
        "id": 427,
        "tipologiaattivita": "CAV"
      }
    },
    {
      "type": "Feature",
      "id": "v_def_strutture_ricettive_od.428",
      "geometry": {
        "type": "Point",
        "coordinates": [
          11.258507728809679,
          43.77369223401941
        ]
      },
      "properties": {
        "id": 428,
        "tipologiaattivita": "CAV"
      }
    },
    {
      "type": "Feature",
      "id": "v_def_strutture_ricettive_od.429",
      "geometry": {
        "type": "Point",
        "coordinates": [
          11.245743045254487,
          43.7755006070919
        ]
      },
      "properties": {
        "id": 429,
        "tipologiaattivita": "ALBERGHI"
      }
    },
    {
      "type": "Feature",
      "id": "v_def_strutture_ricettive_od.430",
      "geometry": {
        "type": "Point",
        "coordinates": [
          11.220844878448924,
          43.78762398264648
        ]
      },
      "properties": {
        "id": 430,
        "tipologiaattivita": "AFFITTACAMERE"
      }
    },
    {
      "type": "Feature",
      "id": "v_def_strutture_ricettive_od.431",
      "geometry": {
        "type": "Point",
        "coordinates": [
          11.240240390501187,
          43.795300346625766
        ]
      },
      "properties": {
        "id": 431,
        "tipologiaattivita": "BED AND BREAKFAST"
      }
    },
    {
      "type": "Feature",
      "id": "v_def_strutture_ricettive_od.432",
      "geometry": {
        "type": "Point",
        "coordinates": [
          11.256437525605426,
          43.77456260100947
        ]
      },
      "properties": {
        "id": 432,
        "tipologiaattivita": "BED AND BREAKFAST"
      }
    },
    {
      "type": "Feature",
      "id": "v_def_strutture_ricettive_od.433",
      "geometry": {
        "type": "Point",
        "coordinates": [
          11.256437525605426,
          43.77456260100947
        ]
      },
      "properties": {
        "id": 433,
        "tipologiaattivita": "BED AND BREAKFAST"
      }
    },
    {
      "type": "Feature",
      "id": "v_def_strutture_ricettive_od.434",
      "geometry": {
        "type": "Point",
        "coordinates": [
          11.2728040256609,
          43.7614813525477
        ]
      },
      "properties": {
        "id": 434,
        "tipologiaattivita": "RESIDENCE"
      }
    },
    {
      "type": "Feature",
      "id": "v_def_strutture_ricettive_od.435",
      "geometry": {
        "type": "Point",
        "coordinates": [
          11.287544644403063,
          43.77391804914069
        ]
      },
      "properties": {
        "id": 435,
        "tipologiaattivita": "AFFITTACAMERE"
      }
    },
    {
      "type": "Feature",
      "id": "v_def_strutture_ricettive_od.436",
      "geometry": {
        "type": "Point",
        "coordinates": [
          11.258722948979013,
          43.771107238248916
        ]
      },
      "properties": {
        "id": 436,
        "tipologiaattivita": "CAV"
      }
    },
    {
      "type": "Feature",
      "id": "v_def_strutture_ricettive_od.437",
      "geometry": {
        "type": "Point",
        "coordinates": [
          11.258722948979013,
          43.771107238248916
        ]
      },
      "properties": {
        "id": 437,
        "tipologiaattivita": "CAV"
      }
    },
    {
      "type": "Feature",
      "id": "v_def_strutture_ricettive_od.438",
      "geometry": {
        "type": "Point",
        "coordinates": [
          11.270122282327527,
          43.78273838216792
        ]
      },
      "properties": {
        "id": 438,
        "tipologiaattivita": "CAV"
      }
    },
    {
      "type": "Feature",
      "id": "v_def_strutture_ricettive_od.439",
      "geometry": {
        "type": "Point",
        "coordinates": [
          11.253385735729767,
          43.77006069501759
        ]
      },
      "properties": {
        "id": 439,
        "tipologiaattivita": "AFFITTACAMERE"
      }
    },
    {
      "type": "Feature",
      "id": "v_def_strutture_ricettive_od.440",
      "geometry": {
        "type": "Point",
        "coordinates": [
          11.254523448768623,
          43.76811536372205
        ]
      },
      "properties": {
        "id": 440,
        "tipologiaattivita": "ALBERGHI"
      }
    },
    {
      "type": "Feature",
      "id": "v_def_strutture_ricettive_od.441",
      "geometry": {
        "type": "Point",
        "coordinates": [
          11.215689516098578,
          43.7990688248012
        ]
      },
      "properties": {
        "id": 441,
        "tipologiaattivita": "CAV"
      }
    },
    {
      "type": "Feature",
      "id": "v_def_strutture_ricettive_od.442",
      "geometry": {
        "type": "Point",
        "coordinates": [
          11.257953447493534,
          43.771004391185826
        ]
      },
      "properties": {
        "id": 442,
        "tipologiaattivita": "CAV"
      }
    },
    {
      "type": "Feature",
      "id": "v_def_strutture_ricettive_od.443",
      "geometry": {
        "type": "Point",
        "coordinates": [
          11.263211134763997,
          43.78375847822052
        ]
      },
      "properties": {
        "id": 443,
        "tipologiaattivita": "ALBERGHI"
      }
    },
    {
      "type": "Feature",
      "id": "v_def_strutture_ricettive_od.444",
      "geometry": {
        "type": "Point",
        "coordinates": [
          11.264324792105263,
          43.772041241459355
        ]
      },
      "properties": {
        "id": 444,
        "tipologiaattivita": "AFFITTACAMERE"
      }
    },
    {
      "type": "Feature",
      "id": "v_def_strutture_ricettive_od.445",
      "geometry": {
        "type": "Point",
        "coordinates": [
          11.266381582581538,
          43.78702918554903
        ]
      },
      "properties": {
        "id": 445,
        "tipologiaattivita": "CAV"
      }
    },
    {
      "type": "Feature",
      "id": "v_def_strutture_ricettive_od.446",
      "geometry": {
        "type": "Point",
        "coordinates": [
          11.24382897353287,
          43.76449940810246
        ]
      },
      "properties": {
        "id": 446,
        "tipologiaattivita": "AFFITTACAMERE"
      }
    },
    {
      "type": "Feature",
      "id": "v_def_strutture_ricettive_od.447",
      "geometry": {
        "type": "Point",
        "coordinates": [
          11.231658929198852,
          43.73056144074721
        ]
      },
      "properties": {
        "id": 447,
        "tipologiaattivita": "BED AND BREAKFAST"
      }
    },
    {
      "type": "Feature",
      "id": "v_def_strutture_ricettive_od.448",
      "geometry": {
        "type": "Point",
        "coordinates": [
          11.24984455910709,
          43.766433456951304
        ]
      },
      "properties": {
        "id": 448,
        "tipologiaattivita": "CAV"
      }
    },
    {
      "type": "Feature",
      "id": "v_def_strutture_ricettive_od.449",
      "geometry": {
        "type": "Point",
        "coordinates": [
          11.269344638620368,
          43.77518325096791
        ]
      },
      "properties": {
        "id": 449,
        "tipologiaattivita": "AFFITTACAMERE"
      }
    },
    {
      "type": "Feature",
      "id": "v_def_strutture_ricettive_od.450",
      "geometry": {
        "type": "Point",
        "coordinates": [
          11.269344638620368,
          43.77518325096791
        ]
      },
      "properties": {
        "id": 450,
        "tipologiaattivita": "CAV"
      }
    },
    {
      "type": "Feature",
      "id": "v_def_strutture_ricettive_od.451",
      "geometry": {
        "type": "Point",
        "coordinates": [
          11.233061447849593,
          43.785237582844296
        ]
      },
      "properties": {
        "id": 451,
        "tipologiaattivita": "AFFITTACAMERE"
      }
    },
    {
      "type": "Feature",
      "id": "v_def_strutture_ricettive_od.452",
      "geometry": {
        "type": "Point",
        "coordinates": [
          11.258911852835388,
          43.78262082548553
        ]
      },
      "properties": {
        "id": 452,
        "tipologiaattivita": "AFFITTACAMERE"
      }
    },
    {
      "type": "Feature",
      "id": "v_def_strutture_ricettive_od.453",
      "geometry": {
        "type": "Point",
        "coordinates": [
          11.237721684065795,
          43.78803629618376
        ]
      },
      "properties": {
        "id": 453,
        "tipologiaattivita": "CAV"
      }
    },
    {
      "type": "Feature",
      "id": "v_def_strutture_ricettive_od.454",
      "geometry": {
        "type": "Point",
        "coordinates": [
          11.252426214860128,
          43.77537440963074
        ]
      },
      "properties": {
        "id": 454,
        "tipologiaattivita": "CAV"
      }
    },
    {
      "type": "Feature",
      "id": "v_def_strutture_ricettive_od.455",
      "geometry": {
        "type": "Point",
        "coordinates": [
          11.249534659528742,
          43.76586040981143
        ]
      },
      "properties": {
        "id": 455,
        "tipologiaattivita": "RESIDENZA D'EPOCA"
      }
    },
    {
      "type": "Feature",
      "id": "v_def_strutture_ricettive_od.456",
      "geometry": {
        "type": "Point",
        "coordinates": [
          11.249534659528742,
          43.76586040981143
        ]
      },
      "properties": {
        "id": 456,
        "tipologiaattivita": "RESIDENZA D'EPOCA"
      }
    },
    {
      "type": "Feature",
      "id": "v_def_strutture_ricettive_od.457",
      "geometry": {
        "type": "Point",
        "coordinates": [
          11.266103243404608,
          43.7848305978253
        ]
      },
      "properties": {
        "id": 457,
        "tipologiaattivita": "CAV"
      }
    },
    {
      "type": "Feature",
      "id": "v_def_strutture_ricettive_od.458",
      "geometry": {
        "type": "Point",
        "coordinates": [
          11.257635266297967,
          43.768294618480724
        ]
      },
      "properties": {
        "id": 458,
        "tipologiaattivita": "CAV"
      }
    },
    {
      "type": "Feature",
      "id": "v_def_strutture_ricettive_od.459",
      "geometry": {
        "type": "Point",
        "coordinates": [
          11.244176252983651,
          43.75224237132033
        ]
      },
      "properties": {
        "id": 459,
        "tipologiaattivita": "AFFITTACAMERE"
      }
    },
    {
      "type": "Feature",
      "id": "v_def_strutture_ricettive_od.460",
      "geometry": {
        "type": "Point",
        "coordinates": [
          11.273356935987682,
          43.7742107259696
        ]
      },
      "properties": {
        "id": 460,
        "tipologiaattivita": "AFFITTACAMERE"
      }
    },
    {
      "type": "Feature",
      "id": "v_def_strutture_ricettive_od.461",
      "geometry": {
        "type": "Point",
        "coordinates": [
          11.273703200015085,
          43.77407510771118
        ]
      },
      "properties": {
        "id": 461,
        "tipologiaattivita": "AFFITTACAMERE"
      }
    },
    {
      "type": "Feature",
      "id": "v_def_strutture_ricettive_od.462",
      "geometry": {
        "type": "Point",
        "coordinates": [
          11.273703200015085,
          43.77407510771118
        ]
      },
      "properties": {
        "id": 462,
        "tipologiaattivita": "AFFITTACAMERE"
      }
    },
    {
      "type": "Feature",
      "id": "v_def_strutture_ricettive_od.463",
      "geometry": {
        "type": "Point",
        "coordinates": [
          11.244609338506244,
          43.766238235460506
        ]
      },
      "properties": {
        "id": 463,
        "tipologiaattivita": "CAV"
      }
    },
    {
      "type": "Feature",
      "id": "v_def_strutture_ricettive_od.464",
      "geometry": {
        "type": "Point",
        "coordinates": [
          11.236295778587612,
          43.803133628751475
        ]
      },
      "properties": {
        "id": 464,
        "tipologiaattivita": "AFFITTACAMERE"
      }
    },
    {
      "type": "Feature",
      "id": "v_def_strutture_ricettive_od.465",
      "geometry": {
        "type": "Point",
        "coordinates": [
          11.254693478647189,
          43.77461413847944
        ]
      },
      "properties": {
        "id": 465,
        "tipologiaattivita": "AFFITTACAMERE"
      }
    },
    {
      "type": "Feature",
      "id": "v_def_strutture_ricettive_od.466",
      "geometry": {
        "type": "Point",
        "coordinates": [
          11.262833597725185,
          43.77499828804809
        ]
      },
      "properties": {
        "id": 466,
        "tipologiaattivita": "AFFITTACAMERE"
      }
    },
    {
      "type": "Feature",
      "id": "v_def_strutture_ricettive_od.467",
      "geometry": {
        "type": "Point",
        "coordinates": [
          11.262833597725185,
          43.77499828804809
        ]
      },
      "properties": {
        "id": 467,
        "tipologiaattivita": "BED AND BREAKFAST"
      }
    },
    {
      "type": "Feature",
      "id": "v_def_strutture_ricettive_od.468",
      "geometry": {
        "type": "Point",
        "coordinates": [
          11.26334995974192,
          43.7668862140163
        ]
      },
      "properties": {
        "id": 468,
        "tipologiaattivita": "AFFITTACAMERE"
      }
    },
    {
      "type": "Feature",
      "id": "v_def_strutture_ricettive_od.469",
      "geometry": {
        "type": "Point",
        "coordinates": [
          11.250401332327712,
          43.76735778578543
        ]
      },
      "properties": {
        "id": 469,
        "tipologiaattivita": "CAV"
      }
    },
    {
      "type": "Feature",
      "id": "v_def_strutture_ricettive_od.470",
      "geometry": {
        "type": "Point",
        "coordinates": [
          11.233110033978733,
          43.77115102406182
        ]
      },
      "properties": {
        "id": 470,
        "tipologiaattivita": "AFFITTACAMERE"
      }
    },
    {
      "type": "Feature",
      "id": "v_def_strutture_ricettive_od.471",
      "geometry": {
        "type": "Point",
        "coordinates": [
          11.233110033978733,
          43.77115102406182
        ]
      },
      "properties": {
        "id": 471,
        "tipologiaattivita": "BED AND BREAKFAST"
      }
    },
    {
      "type": "Feature",
      "id": "v_def_strutture_ricettive_od.472",
      "geometry": {
        "type": "Point",
        "coordinates": [
          11.262006195102497,
          43.77668171015501
        ]
      },
      "properties": {
        "id": 472,
        "tipologiaattivita": "CAV"
      }
    },
    {
      "type": "Feature",
      "id": "v_def_strutture_ricettive_od.473",
      "geometry": {
        "type": "Point",
        "coordinates": [
          11.253957089815351,
          43.77053966819748
        ]
      },
      "properties": {
        "id": 473,
        "tipologiaattivita": "ALBERGHI"
      }
    },
    {
      "type": "Feature",
      "id": "v_def_strutture_ricettive_od.474",
      "geometry": {
        "type": "Point",
        "coordinates": [
          11.25243153433377,
          43.76715143142239
        ]
      },
      "properties": {
        "id": 474,
        "tipologiaattivita": "CAV"
      }
    },
    {
      "type": "Feature",
      "id": "v_def_strutture_ricettive_od.475",
      "geometry": {
        "type": "Point",
        "coordinates": [
          11.258011663686847,
          43.77990960702874
        ]
      },
      "properties": {
        "id": 475,
        "tipologiaattivita": "BED AND BREAKFAST"
      }
    },
    {
      "type": "Feature",
      "id": "v_def_strutture_ricettive_od.476",
      "geometry": {
        "type": "Point",
        "coordinates": [
          11.251497889514765,
          43.77674529947254
        ]
      },
      "properties": {
        "id": 476,
        "tipologiaattivita": "ALBERGHI"
      }
    },
    {
      "type": "Feature",
      "id": "v_def_strutture_ricettive_od.477",
      "geometry": {
        "type": "Point",
        "coordinates": [
          11.243944886675347,
          43.77356747037709
        ]
      },
      "properties": {
        "id": 477,
        "tipologiaattivita": "AFFITTACAMERE"
      }
    },
    {
      "type": "Feature",
      "id": "v_def_strutture_ricettive_od.478",
      "geometry": {
        "type": "Point",
        "coordinates": [
          11.253532635014464,
          43.76904545459501
        ]
      },
      "properties": {
        "id": 478,
        "tipologiaattivita": "BED AND BREAKFAST"
      }
    },
    {
      "type": "Feature",
      "id": "v_def_strutture_ricettive_od.479",
      "geometry": {
        "type": "Point",
        "coordinates": [
          11.274100151575253,
          43.76380935682154
        ]
      },
      "properties": {
        "id": 479,
        "tipologiaattivita": "ALBERGHI"
      }
    },
    {
      "type": "Feature",
      "id": "v_def_strutture_ricettive_od.480",
      "geometry": {
        "type": "Point",
        "coordinates": [
          11.252272959672707,
          43.77560217381732
        ]
      },
      "properties": {
        "id": 480,
        "tipologiaattivita": "AFFITTACAMERE"
      }
    },
    {
      "type": "Feature",
      "id": "v_def_strutture_ricettive_od.481",
      "geometry": {
        "type": "Point",
        "coordinates": [
          11.245201850492764,
          43.7963891981565
        ]
      },
      "properties": {
        "id": 481,
        "tipologiaattivita": "AFFITTACAMERE"
      }
    },
    {
      "type": "Feature",
      "id": "v_def_strutture_ricettive_od.482",
      "geometry": {
        "type": "Point",
        "coordinates": [
          11.251235559235766,
          43.77039848816088
        ]
      },
      "properties": {
        "id": 482,
        "tipologiaattivita": "ALBERGHI"
      }
    },
    {
      "type": "Feature",
      "id": "v_def_strutture_ricettive_od.483",
      "geometry": {
        "type": "Point",
        "coordinates": [
          11.25456683373985,
          43.76912629231869
        ]
      },
      "properties": {
        "id": 483,
        "tipologiaattivita": "CAV"
      }
    },
    {
      "type": "Feature",
      "id": "v_def_strutture_ricettive_od.484",
      "geometry": {
        "type": "Point",
        "coordinates": [
          11.257006803269922,
          43.77370777045777
        ]
      },
      "properties": {
        "id": 484,
        "tipologiaattivita": "RESIDENZA D'EPOCA"
      }
    },
    {
      "type": "Feature",
      "id": "v_def_strutture_ricettive_od.485",
      "geometry": {
        "type": "Point",
        "coordinates": [
          11.257006803269922,
          43.77370777045777
        ]
      },
      "properties": {
        "id": 485,
        "tipologiaattivita": "CAV"
      }
    },
    {
      "type": "Feature",
      "id": "v_def_strutture_ricettive_od.486",
      "geometry": {
        "type": "Point",
        "coordinates": [
          11.257285413066409,
          43.7768568421525
        ]
      },
      "properties": {
        "id": 486,
        "tipologiaattivita": "AFFITTACAMERE"
      }
    },
    {
      "type": "Feature",
      "id": "v_def_strutture_ricettive_od.487",
      "geometry": {
        "type": "Point",
        "coordinates": [
          11.257285413066409,
          43.7768568421525
        ]
      },
      "properties": {
        "id": 487,
        "tipologiaattivita": "CAV"
      }
    },
    {
      "type": "Feature",
      "id": "v_def_strutture_ricettive_od.488",
      "geometry": {
        "type": "Point",
        "coordinates": [
          11.257285413066409,
          43.7768568421525
        ]
      },
      "properties": {
        "id": 488,
        "tipologiaattivita": "AFFITTACAMERE"
      }
    },
    {
      "type": "Feature",
      "id": "v_def_strutture_ricettive_od.489",
      "geometry": {
        "type": "Point",
        "coordinates": [
          11.257285413066409,
          43.7768568421525
        ]
      },
      "properties": {
        "id": 489,
        "tipologiaattivita": "BED AND BREAKFAST"
      }
    },
    {
      "type": "Feature",
      "id": "v_def_strutture_ricettive_od.490",
      "geometry": {
        "type": "Point",
        "coordinates": [
          11.270041821603368,
          43.79445138845375
        ]
      },
      "properties": {
        "id": 490,
        "tipologiaattivita": "AFFITTACAMERE"
      }
    },
    {
      "type": "Feature",
      "id": "v_def_strutture_ricettive_od.491",
      "geometry": {
        "type": "Point",
        "coordinates": [
          11.266140290708352,
          43.77139348203923
        ]
      },
      "properties": {
        "id": 491,
        "tipologiaattivita": "CAV"
      }
    },
    {
      "type": "Feature",
      "id": "v_def_strutture_ricettive_od.492",
      "geometry": {
        "type": "Point",
        "coordinates": [
          11.25654899713712,
          43.771451443709296
        ]
      },
      "properties": {
        "id": 492,
        "tipologiaattivita": "CAV"
      }
    },
    {
      "type": "Feature",
      "id": "v_def_strutture_ricettive_od.493",
      "geometry": {
        "type": "Point",
        "coordinates": [
          11.254773422138873,
          43.774147204404066
        ]
      },
      "properties": {
        "id": 493,
        "tipologiaattivita": "CAV"
      }
    },
    {
      "type": "Feature",
      "id": "v_def_strutture_ricettive_od.494",
      "geometry": {
        "type": "Point",
        "coordinates": [
          11.259318563877542,
          43.78446489661789
        ]
      },
      "properties": {
        "id": 494,
        "tipologiaattivita": "CAV"
      }
    },
    {
      "type": "Feature",
      "id": "v_def_strutture_ricettive_od.495",
      "geometry": {
        "type": "Point",
        "coordinates": [
          11.25379839013184,
          43.77626186380921
        ]
      },
      "properties": {
        "id": 495,
        "tipologiaattivita": "AFFITTACAMERE"
      }
    },
    {
      "type": "Feature",
      "id": "v_def_strutture_ricettive_od.496",
      "geometry": {
        "type": "Point",
        "coordinates": [
          11.25379839013184,
          43.77626186380921
        ]
      },
      "properties": {
        "id": 496,
        "tipologiaattivita": "ALBERGHI"
      }
    },
    {
      "type": "Feature",
      "id": "v_def_strutture_ricettive_od.497",
      "geometry": {
        "type": "Point",
        "coordinates": [
          11.25379839013184,
          43.77626186380921
        ]
      },
      "properties": {
        "id": 497,
        "tipologiaattivita": "BED AND BREAKFAST"
      }
    },
    {
      "type": "Feature",
      "id": "v_def_strutture_ricettive_od.498",
      "geometry": {
        "type": "Point",
        "coordinates": [
          11.281015155578375,
          43.77097390532243
        ]
      },
      "properties": {
        "id": 498,
        "tipologiaattivita": "BED AND BREAKFAST"
      }
    },
    {
      "type": "Feature",
      "id": "v_def_strutture_ricettive_od.499",
      "geometry": {
        "type": "Point",
        "coordinates": [
          11.2458387974284,
          43.776916660916555
        ]
      },
      "properties": {
        "id": 499,
        "tipologiaattivita": "ALBERGHI"
      }
    },
    {
      "type": "Feature",
      "id": "v_def_strutture_ricettive_od.500",
      "geometry": {
        "type": "Point",
        "coordinates": [
          11.252067038347292,
          43.77593206763809
        ]
      },
      "properties": {
        "id": 500,
        "tipologiaattivita": "CAV"
      }
    },
    {
      "type": "Feature",
      "id": "v_def_strutture_ricettive_od.501",
      "geometry": {
        "type": "Point",
        "coordinates": [
          11.260050088601554,
          43.767425518279346
        ]
      },
      "properties": {
        "id": 501,
        "tipologiaattivita": "AFFITTACAMERE"
      }
    },
    {
      "type": "Feature",
      "id": "v_def_strutture_ricettive_od.502",
      "geometry": {
        "type": "Point",
        "coordinates": [
          11.260050088601554,
          43.767425518279346
        ]
      },
      "properties": {
        "id": 502,
        "tipologiaattivita": "CAV"
      }
    },
    {
      "type": "Feature",
      "id": "v_def_strutture_ricettive_od.503",
      "geometry": {
        "type": "Point",
        "coordinates": [
          11.25255882271433,
          43.77795310577658
        ]
      },
      "properties": {
        "id": 503,
        "tipologiaattivita": "AFFITTACAMERE"
      }
    },
    {
      "type": "Feature",
      "id": "v_def_strutture_ricettive_od.504",
      "geometry": {
        "type": "Point",
        "coordinates": [
          11.263726019151429,
          43.784083687597764
        ]
      },
      "properties": {
        "id": 504,
        "tipologiaattivita": "CAV"
      }
    },
    {
      "type": "Feature",
      "id": "v_def_strutture_ricettive_od.505",
      "geometry": {
        "type": "Point",
        "coordinates": [
          11.244566640039155,
          43.779370927796016
        ]
      },
      "properties": {
        "id": 505,
        "tipologiaattivita": "CAV"
      }
    },
    {
      "type": "Feature",
      "id": "v_def_strutture_ricettive_od.506",
      "geometry": {
        "type": "Point",
        "coordinates": [
          11.244566640039155,
          43.779370927796016
        ]
      },
      "properties": {
        "id": 506,
        "tipologiaattivita": "BED AND BREAKFAST"
      }
    },
    {
      "type": "Feature",
      "id": "v_def_strutture_ricettive_od.507",
      "geometry": {
        "type": "Point",
        "coordinates": [
          11.244872848284349,
          43.772935542570664
        ]
      },
      "properties": {
        "id": 507,
        "tipologiaattivita": "RESIDENZA D'EPOCA"
      }
    },
    {
      "type": "Feature",
      "id": "v_def_strutture_ricettive_od.508",
      "geometry": {
        "type": "Point",
        "coordinates": [
          11.25476263970334,
          43.779622519826454
        ]
      },
      "properties": {
        "id": 508,
        "tipologiaattivita": "ALBERGHI"
      }
    },
    {
      "type": "Feature",
      "id": "v_def_strutture_ricettive_od.509",
      "geometry": {
        "type": "Point",
        "coordinates": [
          11.257970403368901,
          43.776121317234214
        ]
      },
      "properties": {
        "id": 509,
        "tipologiaattivita": "BED AND BREAKFAST"
      }
    },
    {
      "type": "Feature",
      "id": "v_def_strutture_ricettive_od.510",
      "geometry": {
        "type": "Point",
        "coordinates": [
          11.257970403368901,
          43.776121317234214
        ]
      },
      "properties": {
        "id": 510,
        "tipologiaattivita": "AFFITTACAMERE"
      }
    },
    {
      "type": "Feature",
      "id": "v_def_strutture_ricettive_od.511",
      "geometry": {
        "type": "Point",
        "coordinates": [
          11.222585407131481,
          43.77191087484654
        ]
      },
      "properties": {
        "id": 511,
        "tipologiaattivita": "BED AND BREAKFAST"
      }
    },
    {
      "type": "Feature",
      "id": "v_def_strutture_ricettive_od.512",
      "geometry": {
        "type": "Point",
        "coordinates": [
          11.260393840772986,
          43.78456231147014
        ]
      },
      "properties": {
        "id": 512,
        "tipologiaattivita": "ALBERGHI"
      }
    },
    {
      "type": "Feature",
      "id": "v_def_strutture_ricettive_od.513",
      "geometry": {
        "type": "Point",
        "coordinates": [
          11.256552848745157,
          43.77771439036795
        ]
      },
      "properties": {
        "id": 513,
        "tipologiaattivita": "ALBERGHI"
      }
    },
    {
      "type": "Feature",
      "id": "v_def_strutture_ricettive_od.514",
      "geometry": {
        "type": "Point",
        "coordinates": [
          11.251287448347478,
          43.77105762912388
        ]
      },
      "properties": {
        "id": 514,
        "tipologiaattivita": "RESIDENZA D'EPOCA"
      }
    },
    {
      "type": "Feature",
      "id": "v_def_strutture_ricettive_od.515",
      "geometry": {
        "type": "Point",
        "coordinates": [
          11.256231287401738,
          43.78028571892516
        ]
      },
      "properties": {
        "id": 515,
        "tipologiaattivita": "CAV"
      }
    },
    {
      "type": "Feature",
      "id": "v_def_strutture_ricettive_od.516",
      "geometry": {
        "type": "Point",
        "coordinates": [
          11.254656795605925,
          43.78554778410357
        ]
      },
      "properties": {
        "id": 516,
        "tipologiaattivita": "AFFITTACAMERE"
      }
    },
    {
      "type": "Feature",
      "id": "v_def_strutture_ricettive_od.517",
      "geometry": {
        "type": "Point",
        "coordinates": [
          11.245114845966967,
          43.742844658360504
        ]
      },
      "properties": {
        "id": 517,
        "tipologiaattivita": "BED AND BREAKFAST"
      }
    },
    {
      "type": "Feature",
      "id": "v_def_strutture_ricettive_od.518",
      "geometry": {
        "type": "Point",
        "coordinates": [
          11.272666114659616,
          43.783897955932325
        ]
      },
      "properties": {
        "id": 518,
        "tipologiaattivita": "ALBERGHI"
      }
    },
    {
      "type": "Feature",
      "id": "v_def_strutture_ricettive_od.519",
      "geometry": {
        "type": "Point",
        "coordinates": [
          11.262053602997767,
          43.770890551180955
        ]
      },
      "properties": {
        "id": 519,
        "tipologiaattivita": "BED AND BREAKFAST"
      }
    },
    {
      "type": "Feature",
      "id": "v_def_strutture_ricettive_od.520",
      "geometry": {
        "type": "Point",
        "coordinates": [
          11.246716333540975,
          43.77163877877986
        ]
      },
      "properties": {
        "id": 520,
        "tipologiaattivita": "CAV"
      }
    },
    {
      "type": "Feature",
      "id": "v_def_strutture_ricettive_od.521",
      "geometry": {
        "type": "Point",
        "coordinates": [
          11.249713556014724,
          43.77257453942139
        ]
      },
      "properties": {
        "id": 521,
        "tipologiaattivita": "BED AND BREAKFAST"
      }
    },
    {
      "type": "Feature",
      "id": "v_def_strutture_ricettive_od.522",
      "geometry": {
        "type": "Point",
        "coordinates": [
          11.253335176849207,
          43.76875948921637
        ]
      },
      "properties": {
        "id": 522,
        "tipologiaattivita": "ALBERGHI"
      }
    },
    {
      "type": "Feature",
      "id": "v_def_strutture_ricettive_od.523",
      "geometry": {
        "type": "Point",
        "coordinates": [
          11.206105051934292,
          43.797247225388126
        ]
      },
      "properties": {
        "id": 523,
        "tipologiaattivita": "ALBERGHI"
      }
    },
    {
      "type": "Feature",
      "id": "v_def_strutture_ricettive_od.524",
      "geometry": {
        "type": "Point",
        "coordinates": [
          11.25014777700284,
          43.76612265962303
        ]
      },
      "properties": {
        "id": 524,
        "tipologiaattivita": "RESIDENZA D'EPOCA"
      }
    },
    {
      "type": "Feature",
      "id": "v_def_strutture_ricettive_od.525",
      "geometry": {
        "type": "Point",
        "coordinates": [
          11.231779961427632,
          43.730546937690626
        ]
      },
      "properties": {
        "id": 525,
        "tipologiaattivita": "CAV"
      }
    },
    {
      "type": "Feature",
      "id": "v_def_strutture_ricettive_od.526",
      "geometry": {
        "type": "Point",
        "coordinates": [
          11.231779961427632,
          43.730546937690626
        ]
      },
      "properties": {
        "id": 526,
        "tipologiaattivita": "BED AND BREAKFAST"
      }
    },
    {
      "type": "Feature",
      "id": "v_def_strutture_ricettive_od.527",
      "geometry": {
        "type": "Point",
        "coordinates": [
          11.319931198344566,
          43.78300584007619
        ]
      },
      "properties": {
        "id": 527,
        "tipologiaattivita": "CAV"
      }
    },
    {
      "type": "Feature",
      "id": "v_def_strutture_ricettive_od.528",
      "geometry": {
        "type": "Point",
        "coordinates": [
          11.251449317467646,
          43.77349756398888
        ]
      },
      "properties": {
        "id": 528,
        "tipologiaattivita": "ALBERGHI"
      }
    },
    {
      "type": "Feature",
      "id": "v_def_strutture_ricettive_od.529",
      "geometry": {
        "type": "Point",
        "coordinates": [
          11.270181200237285,
          43.777834307762866
        ]
      },
      "properties": {
        "id": 529,
        "tipologiaattivita": "AFFITTACAMERE"
      }
    },
    {
      "type": "Feature",
      "id": "v_def_strutture_ricettive_od.530",
      "geometry": {
        "type": "Point",
        "coordinates": [
          11.256296324752771,
          43.77380707031647
        ]
      },
      "properties": {
        "id": 530,
        "tipologiaattivita": "CAV"
      }
    },
    {
      "type": "Feature",
      "id": "v_def_strutture_ricettive_od.531",
      "geometry": {
        "type": "Point",
        "coordinates": [
          11.256526638321924,
          43.77215566063412
        ]
      },
      "properties": {
        "id": 531,
        "tipologiaattivita": "CAV"
      }
    },
    {
      "type": "Feature",
      "id": "v_def_strutture_ricettive_od.532",
      "geometry": {
        "type": "Point",
        "coordinates": [
          11.243964201601585,
          43.780935408492454
        ]
      },
      "properties": {
        "id": 532,
        "tipologiaattivita": "CASE PER FERIE"
      }
    },
    {
      "type": "Feature",
      "id": "v_def_strutture_ricettive_od.533",
      "geometry": {
        "type": "Point",
        "coordinates": [
          11.227069325149992,
          43.78747828510887
        ]
      },
      "properties": {
        "id": 533,
        "tipologiaattivita": "CAV"
      }
    },
    {
      "type": "Feature",
      "id": "v_def_strutture_ricettive_od.534",
      "geometry": {
        "type": "Point",
        "coordinates": [
          11.252784292068315,
          43.780460882481435
        ]
      },
      "properties": {
        "id": 534,
        "tipologiaattivita": "AFFITTACAMERE"
      }
    },
    {
      "type": "Feature",
      "id": "v_def_strutture_ricettive_od.535",
      "geometry": {
        "type": "Point",
        "coordinates": [
          11.249202840206804,
          43.77206974341828
        ]
      },
      "properties": {
        "id": 535,
        "tipologiaattivita": "RESIDENZA D'EPOCA"
      }
    },
    {
      "type": "Feature",
      "id": "v_def_strutture_ricettive_od.536",
      "geometry": {
        "type": "Point",
        "coordinates": [
          11.249202840206804,
          43.77206974341828
        ]
      },
      "properties": {
        "id": 536,
        "tipologiaattivita": "CAV"
      }
    },
    {
      "type": "Feature",
      "id": "v_def_strutture_ricettive_od.537",
      "geometry": {
        "type": "Point",
        "coordinates": [
          11.244680389178434,
          43.777872271025544
        ]
      },
      "properties": {
        "id": 537,
        "tipologiaattivita": "BED AND BREAKFAST"
      }
    },
    {
      "type": "Feature",
      "id": "v_def_strutture_ricettive_od.538",
      "geometry": {
        "type": "Point",
        "coordinates": [
          11.226376698270544,
          43.73670820015178
        ]
      },
      "properties": {
        "id": 538,
        "tipologiaattivita": "AFFITTACAMERE"
      }
    },
    {
      "type": "Feature",
      "id": "v_def_strutture_ricettive_od.539",
      "geometry": {
        "type": "Point",
        "coordinates": [
          11.257410718896692,
          43.7799916714731
        ]
      },
      "properties": {
        "id": 539,
        "tipologiaattivita": "BED AND BREAKFAST"
      }
    },
    {
      "type": "Feature",
      "id": "v_def_strutture_ricettive_od.540",
      "geometry": {
        "type": "Point",
        "coordinates": [
          11.250549382767584,
          43.7743311099631
        ]
      },
      "properties": {
        "id": 540,
        "tipologiaattivita": "ALBERGHI"
      }
    },
    {
      "type": "Feature",
      "id": "v_def_strutture_ricettive_od.541",
      "geometry": {
        "type": "Point",
        "coordinates": [
          11.261343198648538,
          43.76990789653746
        ]
      },
      "properties": {
        "id": 541,
        "tipologiaattivita": "AFFITTACAMERE"
      }
    },
    {
      "type": "Feature",
      "id": "v_def_strutture_ricettive_od.542",
      "geometry": {
        "type": "Point",
        "coordinates": [
          11.261343198648538,
          43.76990789653746
        ]
      },
      "properties": {
        "id": 542,
        "tipologiaattivita": "CAV"
      }
    },
    {
      "type": "Feature",
      "id": "v_def_strutture_ricettive_od.543",
      "geometry": {
        "type": "Point",
        "coordinates": [
          11.24655488193401,
          43.7742464602089
        ]
      },
      "properties": {
        "id": 543,
        "tipologiaattivita": "CAV"
      }
    },
    {
      "type": "Feature",
      "id": "v_def_strutture_ricettive_od.544",
      "geometry": {
        "type": "Point",
        "coordinates": [
          11.259343707546174,
          43.77478103141871
        ]
      },
      "properties": {
        "id": 544,
        "tipologiaattivita": "CAV"
      }
    },
    {
      "type": "Feature",
      "id": "v_def_strutture_ricettive_od.545",
      "geometry": {
        "type": "Point",
        "coordinates": [
          11.242532649271805,
          43.77427235492036
        ]
      },
      "properties": {
        "id": 545,
        "tipologiaattivita": "ALBERGHI"
      }
    },
    {
      "type": "Feature",
      "id": "v_def_strutture_ricettive_od.546",
      "geometry": {
        "type": "Point",
        "coordinates": [
          11.26082278117802,
          43.82268286867381
        ]
      },
      "properties": {
        "id": 546,
        "tipologiaattivita": "CAV"
      }
    },
    {
      "type": "Feature",
      "id": "v_def_strutture_ricettive_od.547",
      "geometry": {
        "type": "Point",
        "coordinates": [
          11.25154864290484,
          43.7741879185841
        ]
      },
      "properties": {
        "id": 547,
        "tipologiaattivita": "ALBERGHI"
      }
    },
    {
      "type": "Feature",
      "id": "v_def_strutture_ricettive_od.548",
      "geometry": {
        "type": "Point",
        "coordinates": [
          11.24802708056013,
          43.765264530424076
        ]
      },
      "properties": {
        "id": 548,
        "tipologiaattivita": "RESIDENZA D'EPOCA"
      }
    },
    {
      "type": "Feature",
      "id": "v_def_strutture_ricettive_od.549",
      "geometry": {
        "type": "Point",
        "coordinates": [
          11.24802708056013,
          43.765264530424076
        ]
      },
      "properties": {
        "id": 549,
        "tipologiaattivita": "RESIDENZA D'EPOCA"
      }
    },
    {
      "type": "Feature",
      "id": "v_def_strutture_ricettive_od.550",
      "geometry": {
        "type": "Point",
        "coordinates": [
          11.24802708056013,
          43.765264530424076
        ]
      },
      "properties": {
        "id": 550,
        "tipologiaattivita": "CAV"
      }
    },
    {
      "type": "Feature",
      "id": "v_def_strutture_ricettive_od.551",
      "geometry": {
        "type": "Point",
        "coordinates": [
          11.255858339902302,
          43.779816225065225
        ]
      },
      "properties": {
        "id": 551,
        "tipologiaattivita": "AFFITTACAMERE"
      }
    },
    {
      "type": "Feature",
      "id": "v_def_strutture_ricettive_od.552",
      "geometry": {
        "type": "Point",
        "coordinates": [
          11.243760147718632,
          43.7731916806322
        ]
      },
      "properties": {
        "id": 552,
        "tipologiaattivita": "ALBERGHI"
      }
    },
    {
      "type": "Feature",
      "id": "v_def_strutture_ricettive_od.553",
      "geometry": {
        "type": "Point",
        "coordinates": [
          11.205602988330202,
          43.778995750598604
        ]
      },
      "properties": {
        "id": 553,
        "tipologiaattivita": "AFFITTACAMERE"
      }
    },
    {
      "type": "Feature",
      "id": "v_def_strutture_ricettive_od.554",
      "geometry": {
        "type": "Point",
        "coordinates": [
          11.244518459472562,
          43.766277397521826
        ]
      },
      "properties": {
        "id": 554,
        "tipologiaattivita": "CAV"
      }
    },
    {
      "type": "Feature",
      "id": "v_def_strutture_ricettive_od.555",
      "geometry": {
        "type": "Point",
        "coordinates": [
          11.244518459472562,
          43.766277397521826
        ]
      },
      "properties": {
        "id": 555,
        "tipologiaattivita": "CAV"
      }
    },
    {
      "type": "Feature",
      "id": "v_def_strutture_ricettive_od.556",
      "geometry": {
        "type": "Point",
        "coordinates": [
          11.268446407784376,
          43.76878093379186
        ]
      },
      "properties": {
        "id": 556,
        "tipologiaattivita": "CAV"
      }
    },
    {
      "type": "Feature",
      "id": "v_def_strutture_ricettive_od.557",
      "geometry": {
        "type": "Point",
        "coordinates": [
          11.2614935481835,
          43.783286961347095
        ]
      },
      "properties": {
        "id": 557,
        "tipologiaattivita": "CAV"
      }
    },
    {
      "type": "Feature",
      "id": "v_def_strutture_ricettive_od.558",
      "geometry": {
        "type": "Point",
        "coordinates": [
          11.25820466047922,
          43.77250443925433
        ]
      },
      "properties": {
        "id": 558,
        "tipologiaattivita": "BED AND BREAKFAST"
      }
    },
    {
      "type": "Feature",
      "id": "v_def_strutture_ricettive_od.559",
      "geometry": {
        "type": "Point",
        "coordinates": [
          11.257367755068042,
          43.78073568464092
        ]
      },
      "properties": {
        "id": 559,
        "tipologiaattivita": "CAV"
      }
    },
    {
      "type": "Feature",
      "id": "v_def_strutture_ricettive_od.560",
      "geometry": {
        "type": "Point",
        "coordinates": [
          11.257288119967523,
          43.76899957347107
        ]
      },
      "properties": {
        "id": 560,
        "tipologiaattivita": "AFFITTACAMERE"
      }
    },
    {
      "type": "Feature",
      "id": "v_def_strutture_ricettive_od.561",
      "geometry": {
        "type": "Point",
        "coordinates": [
          11.27380619842343,
          43.78624952248594
        ]
      },
      "properties": {
        "id": 561,
        "tipologiaattivita": "AFFITTACAMERE"
      }
    },
    {
      "type": "Feature",
      "id": "v_def_strutture_ricettive_od.562",
      "geometry": {
        "type": "Point",
        "coordinates": [
          11.257039060669518,
          43.739688844597964
        ]
      },
      "properties": {
        "id": 562,
        "tipologiaattivita": "BED AND BREAKFAST"
      }
    },
    {
      "type": "Feature",
      "id": "v_def_strutture_ricettive_od.563",
      "geometry": {
        "type": "Point",
        "coordinates": [
          11.285553410876194,
          43.82493025866252
        ]
      },
      "properties": {
        "id": 563,
        "tipologiaattivita": "AGRITURISMO"
      }
    },
    {
      "type": "Feature",
      "id": "v_def_strutture_ricettive_od.564",
      "geometry": {
        "type": "Point",
        "coordinates": [
          11.244161685820014,
          43.763024270755174
        ]
      },
      "properties": {
        "id": 564,
        "tipologiaattivita": "ALBERGHI"
      }
    },
    {
      "type": "Feature",
      "id": "v_def_strutture_ricettive_od.565",
      "geometry": {
        "type": "Point",
        "coordinates": [
          11.270264044443005,
          43.77774197166631
        ]
      },
      "properties": {
        "id": 565,
        "tipologiaattivita": "CAV"
      }
    },
    {
      "type": "Feature",
      "id": "v_def_strutture_ricettive_od.566",
      "geometry": {
        "type": "Point",
        "coordinates": [
          11.243756072411564,
          43.7697015832444
        ]
      },
      "properties": {
        "id": 566,
        "tipologiaattivita": "CAV"
      }
    },
    {
      "type": "Feature",
      "id": "v_def_strutture_ricettive_od.567",
      "geometry": {
        "type": "Point",
        "coordinates": [
          11.25813252556468,
          43.770882959506146
        ]
      },
      "properties": {
        "id": 567,
        "tipologiaattivita": "AFFITTACAMERE"
      }
    },
    {
      "type": "Feature",
      "id": "v_def_strutture_ricettive_od.568",
      "geometry": {
        "type": "Point",
        "coordinates": [
          11.248650646067512,
          43.76634938830783
        ]
      },
      "properties": {
        "id": 568,
        "tipologiaattivita": "AFFITTACAMERE"
      }
    },
    {
      "type": "Feature",
      "id": "v_def_strutture_ricettive_od.569",
      "geometry": {
        "type": "Point",
        "coordinates": [
          11.25795642820995,
          43.767252055383054
        ]
      },
      "properties": {
        "id": 569,
        "tipologiaattivita": "ALBERGHI"
      }
    },
    {
      "type": "Feature",
      "id": "v_def_strutture_ricettive_od.570",
      "geometry": {
        "type": "Point",
        "coordinates": [
          11.256606038019335,
          43.7721456623864
        ]
      },
      "properties": {
        "id": 570,
        "tipologiaattivita": "CAV"
      }
    },
    {
      "type": "Feature",
      "id": "v_def_strutture_ricettive_od.571",
      "geometry": {
        "type": "Point",
        "coordinates": [
          11.256606038019335,
          43.7721456623864
        ]
      },
      "properties": {
        "id": 571,
        "tipologiaattivita": "CAV"
      }
    },
    {
      "type": "Feature",
      "id": "v_def_strutture_ricettive_od.572",
      "geometry": {
        "type": "Point",
        "coordinates": [
          11.264360597228507,
          43.772938641432326
        ]
      },
      "properties": {
        "id": 572,
        "tipologiaattivita": "CAV"
      }
    },
    {
      "type": "Feature",
      "id": "v_def_strutture_ricettive_od.573",
      "geometry": {
        "type": "Point",
        "coordinates": [
          11.25949141741878,
          43.77943571613944
        ]
      },
      "properties": {
        "id": 573,
        "tipologiaattivita": "ALBERGHI"
      }
    },
    {
      "type": "Feature",
      "id": "v_def_strutture_ricettive_od.574",
      "geometry": {
        "type": "Point",
        "coordinates": [
          11.253483408019045,
          43.76714164219879
        ]
      },
      "properties": {
        "id": 574,
        "tipologiaattivita": "CAV"
      }
    },
    {
      "type": "Feature",
      "id": "v_def_strutture_ricettive_od.575",
      "geometry": {
        "type": "Point",
        "coordinates": [
          11.253483408019045,
          43.76714164219879
        ]
      },
      "properties": {
        "id": 575,
        "tipologiaattivita": "AFFITTACAMERE"
      }
    },
    {
      "type": "Feature",
      "id": "v_def_strutture_ricettive_od.576",
      "geometry": {
        "type": "Point",
        "coordinates": [
          11.257423477226036,
          43.775409697914235
        ]
      },
      "properties": {
        "id": 576,
        "tipologiaattivita": "AFFITTACAMERE"
      }
    },
    {
      "type": "Feature",
      "id": "v_def_strutture_ricettive_od.577",
      "geometry": {
        "type": "Point",
        "coordinates": [
          11.257423477226036,
          43.775409697914235
        ]
      },
      "properties": {
        "id": 577,
        "tipologiaattivita": "BED AND BREAKFAST"
      }
    },
    {
      "type": "Feature",
      "id": "v_def_strutture_ricettive_od.578",
      "geometry": {
        "type": "Point",
        "coordinates": [
          11.262879108319204,
          43.77624414672918
        ]
      },
      "properties": {
        "id": 578,
        "tipologiaattivita": "ALBERGHI"
      }
    },
    {
      "type": "Feature",
      "id": "v_def_strutture_ricettive_od.579",
      "geometry": {
        "type": "Point",
        "coordinates": [
          11.260179378448129,
          43.7686468170328
        ]
      },
      "properties": {
        "id": 579,
        "tipologiaattivita": "BED AND BREAKFAST"
      }
    },
    {
      "type": "Feature",
      "id": "v_def_strutture_ricettive_od.580",
      "geometry": {
        "type": "Point",
        "coordinates": [
          11.239042892043573,
          43.78042232725927
        ]
      },
      "properties": {
        "id": 580,
        "tipologiaattivita": "AFFITTACAMERE"
      }
    },
    {
      "type": "Feature",
      "id": "v_def_strutture_ricettive_od.581",
      "geometry": {
        "type": "Point",
        "coordinates": [
          11.251605670134701,
          43.76958220926487
        ]
      },
      "properties": {
        "id": 581,
        "tipologiaattivita": "ALBERGHI"
      }
    },
    {
      "type": "Feature",
      "id": "v_def_strutture_ricettive_od.582",
      "geometry": {
        "type": "Point",
        "coordinates": [
          11.255668944682744,
          43.77405964663574
        ]
      },
      "properties": {
        "id": 582,
        "tipologiaattivita": "AFFITTACAMERE"
      }
    },
    {
      "type": "Feature",
      "id": "v_def_strutture_ricettive_od.583",
      "geometry": {
        "type": "Point",
        "coordinates": [
          11.255668944682744,
          43.77405964663574
        ]
      },
      "properties": {
        "id": 583,
        "tipologiaattivita": "AFFITTACAMERE"
      }
    },
    {
      "type": "Feature",
      "id": "v_def_strutture_ricettive_od.584",
      "geometry": {
        "type": "Point",
        "coordinates": [
          11.255668944682744,
          43.77405964663574
        ]
      },
      "properties": {
        "id": 584,
        "tipologiaattivita": "CAV"
      }
    },
    {
      "type": "Feature",
      "id": "v_def_strutture_ricettive_od.585",
      "geometry": {
        "type": "Point",
        "coordinates": [
          11.255971373189547,
          43.7798176964775
        ]
      },
      "properties": {
        "id": 585,
        "tipologiaattivita": "AFFITTACAMERE"
      }
    },
    {
      "type": "Feature",
      "id": "v_def_strutture_ricettive_od.586",
      "geometry": {
        "type": "Point",
        "coordinates": [
          11.2667955803944,
          43.77138400798214
        ]
      },
      "properties": {
        "id": 586,
        "tipologiaattivita": "CAV"
      }
    },
    {
      "type": "Feature",
      "id": "v_def_strutture_ricettive_od.587",
      "geometry": {
        "type": "Point",
        "coordinates": [
          11.243282816251401,
          43.772863691922275
        ]
      },
      "properties": {
        "id": 587,
        "tipologiaattivita": "AFFITTACAMERE"
      }
    },
    {
      "type": "Feature",
      "id": "v_def_strutture_ricettive_od.588",
      "geometry": {
        "type": "Point",
        "coordinates": [
          11.263155392486459,
          43.769115147347506
        ]
      },
      "properties": {
        "id": 588,
        "tipologiaattivita": "BED AND BREAKFAST"
      }
    },
    {
      "type": "Feature",
      "id": "v_def_strutture_ricettive_od.589",
      "geometry": {
        "type": "Point",
        "coordinates": [
          11.252694414202708,
          43.77295198363306
        ]
      },
      "properties": {
        "id": 589,
        "tipologiaattivita": "BED AND BREAKFAST"
      }
    },
    {
      "type": "Feature",
      "id": "v_def_strutture_ricettive_od.590",
      "geometry": {
        "type": "Point",
        "coordinates": [
          11.246419421080875,
          43.776335609692744
        ]
      },
      "properties": {
        "id": 590,
        "tipologiaattivita": "AFFITTACAMERE"
      }
    },
    {
      "type": "Feature",
      "id": "v_def_strutture_ricettive_od.591",
      "geometry": {
        "type": "Point",
        "coordinates": [
          11.246419421080875,
          43.776335609692744
        ]
      },
      "properties": {
        "id": 591,
        "tipologiaattivita": "AFFITTACAMERE"
      }
    },
    {
      "type": "Feature",
      "id": "v_def_strutture_ricettive_od.592",
      "geometry": {
        "type": "Point",
        "coordinates": [
          11.246419421080875,
          43.776335609692744
        ]
      },
      "properties": {
        "id": 592,
        "tipologiaattivita": "CAV"
      }
    },
    {
      "type": "Feature",
      "id": "v_def_strutture_ricettive_od.593",
      "geometry": {
        "type": "Point",
        "coordinates": [
          11.25091406560532,
          43.77791958015128
        ]
      },
      "properties": {
        "id": 593,
        "tipologiaattivita": "ALBERGHI"
      }
    },
    {
      "type": "Feature",
      "id": "v_def_strutture_ricettive_od.594",
      "geometry": {
        "type": "Point",
        "coordinates": [
          11.25355468077404,
          43.767203557047054
        ]
      },
      "properties": {
        "id": 594,
        "tipologiaattivita": "CAV"
      }
    },
    {
      "type": "Feature",
      "id": "v_def_strutture_ricettive_od.595",
      "geometry": {
        "type": "Point",
        "coordinates": [
          11.263324338906461,
          43.76493720390477
        ]
      },
      "properties": {
        "id": 595,
        "tipologiaattivita": "RESIDENCE"
      }
    },
    {
      "type": "Feature",
      "id": "v_def_strutture_ricettive_od.596",
      "geometry": {
        "type": "Point",
        "coordinates": [
          11.243246220492969,
          43.77405679713982
        ]
      },
      "properties": {
        "id": 596,
        "tipologiaattivita": "AFFITTACAMERE"
      }
    },
    {
      "type": "Feature",
      "id": "v_def_strutture_ricettive_od.597",
      "geometry": {
        "type": "Point",
        "coordinates": [
          11.243246220492969,
          43.77405679713982
        ]
      },
      "properties": {
        "id": 597,
        "tipologiaattivita": "ALBERGHI"
      }
    },
    {
      "type": "Feature",
      "id": "v_def_strutture_ricettive_od.598",
      "geometry": {
        "type": "Point",
        "coordinates": [
          11.243504062765597,
          43.7626777973085
        ]
      },
      "properties": {
        "id": 598,
        "tipologiaattivita": "CAV"
      }
    },
    {
      "type": "Feature",
      "id": "v_def_strutture_ricettive_od.599",
      "geometry": {
        "type": "Point",
        "coordinates": [
          11.293877965420773,
          43.77478200670908
        ]
      },
      "properties": {
        "id": 599,
        "tipologiaattivita": "BED AND BREAKFAST"
      }
    },
    {
      "type": "Feature",
      "id": "v_def_strutture_ricettive_od.600",
      "geometry": {
        "type": "Point",
        "coordinates": [
          11.243200725155816,
          43.77715751364258
        ]
      },
      "properties": {
        "id": 600,
        "tipologiaattivita": "CAV"
      }
    },
    {
      "type": "Feature",
      "id": "v_def_strutture_ricettive_od.601",
      "geometry": {
        "type": "Point",
        "coordinates": [
          11.284127828349087,
          43.76786497886853
        ]
      },
      "properties": {
        "id": 601,
        "tipologiaattivita": "BED AND BREAKFAST"
      }
    },
    {
      "type": "Feature",
      "id": "v_def_strutture_ricettive_od.602",
      "geometry": {
        "type": "Point",
        "coordinates": [
          11.247152283135318,
          43.784236650802995
        ]
      },
      "properties": {
        "id": 602,
        "tipologiaattivita": "CAV"
      }
    },
    {
      "type": "Feature",
      "id": "v_def_strutture_ricettive_od.603",
      "geometry": {
        "type": "Point",
        "coordinates": [
          11.256737894223335,
          43.78353211281314
        ]
      },
      "properties": {
        "id": 603,
        "tipologiaattivita": "BED AND BREAKFAST"
      }
    },
    {
      "type": "Feature",
      "id": "v_def_strutture_ricettive_od.604",
      "geometry": {
        "type": "Point",
        "coordinates": [
          11.25825675597109,
          43.774514531367224
        ]
      },
      "properties": {
        "id": 604,
        "tipologiaattivita": "CAV"
      }
    },
    {
      "type": "Feature",
      "id": "v_def_strutture_ricettive_od.605",
      "geometry": {
        "type": "Point",
        "coordinates": [
          11.229791505234077,
          43.774650153354486
        ]
      },
      "properties": {
        "id": 605,
        "tipologiaattivita": "AFFITTACAMERE"
      }
    },
    {
      "type": "Feature",
      "id": "v_def_strutture_ricettive_od.606",
      "geometry": {
        "type": "Point",
        "coordinates": [
          11.253460868616614,
          43.77845547797601
        ]
      },
      "properties": {
        "id": 606,
        "tipologiaattivita": "ALBERGHI"
      }
    },
    {
      "type": "Feature",
      "id": "v_def_strutture_ricettive_od.607",
      "geometry": {
        "type": "Point",
        "coordinates": [
          11.253748129533912,
          43.76692947957039
        ]
      },
      "properties": {
        "id": 607,
        "tipologiaattivita": "CAV"
      }
    },
    {
      "type": "Feature",
      "id": "v_def_strutture_ricettive_od.608",
      "geometry": {
        "type": "Point",
        "coordinates": [
          11.253748129533912,
          43.76692947957039
        ]
      },
      "properties": {
        "id": 608,
        "tipologiaattivita": "AFFITTACAMERE"
      }
    },
    {
      "type": "Feature",
      "id": "v_def_strutture_ricettive_od.609",
      "geometry": {
        "type": "Point",
        "coordinates": [
          11.253748129533912,
          43.76692947957039
        ]
      },
      "properties": {
        "id": 609,
        "tipologiaattivita": "AFFITTACAMERE"
      }
    },
    {
      "type": "Feature",
      "id": "v_def_strutture_ricettive_od.610",
      "geometry": {
        "type": "Point",
        "coordinates": [
          11.245715290875832,
          43.77709713539796
        ]
      },
      "properties": {
        "id": 610,
        "tipologiaattivita": "ALBERGHI"
      }
    },
    {
      "type": "Feature",
      "id": "v_def_strutture_ricettive_od.611",
      "geometry": {
        "type": "Point",
        "coordinates": [
          11.261042209464154,
          43.772318757289014
        ]
      },
      "properties": {
        "id": 611,
        "tipologiaattivita": "RESIDENZA D'EPOCA"
      }
    },
    {
      "type": "Feature",
      "id": "v_def_strutture_ricettive_od.612",
      "geometry": {
        "type": "Point",
        "coordinates": [
          11.261042209464154,
          43.772318757289014
        ]
      },
      "properties": {
        "id": 612,
        "tipologiaattivita": "BED AND BREAKFAST"
      }
    },
    {
      "type": "Feature",
      "id": "v_def_strutture_ricettive_od.613",
      "geometry": {
        "type": "Point",
        "coordinates": [
          11.261042209464154,
          43.772318757289014
        ]
      },
      "properties": {
        "id": 613,
        "tipologiaattivita": "BED AND BREAKFAST"
      }
    },
    {
      "type": "Feature",
      "id": "v_def_strutture_ricettive_od.614",
      "geometry": {
        "type": "Point",
        "coordinates": [
          11.240715247190753,
          43.76901219773714
        ]
      },
      "properties": {
        "id": 614,
        "tipologiaattivita": "CAV"
      }
    },
    {
      "type": "Feature",
      "id": "v_def_strutture_ricettive_od.615",
      "geometry": {
        "type": "Point",
        "coordinates": [
          11.256158990317276,
          43.77843856121644
        ]
      },
      "properties": {
        "id": 615,
        "tipologiaattivita": "ALBERGHI"
      }
    },
    {
      "type": "Feature",
      "id": "v_def_strutture_ricettive_od.616",
      "geometry": {
        "type": "Point",
        "coordinates": [
          11.236666434511834,
          43.79005860927476
        ]
      },
      "properties": {
        "id": 616,
        "tipologiaattivita": "ABUSIVI"
      }
    },
    {
      "type": "Feature",
      "id": "v_def_strutture_ricettive_od.617",
      "geometry": {
        "type": "Point",
        "coordinates": [
          11.256407712296205,
          43.77216799199308
        ]
      },
      "properties": {
        "id": 617,
        "tipologiaattivita": "ALBERGHI"
      }
    },
    {
      "type": "Feature",
      "id": "v_def_strutture_ricettive_od.618",
      "geometry": {
        "type": "Point",
        "coordinates": [
          11.269224116693856,
          43.791117564875364
        ]
      },
      "properties": {
        "id": 618,
        "tipologiaattivita": "AFFITTACAMERE"
      }
    },
    {
      "type": "Feature",
      "id": "v_def_strutture_ricettive_od.619",
      "geometry": {
        "type": "Point",
        "coordinates": [
          11.275403141444501,
          43.7917109748584
        ]
      },
      "properties": {
        "id": 619,
        "tipologiaattivita": "BED AND BREAKFAST"
      }
    },
    {
      "type": "Feature",
      "id": "v_def_strutture_ricettive_od.620",
      "geometry": {
        "type": "Point",
        "coordinates": [
          11.261647745849828,
          43.78212241595666
        ]
      },
      "properties": {
        "id": 620,
        "tipologiaattivita": "CAV"
      }
    },
    {
      "type": "Feature",
      "id": "v_def_strutture_ricettive_od.621",
      "geometry": {
        "type": "Point",
        "coordinates": [
          11.271500686602018,
          43.788959707178755
        ]
      },
      "properties": {
        "id": 621,
        "tipologiaattivita": "CAV"
      }
    },
    {
      "type": "Feature",
      "id": "v_def_strutture_ricettive_od.622",
      "geometry": {
        "type": "Point",
        "coordinates": [
          11.262228825495361,
          43.77224142204353
        ]
      },
      "properties": {
        "id": 622,
        "tipologiaattivita": "CAV"
      }
    },
    {
      "type": "Feature",
      "id": "v_def_strutture_ricettive_od.623",
      "geometry": {
        "type": "Point",
        "coordinates": [
          11.262228825495361,
          43.77224142204353
        ]
      },
      "properties": {
        "id": 623,
        "tipologiaattivita": "CAV"
      }
    },
    {
      "type": "Feature",
      "id": "v_def_strutture_ricettive_od.624",
      "geometry": {
        "type": "Point",
        "coordinates": [
          11.249756467078234,
          43.76997546065779
        ]
      },
      "properties": {
        "id": 624,
        "tipologiaattivita": "RESIDENZA D'EPOCA"
      }
    },
    {
      "type": "Feature",
      "id": "v_def_strutture_ricettive_od.625",
      "geometry": {
        "type": "Point",
        "coordinates": [
          11.249756467078234,
          43.76997546065779
        ]
      },
      "properties": {
        "id": 625,
        "tipologiaattivita": "CAV"
      }
    },
    {
      "type": "Feature",
      "id": "v_def_strutture_ricettive_od.626",
      "geometry": {
        "type": "Point",
        "coordinates": [
          11.249756467078234,
          43.76997546065779
        ]
      },
      "properties": {
        "id": 626,
        "tipologiaattivita": "ALBERGHI"
      }
    },
    {
      "type": "Feature",
      "id": "v_def_strutture_ricettive_od.627",
      "geometry": {
        "type": "Point",
        "coordinates": [
          11.23336217269189,
          43.77225695726082
        ]
      },
      "properties": {
        "id": 627,
        "tipologiaattivita": "BED AND BREAKFAST"
      }
    },
    {
      "type": "Feature",
      "id": "v_def_strutture_ricettive_od.628",
      "geometry": {
        "type": "Point",
        "coordinates": [
          11.25594469914949,
          43.78138238712575
        ]
      },
      "properties": {
        "id": 628,
        "tipologiaattivita": "CAV"
      }
    },
    {
      "type": "Feature",
      "id": "v_def_strutture_ricettive_od.629",
      "geometry": {
        "type": "Point",
        "coordinates": [
          11.25594469914949,
          43.78138238712575
        ]
      },
      "properties": {
        "id": 629,
        "tipologiaattivita": "CAV"
      }
    },
    {
      "type": "Feature",
      "id": "v_def_strutture_ricettive_od.630",
      "geometry": {
        "type": "Point",
        "coordinates": [
          11.244883196598963,
          43.76810980715567
        ]
      },
      "properties": {
        "id": 630,
        "tipologiaattivita": "AFFITTACAMERE"
      }
    },
    {
      "type": "Feature",
      "id": "v_def_strutture_ricettive_od.631",
      "geometry": {
        "type": "Point",
        "coordinates": [
          11.25735862180171,
          43.769972682444454
        ]
      },
      "properties": {
        "id": 631,
        "tipologiaattivita": "CAV"
      }
    },
    {
      "type": "Feature",
      "id": "v_def_strutture_ricettive_od.632",
      "geometry": {
        "type": "Point",
        "coordinates": [
          11.25735862180171,
          43.769972682444454
        ]
      },
      "properties": {
        "id": 632,
        "tipologiaattivita": "AFFITTACAMERE"
      }
    },
    {
      "type": "Feature",
      "id": "v_def_strutture_ricettive_od.633",
      "geometry": {
        "type": "Point",
        "coordinates": [
          11.25735862180171,
          43.769972682444454
        ]
      },
      "properties": {
        "id": 633,
        "tipologiaattivita": "BED AND BREAKFAST"
      }
    },
    {
      "type": "Feature",
      "id": "v_def_strutture_ricettive_od.634",
      "geometry": {
        "type": "Point",
        "coordinates": [
          11.25735862180171,
          43.769972682444454
        ]
      },
      "properties": {
        "id": 634,
        "tipologiaattivita": "ALBERGHI"
      }
    },
    {
      "type": "Feature",
      "id": "v_def_strutture_ricettive_od.635",
      "geometry": {
        "type": "Point",
        "coordinates": [
          11.238550502314558,
          43.76030097949103
        ]
      },
      "properties": {
        "id": 635,
        "tipologiaattivita": "CAV"
      }
    },
    {
      "type": "Feature",
      "id": "v_def_strutture_ricettive_od.636",
      "geometry": {
        "type": "Point",
        "coordinates": [
          11.268389921625845,
          43.76642071385103
        ]
      },
      "properties": {
        "id": 636,
        "tipologiaattivita": "RTA"
      }
    },
    {
      "type": "Feature",
      "id": "v_def_strutture_ricettive_od.637",
      "geometry": {
        "type": "Point",
        "coordinates": [
          11.252047981072959,
          43.77960238720728
        ]
      },
      "properties": {
        "id": 637,
        "tipologiaattivita": "BED AND BREAKFAST"
      }
    },
    {
      "type": "Feature",
      "id": "v_def_strutture_ricettive_od.638",
      "geometry": {
        "type": "Point",
        "coordinates": [
          11.245120290265353,
          43.772224479150836
        ]
      },
      "properties": {
        "id": 638,
        "tipologiaattivita": "ALBERGHI"
      }
    },
    {
      "type": "Feature",
      "id": "v_def_strutture_ricettive_od.639",
      "geometry": {
        "type": "Point",
        "coordinates": [
          11.255770537300132,
          43.77796717304263
        ]
      },
      "properties": {
        "id": 639,
        "tipologiaattivita": "CAV"
      }
    },
    {
      "type": "Feature",
      "id": "v_def_strutture_ricettive_od.640",
      "geometry": {
        "type": "Point",
        "coordinates": [
          11.262745853324535,
          43.771963051816265
        ]
      },
      "properties": {
        "id": 640,
        "tipologiaattivita": "BED AND BREAKFAST"
      }
    },
    {
      "type": "Feature",
      "id": "v_def_strutture_ricettive_od.641",
      "geometry": {
        "type": "Point",
        "coordinates": [
          11.262745853324535,
          43.771963051816265
        ]
      },
      "properties": {
        "id": 641,
        "tipologiaattivita": "BED AND BREAKFAST"
      }
    },
    {
      "type": "Feature",
      "id": "v_def_strutture_ricettive_od.642",
      "geometry": {
        "type": "Point",
        "coordinates": [
          11.252150974125184,
          43.77596923598848
        ]
      },
      "properties": {
        "id": 642,
        "tipologiaattivita": "CAV"
      }
    },
    {
      "type": "Feature",
      "id": "v_def_strutture_ricettive_od.643",
      "geometry": {
        "type": "Point",
        "coordinates": [
          11.266877978365274,
          43.76918589421319
        ]
      },
      "properties": {
        "id": 643,
        "tipologiaattivita": "CAV"
      }
    },
    {
      "type": "Feature",
      "id": "v_def_strutture_ricettive_od.644",
      "geometry": {
        "type": "Point",
        "coordinates": [
          11.25628422776043,
          43.770245699005564
        ]
      },
      "properties": {
        "id": 644,
        "tipologiaattivita": "AFFITTACAMERE"
      }
    },
    {
      "type": "Feature",
      "id": "v_def_strutture_ricettive_od.645",
      "geometry": {
        "type": "Point",
        "coordinates": [
          11.246874547903504,
          43.77412824350948
        ]
      },
      "properties": {
        "id": 645,
        "tipologiaattivita": "CAV"
      }
    },
    {
      "type": "Feature",
      "id": "v_def_strutture_ricettive_od.646",
      "geometry": {
        "type": "Point",
        "coordinates": [
          11.246874547903504,
          43.77412824350948
        ]
      },
      "properties": {
        "id": 646,
        "tipologiaattivita": "CAV"
      }
    },
    {
      "type": "Feature",
      "id": "v_def_strutture_ricettive_od.647",
      "geometry": {
        "type": "Point",
        "coordinates": [
          11.246874547903504,
          43.77412824350948
        ]
      },
      "properties": {
        "id": 647,
        "tipologiaattivita": "CAV"
      }
    },
    {
      "type": "Feature",
      "id": "v_def_strutture_ricettive_od.648",
      "geometry": {
        "type": "Point",
        "coordinates": [
          11.259718389189905,
          43.77014401455737
        ]
      },
      "properties": {
        "id": 648,
        "tipologiaattivita": "AFFITTACAMERE"
      }
    },
    {
      "type": "Feature",
      "id": "v_def_strutture_ricettive_od.649",
      "geometry": {
        "type": "Point",
        "coordinates": [
          11.259718389189905,
          43.77014401455737
        ]
      },
      "properties": {
        "id": 649,
        "tipologiaattivita": "CAV"
      }
    },
    {
      "type": "Feature",
      "id": "v_def_strutture_ricettive_od.650",
      "geometry": {
        "type": "Point",
        "coordinates": [
          11.259718389189905,
          43.77014401455737
        ]
      },
      "properties": {
        "id": 650,
        "tipologiaattivita": "CAV"
      }
    },
    {
      "type": "Feature",
      "id": "v_def_strutture_ricettive_od.651",
      "geometry": {
        "type": "Point",
        "coordinates": [
          11.259718389189905,
          43.77014401455737
        ]
      },
      "properties": {
        "id": 651,
        "tipologiaattivita": "CAV"
      }
    },
    {
      "type": "Feature",
      "id": "v_def_strutture_ricettive_od.652",
      "geometry": {
        "type": "Point",
        "coordinates": [
          11.259718389189905,
          43.77014401455737
        ]
      },
      "properties": {
        "id": 652,
        "tipologiaattivita": "AFFITTACAMERE"
      }
    },
    {
      "type": "Feature",
      "id": "v_def_strutture_ricettive_od.653",
      "geometry": {
        "type": "Point",
        "coordinates": [
          11.259718389189905,
          43.77014401455737
        ]
      },
      "properties": {
        "id": 653,
        "tipologiaattivita": "CAV"
      }
    },
    {
      "type": "Feature",
      "id": "v_def_strutture_ricettive_od.654",
      "geometry": {
        "type": "Point",
        "coordinates": [
          11.259718389189905,
          43.77014401455737
        ]
      },
      "properties": {
        "id": 654,
        "tipologiaattivita": "CAV"
      }
    },
    {
      "type": "Feature",
      "id": "v_def_strutture_ricettive_od.655",
      "geometry": {
        "type": "Point",
        "coordinates": [
          11.239173077764468,
          43.777943407077494
        ]
      },
      "properties": {
        "id": 655,
        "tipologiaattivita": "AFFITTACAMERE"
      }
    },
    {
      "type": "Feature",
      "id": "v_def_strutture_ricettive_od.656",
      "geometry": {
        "type": "Point",
        "coordinates": [
          11.226646977862027,
          43.759714136466066
        ]
      },
      "properties": {
        "id": 656,
        "tipologiaattivita": "ALBERGHI"
      }
    },
    {
      "type": "Feature",
      "id": "v_def_strutture_ricettive_od.657",
      "geometry": {
        "type": "Point",
        "coordinates": [
          11.259630053995835,
          43.78367189249029
        ]
      },
      "properties": {
        "id": 657,
        "tipologiaattivita": "ALBERGHI"
      }
    },
    {
      "type": "Feature",
      "id": "v_def_strutture_ricettive_od.658",
      "geometry": {
        "type": "Point",
        "coordinates": [
          11.250788682855656,
          43.77642521704866
        ]
      },
      "properties": {
        "id": 658,
        "tipologiaattivita": "AFFITTACAMERE"
      }
    },
    {
      "type": "Feature",
      "id": "v_def_strutture_ricettive_od.659",
      "geometry": {
        "type": "Point",
        "coordinates": [
          11.250788682855656,
          43.77642521704866
        ]
      },
      "properties": {
        "id": 659,
        "tipologiaattivita": "AFFITTACAMERE"
      }
    },
    {
      "type": "Feature",
      "id": "v_def_strutture_ricettive_od.660",
      "geometry": {
        "type": "Point",
        "coordinates": [
          11.250788682855656,
          43.77642521704866
        ]
      },
      "properties": {
        "id": 660,
        "tipologiaattivita": "AFFITTACAMERE"
      }
    },
    {
      "type": "Feature",
      "id": "v_def_strutture_ricettive_od.661",
      "geometry": {
        "type": "Point",
        "coordinates": [
          11.247802578441837,
          43.77123995198376
        ]
      },
      "properties": {
        "id": 661,
        "tipologiaattivita": "AFFITTACAMERE"
      }
    },
    {
      "type": "Feature",
      "id": "v_def_strutture_ricettive_od.662",
      "geometry": {
        "type": "Point",
        "coordinates": [
          11.251612352031309,
          43.78615736000992
        ]
      },
      "properties": {
        "id": 662,
        "tipologiaattivita": "BED AND BREAKFAST"
      }
    },
    {
      "type": "Feature",
      "id": "v_def_strutture_ricettive_od.663",
      "geometry": {
        "type": "Point",
        "coordinates": [
          11.240216112887436,
          43.79707048490646
        ]
      },
      "properties": {
        "id": 663,
        "tipologiaattivita": "AFFITTACAMERE"
      }
    },
    {
      "type": "Feature",
      "id": "v_def_strutture_ricettive_od.664",
      "geometry": {
        "type": "Point",
        "coordinates": [
          11.251013931760582,
          43.775256462379375
        ]
      },
      "properties": {
        "id": 664,
        "tipologiaattivita": "ALBERGHI"
      }
    },
    {
      "type": "Feature",
      "id": "v_def_strutture_ricettive_od.665",
      "geometry": {
        "type": "Point",
        "coordinates": [
          11.263516635536755,
          43.784313185855616
        ]
      },
      "properties": {
        "id": 665,
        "tipologiaattivita": "CAV"
      }
    },
    {
      "type": "Feature",
      "id": "v_def_strutture_ricettive_od.666",
      "geometry": {
        "type": "Point",
        "coordinates": [
          11.231896604391917,
          43.75845182193383
        ]
      },
      "properties": {
        "id": 666,
        "tipologiaattivita": "AGRITURISMO"
      }
    },
    {
      "type": "Feature",
      "id": "v_def_strutture_ricettive_od.667",
      "geometry": {
        "type": "Point",
        "coordinates": [
          11.234968903172595,
          43.784962861106344
        ]
      },
      "properties": {
        "id": 667,
        "tipologiaattivita": "AFFITTACAMERE"
      }
    },
    {
      "type": "Feature",
      "id": "v_def_strutture_ricettive_od.668",
      "geometry": {
        "type": "Point",
        "coordinates": [
          11.262269119101896,
          43.78291913536747
        ]
      },
      "properties": {
        "id": 668,
        "tipologiaattivita": "CAV"
      }
    },
    {
      "type": "Feature",
      "id": "v_def_strutture_ricettive_od.669",
      "geometry": {
        "type": "Point",
        "coordinates": [
          11.262269119101896,
          43.78291913536747
        ]
      },
      "properties": {
        "id": 669,
        "tipologiaattivita": "CAV"
      }
    },
    {
      "type": "Feature",
      "id": "v_def_strutture_ricettive_od.670",
      "geometry": {
        "type": "Point",
        "coordinates": [
          11.262269119101896,
          43.78291913536747
        ]
      },
      "properties": {
        "id": 670,
        "tipologiaattivita": "ALBERGHI"
      }
    },
    {
      "type": "Feature",
      "id": "v_def_strutture_ricettive_od.671",
      "geometry": {
        "type": "Point",
        "coordinates": [
          11.26402248830386,
          43.77431133679902
        ]
      },
      "properties": {
        "id": 671,
        "tipologiaattivita": "AFFITTACAMERE"
      }
    },
    {
      "type": "Feature",
      "id": "v_def_strutture_ricettive_od.672",
      "geometry": {
        "type": "Point",
        "coordinates": [
          11.271811630377373,
          43.75963505150248
        ]
      },
      "properties": {
        "id": 672,
        "tipologiaattivita": "CASE PER FERIE"
      }
    },
    {
      "type": "Feature",
      "id": "v_def_strutture_ricettive_od.673",
      "geometry": {
        "type": "Point",
        "coordinates": [
          11.251022795899946,
          43.77418610868328
        ]
      },
      "properties": {
        "id": 673,
        "tipologiaattivita": "AFFITTACAMERE"
      }
    },
    {
      "type": "Feature",
      "id": "v_def_strutture_ricettive_od.674",
      "geometry": {
        "type": "Point",
        "coordinates": [
          11.251022795899946,
          43.77418610868328
        ]
      },
      "properties": {
        "id": 674,
        "tipologiaattivita": "AFFITTACAMERE"
      }
    },
    {
      "type": "Feature",
      "id": "v_def_strutture_ricettive_od.675",
      "geometry": {
        "type": "Point",
        "coordinates": [
          11.251022795899946,
          43.77418610868328
        ]
      },
      "properties": {
        "id": 675,
        "tipologiaattivita": "CAV"
      }
    },
    {
      "type": "Feature",
      "id": "v_def_strutture_ricettive_od.676",
      "geometry": {
        "type": "Point",
        "coordinates": [
          11.24728034853351,
          43.77272431148312
        ]
      },
      "properties": {
        "id": 676,
        "tipologiaattivita": "CAV"
      }
    },
    {
      "type": "Feature",
      "id": "v_def_strutture_ricettive_od.677",
      "geometry": {
        "type": "Point",
        "coordinates": [
          11.262244305438088,
          43.8224143119128
        ]
      },
      "properties": {
        "id": 677,
        "tipologiaattivita": "AGRITURISMO"
      }
    },
    {
      "type": "Feature",
      "id": "v_def_strutture_ricettive_od.678",
      "geometry": {
        "type": "Point",
        "coordinates": [
          11.2563987149363,
          43.79967865831691
        ]
      },
      "properties": {
        "id": 678,
        "tipologiaattivita": "CASE PER FERIE"
      }
    },
    {
      "type": "Feature",
      "id": "v_def_strutture_ricettive_od.679",
      "geometry": {
        "type": "Point",
        "coordinates": [
          11.257862199059733,
          43.771095522775965
        ]
      },
      "properties": {
        "id": 679,
        "tipologiaattivita": "ALBERGHI"
      }
    },
    {
      "type": "Feature",
      "id": "v_def_strutture_ricettive_od.680",
      "geometry": {
        "type": "Point",
        "coordinates": [
          11.250053823020036,
          43.77335808122415
        ]
      },
      "properties": {
        "id": 680,
        "tipologiaattivita": "ALBERGHI"
      }
    },
    {
      "type": "Feature",
      "id": "v_def_strutture_ricettive_od.681",
      "geometry": {
        "type": "Point",
        "coordinates": [
          11.243603506984213,
          43.77840341526042
        ]
      },
      "properties": {
        "id": 681,
        "tipologiaattivita": "BED AND BREAKFAST"
      }
    },
    {
      "type": "Feature",
      "id": "v_def_strutture_ricettive_od.682",
      "geometry": {
        "type": "Point",
        "coordinates": [
          11.247648579703702,
          43.774010015059105
        ]
      },
      "properties": {
        "id": 682,
        "tipologiaattivita": "AFFITTACAMERE"
      }
    },
    {
      "type": "Feature",
      "id": "v_def_strutture_ricettive_od.683",
      "geometry": {
        "type": "Point",
        "coordinates": [
          11.248070800609927,
          43.76503567757523
        ]
      },
      "properties": {
        "id": 683,
        "tipologiaattivita": "AFFITTACAMERE"
      }
    },
    {
      "type": "Feature",
      "id": "v_def_strutture_ricettive_od.684",
      "geometry": {
        "type": "Point",
        "coordinates": [
          11.248070800609927,
          43.76503567757523
        ]
      },
      "properties": {
        "id": 684,
        "tipologiaattivita": "AFFITTACAMERE"
      }
    },
    {
      "type": "Feature",
      "id": "v_def_strutture_ricettive_od.685",
      "geometry": {
        "type": "Point",
        "coordinates": [
          11.248070800609927,
          43.76503567757523
        ]
      },
      "properties": {
        "id": 685,
        "tipologiaattivita": "CAV"
      }
    },
    {
      "type": "Feature",
      "id": "v_def_strutture_ricettive_od.686",
      "geometry": {
        "type": "Point",
        "coordinates": [
          11.242831106929803,
          43.77410742207146
        ]
      },
      "properties": {
        "id": 686,
        "tipologiaattivita": "AFFITTACAMERE"
      }
    },
    {
      "type": "Feature",
      "id": "v_def_strutture_ricettive_od.687",
      "geometry": {
        "type": "Point",
        "coordinates": [
          11.242831106929803,
          43.77410742207146
        ]
      },
      "properties": {
        "id": 687,
        "tipologiaattivita": "ALBERGHI"
      }
    },
    {
      "type": "Feature",
      "id": "v_def_strutture_ricettive_od.688",
      "geometry": {
        "type": "Point",
        "coordinates": [
          11.26802336848383,
          43.77604117762155
        ]
      },
      "properties": {
        "id": 688,
        "tipologiaattivita": "ALBERGHI"
      }
    },
    {
      "type": "Feature",
      "id": "v_def_strutture_ricettive_od.689",
      "geometry": {
        "type": "Point",
        "coordinates": [
          11.251843288785023,
          43.77368835023975
        ]
      },
      "properties": {
        "id": 689,
        "tipologiaattivita": "ALBERGHI"
      }
    },
    {
      "type": "Feature",
      "id": "v_def_strutture_ricettive_od.690",
      "geometry": {
        "type": "Point",
        "coordinates": [
          11.2411530559481,
          43.76168451261501
        ]
      },
      "properties": {
        "id": 690,
        "tipologiaattivita": "AFFITTACAMERE"
      }
    },
    {
      "type": "Feature",
      "id": "v_def_strutture_ricettive_od.691",
      "geometry": {
        "type": "Point",
        "coordinates": [
          11.232368510797064,
          43.782170881056956
        ]
      },
      "properties": {
        "id": 691,
        "tipologiaattivita": "CAV"
      }
    },
    {
      "type": "Feature",
      "id": "v_def_strutture_ricettive_od.692",
      "geometry": {
        "type": "Point",
        "coordinates": [
          11.244388098016358,
          43.77959239803287
        ]
      },
      "properties": {
        "id": 692,
        "tipologiaattivita": "AFFITTACAMERE"
      }
    },
    {
      "type": "Feature",
      "id": "v_def_strutture_ricettive_od.693",
      "geometry": {
        "type": "Point",
        "coordinates": [
          11.271688762998194,
          43.781210702644096
        ]
      },
      "properties": {
        "id": 693,
        "tipologiaattivita": "CAV"
      }
    },
    {
      "type": "Feature",
      "id": "v_def_strutture_ricettive_od.694",
      "geometry": {
        "type": "Point",
        "coordinates": [
          11.25499037008734,
          43.77858375879494
        ]
      },
      "properties": {
        "id": 694,
        "tipologiaattivita": "AFFITTACAMERE"
      }
    },
    {
      "type": "Feature",
      "id": "v_def_strutture_ricettive_od.695",
      "geometry": {
        "type": "Point",
        "coordinates": [
          11.26509910886026,
          43.78423482715056
        ]
      },
      "properties": {
        "id": 695,
        "tipologiaattivita": "BED AND BREAKFAST"
      }
    },
    {
      "type": "Feature",
      "id": "v_def_strutture_ricettive_od.696",
      "geometry": {
        "type": "Point",
        "coordinates": [
          11.305868663453897,
          43.75025477105801
        ]
      },
      "properties": {
        "id": 696,
        "tipologiaattivita": "OSTELLO"
      }
    },
    {
      "type": "Feature",
      "id": "v_def_strutture_ricettive_od.697",
      "geometry": {
        "type": "Point",
        "coordinates": [
          11.260885634488204,
          43.771520849723984
        ]
      },
      "properties": {
        "id": 697,
        "tipologiaattivita": "RESIDENZA D'EPOCA"
      }
    },
    {
      "type": "Feature",
      "id": "v_def_strutture_ricettive_od.698",
      "geometry": {
        "type": "Point",
        "coordinates": [
          11.272213264974962,
          43.76310931176238
        ]
      },
      "properties": {
        "id": 698,
        "tipologiaattivita": "ALBERGHI"
      }
    },
    {
      "type": "Feature",
      "id": "v_def_strutture_ricettive_od.699",
      "geometry": {
        "type": "Point",
        "coordinates": [
          11.234238080892018,
          43.811073487573935
        ]
      },
      "properties": {
        "id": 699,
        "tipologiaattivita": "AFFITTACAMERE"
      }
    },
    {
      "type": "Feature",
      "id": "v_def_strutture_ricettive_od.700",
      "geometry": {
        "type": "Point",
        "coordinates": [
          11.26219144230627,
          43.77424881521526
        ]
      },
      "properties": {
        "id": 700,
        "tipologiaattivita": "AFFITTACAMERE"
      }
    },
    {
      "type": "Feature",
      "id": "v_def_strutture_ricettive_od.701",
      "geometry": {
        "type": "Point",
        "coordinates": [
          11.252011569022782,
          43.775563559508846
        ]
      },
      "properties": {
        "id": 701,
        "tipologiaattivita": "AFFITTACAMERE"
      }
    },
    {
      "type": "Feature",
      "id": "v_def_strutture_ricettive_od.702",
      "geometry": {
        "type": "Point",
        "coordinates": [
          11.25451011733375,
          43.77029142044802
        ]
      },
      "properties": {
        "id": 702,
        "tipologiaattivita": "AFFITTACAMERE"
      }
    },
    {
      "type": "Feature",
      "id": "v_def_strutture_ricettive_od.703",
      "geometry": {
        "type": "Point",
        "coordinates": [
          11.251836460757078,
          43.7765436296001
        ]
      },
      "properties": {
        "id": 703,
        "tipologiaattivita": "ALBERGHI"
      }
    },
    {
      "type": "Feature",
      "id": "v_def_strutture_ricettive_od.704",
      "geometry": {
        "type": "Point",
        "coordinates": [
          11.25201796478609,
          43.77619668618618
        ]
      },
      "properties": {
        "id": 704,
        "tipologiaattivita": "AFFITTACAMERE"
      }
    },
    {
      "type": "Feature",
      "id": "v_def_strutture_ricettive_od.705",
      "geometry": {
        "type": "Point",
        "coordinates": [
          11.265157600191005,
          43.770091286819024
        ]
      },
      "properties": {
        "id": 705,
        "tipologiaattivita": "CAV"
      }
    },
    {
      "type": "Feature",
      "id": "v_def_strutture_ricettive_od.706",
      "geometry": {
        "type": "Point",
        "coordinates": [
          11.26851411180745,
          43.78511720105449
        ]
      },
      "properties": {
        "id": 706,
        "tipologiaattivita": "ALBERGHI"
      }
    },
    {
      "type": "Feature",
      "id": "v_def_strutture_ricettive_od.707",
      "geometry": {
        "type": "Point",
        "coordinates": [
          11.257351557617941,
          43.78134122976968
        ]
      },
      "properties": {
        "id": 707,
        "tipologiaattivita": "CAV"
      }
    },
    {
      "type": "Feature",
      "id": "v_def_strutture_ricettive_od.708",
      "geometry": {
        "type": "Point",
        "coordinates": [
          11.250903739886473,
          43.77813780080814
        ]
      },
      "properties": {
        "id": 708,
        "tipologiaattivita": "ALBERGHI"
      }
    },
    {
      "type": "Feature",
      "id": "v_def_strutture_ricettive_od.709",
      "geometry": {
        "type": "Point",
        "coordinates": [
          11.258566492470646,
          43.785008645807224
        ]
      },
      "properties": {
        "id": 709,
        "tipologiaattivita": "AFFITTACAMERE"
      }
    },
    {
      "type": "Feature",
      "id": "v_def_strutture_ricettive_od.710",
      "geometry": {
        "type": "Point",
        "coordinates": [
          11.273351891945374,
          43.778370159343424
        ]
      },
      "properties": {
        "id": 710,
        "tipologiaattivita": "AFFITTACAMERE"
      }
    },
    {
      "type": "Feature",
      "id": "v_def_strutture_ricettive_od.711",
      "geometry": {
        "type": "Point",
        "coordinates": [
          11.257018609349002,
          43.78609987515305
        ]
      },
      "properties": {
        "id": 711,
        "tipologiaattivita": "BED AND BREAKFAST"
      }
    },
    {
      "type": "Feature",
      "id": "v_def_strutture_ricettive_od.712",
      "geometry": {
        "type": "Point",
        "coordinates": [
          11.254865894023741,
          43.778429312150124
        ]
      },
      "properties": {
        "id": 712,
        "tipologiaattivita": "CAV"
      }
    },
    {
      "type": "Feature",
      "id": "v_def_strutture_ricettive_od.713",
      "geometry": {
        "type": "Point",
        "coordinates": [
          11.253704796597852,
          43.77750569059984
        ]
      },
      "properties": {
        "id": 713,
        "tipologiaattivita": "CAV"
      }
    },
    {
      "type": "Feature",
      "id": "v_def_strutture_ricettive_od.714",
      "geometry": {
        "type": "Point",
        "coordinates": [
          11.25480299808186,
          43.768401396459254
        ]
      },
      "properties": {
        "id": 714,
        "tipologiaattivita": "CAV"
      }
    },
    {
      "type": "Feature",
      "id": "v_def_strutture_ricettive_od.715",
      "geometry": {
        "type": "Point",
        "coordinates": [
          11.246092473257274,
          43.79722385488931
        ]
      },
      "properties": {
        "id": 715,
        "tipologiaattivita": "CAV"
      }
    },
    {
      "type": "Feature",
      "id": "v_def_strutture_ricettive_od.716",
      "geometry": {
        "type": "Point",
        "coordinates": [
          11.275470772740665,
          43.76614691544879
        ]
      },
      "properties": {
        "id": 716,
        "tipologiaattivita": "ALBERGHI"
      }
    },
    {
      "type": "Feature",
      "id": "v_def_strutture_ricettive_od.717",
      "geometry": {
        "type": "Point",
        "coordinates": [
          11.275789933803228,
          43.78773503668406
        ]
      },
      "properties": {
        "id": 717,
        "tipologiaattivita": "ALBERGHI"
      }
    },
    {
      "type": "Feature",
      "id": "v_def_strutture_ricettive_od.718",
      "geometry": {
        "type": "Point",
        "coordinates": [
          11.316784507057616,
          43.762254531000565
        ]
      },
      "properties": {
        "id": 718,
        "tipologiaattivita": "ALBERGHI"
      }
    },
    {
      "type": "Feature",
      "id": "v_def_strutture_ricettive_od.719",
      "geometry": {
        "type": "Point",
        "coordinates": [
          11.270945417466892,
          43.778461560967976
        ]
      },
      "properties": {
        "id": 719,
        "tipologiaattivita": "AFFITTACAMERE"
      }
    },
    {
      "type": "Feature",
      "id": "v_def_strutture_ricettive_od.720",
      "geometry": {
        "type": "Point",
        "coordinates": [
          11.27914468697206,
          43.75538149004387
        ]
      },
      "properties": {
        "id": 720,
        "tipologiaattivita": "CAV"
      }
    },
    {
      "type": "Feature",
      "id": "v_def_strutture_ricettive_od.721",
      "geometry": {
        "type": "Point",
        "coordinates": [
          11.275409209080337,
          43.781841267290176
        ]
      },
      "properties": {
        "id": 721,
        "tipologiaattivita": "AFFITTACAMERE"
      }
    },
    {
      "type": "Feature",
      "id": "v_def_strutture_ricettive_od.722",
      "geometry": {
        "type": "Point",
        "coordinates": [
          11.257533337855428,
          43.77132613894126
        ]
      },
      "properties": {
        "id": 722,
        "tipologiaattivita": "ALBERGHI"
      }
    },
    {
      "type": "Feature",
      "id": "v_def_strutture_ricettive_od.723",
      "geometry": {
        "type": "Point",
        "coordinates": [
          11.239821837258528,
          43.787092426161244
        ]
      },
      "properties": {
        "id": 723,
        "tipologiaattivita": "CAV"
      }
    },
    {
      "type": "Feature",
      "id": "v_def_strutture_ricettive_od.724",
      "geometry": {
        "type": "Point",
        "coordinates": [
          11.241598359807075,
          43.75856496999404
        ]
      },
      "properties": {
        "id": 724,
        "tipologiaattivita": "AFFITTACAMERE"
      }
    },
    {
      "type": "Feature",
      "id": "v_def_strutture_ricettive_od.725",
      "geometry": {
        "type": "Point",
        "coordinates": [
          11.25081693864549,
          43.77829385359671
        ]
      },
      "properties": {
        "id": 725,
        "tipologiaattivita": "OSTELLO"
      }
    },
    {
      "type": "Feature",
      "id": "v_def_strutture_ricettive_od.726",
      "geometry": {
        "type": "Point",
        "coordinates": [
          11.259143936111158,
          43.77527710123661
        ]
      },
      "properties": {
        "id": 726,
        "tipologiaattivita": "AFFITTACAMERE"
      }
    },
    {
      "type": "Feature",
      "id": "v_def_strutture_ricettive_od.727",
      "geometry": {
        "type": "Point",
        "coordinates": [
          11.250108884050391,
          43.77130897589772
        ]
      },
      "properties": {
        "id": 727,
        "tipologiaattivita": "AFFITTACAMERE"
      }
    },
    {
      "type": "Feature",
      "id": "v_def_strutture_ricettive_od.728",
      "geometry": {
        "type": "Point",
        "coordinates": [
          11.236199391578891,
          43.765118578927144
        ]
      },
      "properties": {
        "id": 728,
        "tipologiaattivita": "CAV"
      }
    },
    {
      "type": "Feature",
      "id": "v_def_strutture_ricettive_od.729",
      "geometry": {
        "type": "Point",
        "coordinates": [
          11.237851148842418,
          43.776626736776244
        ]
      },
      "properties": {
        "id": 729,
        "tipologiaattivita": "ALBERGHI"
      }
    },
    {
      "type": "Feature",
      "id": "v_def_strutture_ricettive_od.730",
      "geometry": {
        "type": "Point",
        "coordinates": [
          11.252052983661455,
          43.77880872782355
        ]
      },
      "properties": {
        "id": 730,
        "tipologiaattivita": "AFFITTACAMERE"
      }
    },
    {
      "type": "Feature",
      "id": "v_def_strutture_ricettive_od.731",
      "geometry": {
        "type": "Point",
        "coordinates": [
          11.24369150079854,
          43.764041195616834
        ]
      },
      "properties": {
        "id": 731,
        "tipologiaattivita": "CASE PER FERIE"
      }
    },
    {
      "type": "Feature",
      "id": "v_def_strutture_ricettive_od.732",
      "geometry": {
        "type": "Point",
        "coordinates": [
          11.257125900198314,
          43.77963592012446
        ]
      },
      "properties": {
        "id": 732,
        "tipologiaattivita": "BED AND BREAKFAST"
      }
    },
    {
      "type": "Feature",
      "id": "v_def_strutture_ricettive_od.733",
      "geometry": {
        "type": "Point",
        "coordinates": [
          11.271358810004374,
          43.768873564286224
        ]
      },
      "properties": {
        "id": 733,
        "tipologiaattivita": "ALBERGHI"
      }
    },
    {
      "type": "Feature",
      "id": "v_def_strutture_ricettive_od.734",
      "geometry": {
        "type": "Point",
        "coordinates": [
          11.231735960576282,
          43.77488062856442
        ]
      },
      "properties": {
        "id": 734,
        "tipologiaattivita": "CAV"
      }
    },
    {
      "type": "Feature",
      "id": "v_def_strutture_ricettive_od.735",
      "geometry": {
        "type": "Point",
        "coordinates": [
          11.249037539622634,
          43.767012673182236
        ]
      },
      "properties": {
        "id": 735,
        "tipologiaattivita": "RESIDENZA D'EPOCA"
      }
    },
    {
      "type": "Feature",
      "id": "v_def_strutture_ricettive_od.736",
      "geometry": {
        "type": "Point",
        "coordinates": [
          11.255711975407262,
          43.781302401876786
        ]
      },
      "properties": {
        "id": 736,
        "tipologiaattivita": "OSTELLO"
      }
    },
    {
      "type": "Feature",
      "id": "v_def_strutture_ricettive_od.737",
      "geometry": {
        "type": "Point",
        "coordinates": [
          11.255535217246319,
          43.77369280301791
        ]
      },
      "properties": {
        "id": 737,
        "tipologiaattivita": "CAV"
      }
    },
    {
      "type": "Feature",
      "id": "v_def_strutture_ricettive_od.738",
      "geometry": {
        "type": "Point",
        "coordinates": [
          11.25814085493976,
          43.7761876374418
        ]
      },
      "properties": {
        "id": 738,
        "tipologiaattivita": "CAV"
      }
    },
    {
      "type": "Feature",
      "id": "v_def_strutture_ricettive_od.739",
      "geometry": {
        "type": "Point",
        "coordinates": [
          11.244907080395503,
          43.7813620462632
        ]
      },
      "properties": {
        "id": 739,
        "tipologiaattivita": "AFFITTACAMERE"
      }
    },
    {
      "type": "Feature",
      "id": "v_def_strutture_ricettive_od.740",
      "geometry": {
        "type": "Point",
        "coordinates": [
          11.25340122151654,
          43.768901936103546
        ]
      },
      "properties": {
        "id": 740,
        "tipologiaattivita": "AFFITTACAMERE"
      }
    },
    {
      "type": "Feature",
      "id": "v_def_strutture_ricettive_od.741",
      "geometry": {
        "type": "Point",
        "coordinates": [
          11.239389435671685,
          43.777981913270125
        ]
      },
      "properties": {
        "id": 741,
        "tipologiaattivita": "AFFITTACAMERE"
      }
    },
    {
      "type": "Feature",
      "id": "v_def_strutture_ricettive_od.742",
      "geometry": {
        "type": "Point",
        "coordinates": [
          11.239389435671685,
          43.777981913270125
        ]
      },
      "properties": {
        "id": 742,
        "tipologiaattivita": "AFFITTACAMERE"
      }
    },
    {
      "type": "Feature",
      "id": "v_def_strutture_ricettive_od.743",
      "geometry": {
        "type": "Point",
        "coordinates": [
          11.243476171814969,
          43.781092661317196
        ]
      },
      "properties": {
        "id": 743,
        "tipologiaattivita": "AFFITTACAMERE"
      }
    },
    {
      "type": "Feature",
      "id": "v_def_strutture_ricettive_od.744",
      "geometry": {
        "type": "Point",
        "coordinates": [
          11.243476171814969,
          43.781092661317196
        ]
      },
      "properties": {
        "id": 744,
        "tipologiaattivita": "AFFITTACAMERE"
      }
    },
    {
      "type": "Feature",
      "id": "v_def_strutture_ricettive_od.745",
      "geometry": {
        "type": "Point",
        "coordinates": [
          11.243476171814969,
          43.781092661317196
        ]
      },
      "properties": {
        "id": 745,
        "tipologiaattivita": "AFFITTACAMERE"
      }
    },
    {
      "type": "Feature",
      "id": "v_def_strutture_ricettive_od.746",
      "geometry": {
        "type": "Point",
        "coordinates": [
          11.243476171814969,
          43.781092661317196
        ]
      },
      "properties": {
        "id": 746,
        "tipologiaattivita": "AFFITTACAMERE"
      }
    },
    {
      "type": "Feature",
      "id": "v_def_strutture_ricettive_od.747",
      "geometry": {
        "type": "Point",
        "coordinates": [
          11.243476171814969,
          43.781092661317196
        ]
      },
      "properties": {
        "id": 747,
        "tipologiaattivita": "BED AND BREAKFAST"
      }
    },
    {
      "type": "Feature",
      "id": "v_def_strutture_ricettive_od.748",
      "geometry": {
        "type": "Point",
        "coordinates": [
          11.243476171814969,
          43.781092661317196
        ]
      },
      "properties": {
        "id": 748,
        "tipologiaattivita": "BED AND BREAKFAST"
      }
    },
    {
      "type": "Feature",
      "id": "v_def_strutture_ricettive_od.749",
      "geometry": {
        "type": "Point",
        "coordinates": [
          11.243476171814969,
          43.781092661317196
        ]
      },
      "properties": {
        "id": 749,
        "tipologiaattivita": "BED AND BREAKFAST"
      }
    },
    {
      "type": "Feature",
      "id": "v_def_strutture_ricettive_od.750",
      "geometry": {
        "type": "Point",
        "coordinates": [
          11.245960899190086,
          43.766914568995816
        ]
      },
      "properties": {
        "id": 750,
        "tipologiaattivita": "CAV"
      }
    },
    {
      "type": "Feature",
      "id": "v_def_strutture_ricettive_od.751",
      "geometry": {
        "type": "Point",
        "coordinates": [
          11.252857212269785,
          43.77506987085065
        ]
      },
      "properties": {
        "id": 751,
        "tipologiaattivita": "ALBERGHI"
      }
    },
    {
      "type": "Feature",
      "id": "v_def_strutture_ricettive_od.752",
      "geometry": {
        "type": "Point",
        "coordinates": [
          11.260589790099896,
          43.78101553621244
        ]
      },
      "properties": {
        "id": 752,
        "tipologiaattivita": "ALBERGHI"
      }
    },
    {
      "type": "Feature",
      "id": "v_def_strutture_ricettive_od.753",
      "geometry": {
        "type": "Point",
        "coordinates": [
          11.256266006098372,
          43.77376977567176
        ]
      },
      "properties": {
        "id": 753,
        "tipologiaattivita": "CAV"
      }
    },
    {
      "type": "Feature",
      "id": "v_def_strutture_ricettive_od.754",
      "geometry": {
        "type": "Point",
        "coordinates": [
          11.250728774386944,
          43.7742121873132
        ]
      },
      "properties": {
        "id": 754,
        "tipologiaattivita": "AFFITTACAMERE"
      }
    },
    {
      "type": "Feature",
      "id": "v_def_strutture_ricettive_od.755",
      "geometry": {
        "type": "Point",
        "coordinates": [
          11.266508233561982,
          43.77200821325632
        ]
      },
      "properties": {
        "id": 755,
        "tipologiaattivita": "AFFITTACAMERE"
      }
    },
    {
      "type": "Feature",
      "id": "v_def_strutture_ricettive_od.756",
      "geometry": {
        "type": "Point",
        "coordinates": [
          11.266508233561982,
          43.77200821325632
        ]
      },
      "properties": {
        "id": 756,
        "tipologiaattivita": "CAV"
      }
    },
    {
      "type": "Feature",
      "id": "v_def_strutture_ricettive_od.757",
      "geometry": {
        "type": "Point",
        "coordinates": [
          11.266508233561982,
          43.77200821325632
        ]
      },
      "properties": {
        "id": 757,
        "tipologiaattivita": "BED AND BREAKFAST"
      }
    },
    {
      "type": "Feature",
      "id": "v_def_strutture_ricettive_od.758",
      "geometry": {
        "type": "Point",
        "coordinates": [
          11.286932306956729,
          43.79169031768684
        ]
      },
      "properties": {
        "id": 758,
        "tipologiaattivita": "AFFITTACAMERE"
      }
    },
    {
      "type": "Feature",
      "id": "v_def_strutture_ricettive_od.759",
      "geometry": {
        "type": "Point",
        "coordinates": [
          11.238646316556485,
          43.78105822726122
        ]
      },
      "properties": {
        "id": 759,
        "tipologiaattivita": "CAV"
      }
    },
    {
      "type": "Feature",
      "id": "v_def_strutture_ricettive_od.760",
      "geometry": {
        "type": "Point",
        "coordinates": [
          11.283492969892688,
          43.794261126197426
        ]
      },
      "properties": {
        "id": 760,
        "tipologiaattivita": "CASE PER FERIE"
      }
    },
    {
      "type": "Feature",
      "id": "v_def_strutture_ricettive_od.761",
      "geometry": {
        "type": "Point",
        "coordinates": [
          11.26076694942205,
          43.76811146947829
        ]
      },
      "properties": {
        "id": 761,
        "tipologiaattivita": "AFFITTACAMERE"
      }
    },
    {
      "type": "Feature",
      "id": "v_def_strutture_ricettive_od.762",
      "geometry": {
        "type": "Point",
        "coordinates": [
          11.276308467251356,
          43.761430021798404
        ]
      },
      "properties": {
        "id": 762,
        "tipologiaattivita": "AFFITTACAMERE"
      }
    },
    {
      "type": "Feature",
      "id": "v_def_strutture_ricettive_od.763",
      "geometry": {
        "type": "Point",
        "coordinates": [
          11.252230300626593,
          43.78056762655714
        ]
      },
      "properties": {
        "id": 763,
        "tipologiaattivita": "CAV"
      }
    },
    {
      "type": "Feature",
      "id": "v_def_strutture_ricettive_od.764",
      "geometry": {
        "type": "Point",
        "coordinates": [
          11.256915224750095,
          43.771757861312054
        ]
      },
      "properties": {
        "id": 764,
        "tipologiaattivita": "CAV"
      }
    },
    {
      "type": "Feature",
      "id": "v_def_strutture_ricettive_od.765",
      "geometry": {
        "type": "Point",
        "coordinates": [
          11.256915224750095,
          43.771757861312054
        ]
      },
      "properties": {
        "id": 765,
        "tipologiaattivita": "CAV"
      }
    },
    {
      "type": "Feature",
      "id": "v_def_strutture_ricettive_od.766",
      "geometry": {
        "type": "Point",
        "coordinates": [
          11.256915224750095,
          43.771757861312054
        ]
      },
      "properties": {
        "id": 766,
        "tipologiaattivita": "CAV"
      }
    },
    {
      "type": "Feature",
      "id": "v_def_strutture_ricettive_od.767",
      "geometry": {
        "type": "Point",
        "coordinates": [
          11.256915224750095,
          43.771757861312054
        ]
      },
      "properties": {
        "id": 767,
        "tipologiaattivita": "CAV"
      }
    },
    {
      "type": "Feature",
      "id": "v_def_strutture_ricettive_od.768",
      "geometry": {
        "type": "Point",
        "coordinates": [
          11.256915224750095,
          43.771757861312054
        ]
      },
      "properties": {
        "id": 768,
        "tipologiaattivita": "CAV"
      }
    },
    {
      "type": "Feature",
      "id": "v_def_strutture_ricettive_od.769",
      "geometry": {
        "type": "Point",
        "coordinates": [
          11.256915224750095,
          43.771757861312054
        ]
      },
      "properties": {
        "id": 769,
        "tipologiaattivita": "AFFITTACAMERE"
      }
    },
    {
      "type": "Feature",
      "id": "v_def_strutture_ricettive_od.770",
      "geometry": {
        "type": "Point",
        "coordinates": [
          11.26081400813579,
          43.779807833922604
        ]
      },
      "properties": {
        "id": 770,
        "tipologiaattivita": "BED AND BREAKFAST"
      }
    },
    {
      "type": "Feature",
      "id": "v_def_strutture_ricettive_od.771",
      "geometry": {
        "type": "Point",
        "coordinates": [
          11.250073390401813,
          43.77415426896993
        ]
      },
      "properties": {
        "id": 771,
        "tipologiaattivita": "ALBERGHI"
      }
    },
    {
      "type": "Feature",
      "id": "v_def_strutture_ricettive_od.772",
      "geometry": {
        "type": "Point",
        "coordinates": [
          11.250073390401813,
          43.77415426896993
        ]
      },
      "properties": {
        "id": 772,
        "tipologiaattivita": "ALBERGHI"
      }
    },
    {
      "type": "Feature",
      "id": "v_def_strutture_ricettive_od.773",
      "geometry": {
        "type": "Point",
        "coordinates": [
          11.246682620435672,
          43.78423496430712
        ]
      },
      "properties": {
        "id": 773,
        "tipologiaattivita": "AFFITTACAMERE"
      }
    },
    {
      "type": "Feature",
      "id": "v_def_strutture_ricettive_od.774",
      "geometry": {
        "type": "Point",
        "coordinates": [
          11.255891846830723,
          43.774676954460105
        ]
      },
      "properties": {
        "id": 774,
        "tipologiaattivita": "ALBERGHI"
      }
    },
    {
      "type": "Feature",
      "id": "v_def_strutture_ricettive_od.775",
      "geometry": {
        "type": "Point",
        "coordinates": [
          11.261021263648793,
          43.769505401103274
        ]
      },
      "properties": {
        "id": 775,
        "tipologiaattivita": "CAV"
      }
    },
    {
      "type": "Feature",
      "id": "v_def_strutture_ricettive_od.776",
      "geometry": {
        "type": "Point",
        "coordinates": [
          11.282366418497334,
          43.743927965938035
        ]
      },
      "properties": {
        "id": 776,
        "tipologiaattivita": "ALBERGHI"
      }
    },
    {
      "type": "Feature",
      "id": "v_def_strutture_ricettive_od.777",
      "geometry": {
        "type": "Point",
        "coordinates": [
          11.267575495986184,
          43.77937470318441
        ]
      },
      "properties": {
        "id": 777,
        "tipologiaattivita": "ALBERGHI"
      }
    },
    {
      "type": "Feature",
      "id": "v_def_strutture_ricettive_od.778",
      "geometry": {
        "type": "Point",
        "coordinates": [
          11.25005849041657,
          43.77236162241622
        ]
      },
      "properties": {
        "id": 778,
        "tipologiaattivita": "ALBERGHI"
      }
    },
    {
      "type": "Feature",
      "id": "v_def_strutture_ricettive_od.779",
      "geometry": {
        "type": "Point",
        "coordinates": [
          11.25005849041657,
          43.77236162241622
        ]
      },
      "properties": {
        "id": 779,
        "tipologiaattivita": "ALBERGHI"
      }
    },
    {
      "type": "Feature",
      "id": "v_def_strutture_ricettive_od.780",
      "geometry": {
        "type": "Point",
        "coordinates": [
          11.23703555380451,
          43.7729663381492
        ]
      },
      "properties": {
        "id": 780,
        "tipologiaattivita": "AFFITTACAMERE"
      }
    },
    {
      "type": "Feature",
      "id": "v_def_strutture_ricettive_od.781",
      "geometry": {
        "type": "Point",
        "coordinates": [
          11.250098983566508,
          43.77224186351295
        ]
      },
      "properties": {
        "id": 781,
        "tipologiaattivita": "AFFITTACAMERE"
      }
    },
    {
      "type": "Feature",
      "id": "v_def_strutture_ricettive_od.782",
      "geometry": {
        "type": "Point",
        "coordinates": [
          11.250098983566508,
          43.77224186351295
        ]
      },
      "properties": {
        "id": 782,
        "tipologiaattivita": "AFFITTACAMERE"
      }
    },
    {
      "type": "Feature",
      "id": "v_def_strutture_ricettive_od.783",
      "geometry": {
        "type": "Point",
        "coordinates": [
          11.257388681762059,
          43.76979721069882
        ]
      },
      "properties": {
        "id": 783,
        "tipologiaattivita": "RESIDENZA D'EPOCA"
      }
    },
    {
      "type": "Feature",
      "id": "v_def_strutture_ricettive_od.784",
      "geometry": {
        "type": "Point",
        "coordinates": [
          11.252217209146126,
          43.77689044817761
        ]
      },
      "properties": {
        "id": 784,
        "tipologiaattivita": "CAV"
      }
    },
    {
      "type": "Feature",
      "id": "v_def_strutture_ricettive_od.785",
      "geometry": {
        "type": "Point",
        "coordinates": [
          11.252217209146126,
          43.77689044817761
        ]
      },
      "properties": {
        "id": 785,
        "tipologiaattivita": "AFFITTACAMERE"
      }
    },
    {
      "type": "Feature",
      "id": "v_def_strutture_ricettive_od.786",
      "geometry": {
        "type": "Point",
        "coordinates": [
          11.252217209146126,
          43.77689044817761
        ]
      },
      "properties": {
        "id": 786,
        "tipologiaattivita": "AFFITTACAMERE"
      }
    },
    {
      "type": "Feature",
      "id": "v_def_strutture_ricettive_od.787",
      "geometry": {
        "type": "Point",
        "coordinates": [
          11.252217209146126,
          43.77689044817761
        ]
      },
      "properties": {
        "id": 787,
        "tipologiaattivita": "AFFITTACAMERE"
      }
    },
    {
      "type": "Feature",
      "id": "v_def_strutture_ricettive_od.788",
      "geometry": {
        "type": "Point",
        "coordinates": [
          11.242972968076426,
          43.804504786031146
        ]
      },
      "properties": {
        "id": 788,
        "tipologiaattivita": "ALBERGHI"
      }
    },
    {
      "type": "Feature",
      "id": "v_def_strutture_ricettive_od.789",
      "geometry": {
        "type": "Point",
        "coordinates": [
          11.265914712443399,
          43.772024410552646
        ]
      },
      "properties": {
        "id": 789,
        "tipologiaattivita": "AFFITTACAMERE"
      }
    },
    {
      "type": "Feature",
      "id": "v_def_strutture_ricettive_od.790",
      "geometry": {
        "type": "Point",
        "coordinates": [
          11.24484617056697,
          43.77890014007008
        ]
      },
      "properties": {
        "id": 790,
        "tipologiaattivita": "ALBERGHI"
      }
    },
    {
      "type": "Feature",
      "id": "v_def_strutture_ricettive_od.791",
      "geometry": {
        "type": "Point",
        "coordinates": [
          11.28599090980097,
          43.77272735723825
        ]
      },
      "properties": {
        "id": 791,
        "tipologiaattivita": "AFFITTACAMERE"
      }
    },
    {
      "type": "Feature",
      "id": "v_def_strutture_ricettive_od.792",
      "geometry": {
        "type": "Point",
        "coordinates": [
          11.251118810912816,
          43.774964979616705
        ]
      },
      "properties": {
        "id": 792,
        "tipologiaattivita": "ALBERGHI"
      }
    },
    {
      "type": "Feature",
      "id": "v_def_strutture_ricettive_od.793",
      "geometry": {
        "type": "Point",
        "coordinates": [
          11.253911201014537,
          43.773115897435254
        ]
      },
      "properties": {
        "id": 793,
        "tipologiaattivita": "CAV"
      }
    },
    {
      "type": "Feature",
      "id": "v_def_strutture_ricettive_od.794",
      "geometry": {
        "type": "Point",
        "coordinates": [
          11.253911201014537,
          43.773115897435254
        ]
      },
      "properties": {
        "id": 794,
        "tipologiaattivita": "BED AND BREAKFAST"
      }
    },
    {
      "type": "Feature",
      "id": "v_def_strutture_ricettive_od.795",
      "geometry": {
        "type": "Point",
        "coordinates": [
          11.246057981316273,
          43.764116770382515
        ]
      },
      "properties": {
        "id": 795,
        "tipologiaattivita": "BED AND BREAKFAST"
      }
    },
    {
      "type": "Feature",
      "id": "v_def_strutture_ricettive_od.796",
      "geometry": {
        "type": "Point",
        "coordinates": [
          11.255446539492636,
          43.78474186541798
        ]
      },
      "properties": {
        "id": 796,
        "tipologiaattivita": "ALBERGHI"
      }
    },
    {
      "type": "Feature",
      "id": "v_def_strutture_ricettive_od.797",
      "geometry": {
        "type": "Point",
        "coordinates": [
          11.238626447977145,
          43.77927686928854
        ]
      },
      "properties": {
        "id": 797,
        "tipologiaattivita": "RESIDENCE"
      }
    },
    {
      "type": "Feature",
      "id": "v_def_strutture_ricettive_od.798",
      "geometry": {
        "type": "Point",
        "coordinates": [
          11.242722416141085,
          43.77923061936374
        ]
      },
      "properties": {
        "id": 798,
        "tipologiaattivita": "AFFITTACAMERE"
      }
    },
    {
      "type": "Feature",
      "id": "v_def_strutture_ricettive_od.799",
      "geometry": {
        "type": "Point",
        "coordinates": [
          11.248708703973294,
          43.77325660583008
        ]
      },
      "properties": {
        "id": 799,
        "tipologiaattivita": "ALBERGHI"
      }
    },
    {
      "type": "Feature",
      "id": "v_def_strutture_ricettive_od.800",
      "geometry": {
        "type": "Point",
        "coordinates": [
          11.241335063129279,
          43.77617891027281
        ]
      },
      "properties": {
        "id": 800,
        "tipologiaattivita": "CAV"
      }
    },
    {
      "type": "Feature",
      "id": "v_def_strutture_ricettive_od.801",
      "geometry": {
        "type": "Point",
        "coordinates": [
          11.226326093618825,
          43.785983430093644
        ]
      },
      "properties": {
        "id": 801,
        "tipologiaattivita": "CAV"
      }
    },
    {
      "type": "Feature",
      "id": "v_def_strutture_ricettive_od.802",
      "geometry": {
        "type": "Point",
        "coordinates": [
          11.285424500149608,
          43.768713539346386
        ]
      },
      "properties": {
        "id": 802,
        "tipologiaattivita": "ALBERGHI"
      }
    },
    {
      "type": "Feature",
      "id": "v_def_strutture_ricettive_od.803",
      "geometry": {
        "type": "Point",
        "coordinates": [
          11.254105489143873,
          43.76826922311415
        ]
      },
      "properties": {
        "id": 803,
        "tipologiaattivita": "AFFITTACAMERE"
      }
    },
    {
      "type": "Feature",
      "id": "v_def_strutture_ricettive_od.804",
      "geometry": {
        "type": "Point",
        "coordinates": [
          11.254105489143873,
          43.76826922311415
        ]
      },
      "properties": {
        "id": 804,
        "tipologiaattivita": "AFFITTACAMERE"
      }
    },
    {
      "type": "Feature",
      "id": "v_def_strutture_ricettive_od.805",
      "geometry": {
        "type": "Point",
        "coordinates": [
          11.254060523266293,
          43.77081761187693
        ]
      },
      "properties": {
        "id": 805,
        "tipologiaattivita": "CAV"
      }
    },
    {
      "type": "Feature",
      "id": "v_def_strutture_ricettive_od.806",
      "geometry": {
        "type": "Point",
        "coordinates": [
          11.254060523266293,
          43.77081761187693
        ]
      },
      "properties": {
        "id": 806,
        "tipologiaattivita": "ALBERGHI"
      }
    },
    {
      "type": "Feature",
      "id": "v_def_strutture_ricettive_od.807",
      "geometry": {
        "type": "Point",
        "coordinates": [
          11.245102950614388,
          43.77595570124936
        ]
      },
      "properties": {
        "id": 807,
        "tipologiaattivita": "AFFITTACAMERE"
      }
    },
    {
      "type": "Feature",
      "id": "v_def_strutture_ricettive_od.808",
      "geometry": {
        "type": "Point",
        "coordinates": [
          11.240605999350889,
          43.76903773122209
        ]
      },
      "properties": {
        "id": 808,
        "tipologiaattivita": "CAV"
      }
    },
    {
      "type": "Feature",
      "id": "v_def_strutture_ricettive_od.809",
      "geometry": {
        "type": "Point",
        "coordinates": [
          11.258784132054169,
          43.78759071867615
        ]
      },
      "properties": {
        "id": 809,
        "tipologiaattivita": "CAV"
      }
    },
    {
      "type": "Feature",
      "id": "v_def_strutture_ricettive_od.810",
      "geometry": {
        "type": "Point",
        "coordinates": [
          11.211292624921692,
          43.76589495741725
        ]
      },
      "properties": {
        "id": 810,
        "tipologiaattivita": "BED AND BREAKFAST"
      }
    },
    {
      "type": "Feature",
      "id": "v_def_strutture_ricettive_od.811",
      "geometry": {
        "type": "Point",
        "coordinates": [
          11.230875161363683,
          43.78549421426782
        ]
      },
      "properties": {
        "id": 811,
        "tipologiaattivita": "AFFITTACAMERE"
      }
    },
    {
      "type": "Feature",
      "id": "v_def_strutture_ricettive_od.812",
      "geometry": {
        "type": "Point",
        "coordinates": [
          11.230875161363683,
          43.78549421426782
        ]
      },
      "properties": {
        "id": 812,
        "tipologiaattivita": "AFFITTACAMERE"
      }
    },
    {
      "type": "Feature",
      "id": "v_def_strutture_ricettive_od.813",
      "geometry": {
        "type": "Point",
        "coordinates": [
          11.265615010662426,
          43.76935793726259
        ]
      },
      "properties": {
        "id": 813,
        "tipologiaattivita": "ALBERGHI"
      }
    },
    {
      "type": "Feature",
      "id": "v_def_strutture_ricettive_od.814",
      "geometry": {
        "type": "Point",
        "coordinates": [
          11.242727154568279,
          43.78135400304698
        ]
      },
      "properties": {
        "id": 814,
        "tipologiaattivita": "AFFITTACAMERE"
      }
    },
    {
      "type": "Feature",
      "id": "v_def_strutture_ricettive_od.815",
      "geometry": {
        "type": "Point",
        "coordinates": [
          11.257114524038654,
          43.7810074517061
        ]
      },
      "properties": {
        "id": 815,
        "tipologiaattivita": "AFFITTACAMERE"
      }
    },
    {
      "type": "Feature",
      "id": "v_def_strutture_ricettive_od.816",
      "geometry": {
        "type": "Point",
        "coordinates": [
          11.28570869202802,
          43.76695365150036
        ]
      },
      "properties": {
        "id": 816,
        "tipologiaattivita": "AFFITTACAMERE"
      }
    },
    {
      "type": "Feature",
      "id": "v_def_strutture_ricettive_od.817",
      "geometry": {
        "type": "Point",
        "coordinates": [
          11.28570869202802,
          43.76695365150036
        ]
      },
      "properties": {
        "id": 817,
        "tipologiaattivita": "AFFITTACAMERE"
      }
    },
    {
      "type": "Feature",
      "id": "v_def_strutture_ricettive_od.818",
      "geometry": {
        "type": "Point",
        "coordinates": [
          11.28570869202802,
          43.76695365150036
        ]
      },
      "properties": {
        "id": 818,
        "tipologiaattivita": null
      }
    },
    {
      "type": "Feature",
      "id": "v_def_strutture_ricettive_od.819",
      "geometry": {
        "type": "Point",
        "coordinates": [
          11.28570869202802,
          43.76695365150036
        ]
      },
      "properties": {
        "id": 819,
        "tipologiaattivita": "BED AND BREAKFAST"
      }
    },
    {
      "type": "Feature",
      "id": "v_def_strutture_ricettive_od.820",
      "geometry": {
        "type": "Point",
        "coordinates": [
          11.267410168154422,
          43.77954971891821
        ]
      },
      "properties": {
        "id": 820,
        "tipologiaattivita": "AFFITTACAMERE"
      }
    },
    {
      "type": "Feature",
      "id": "v_def_strutture_ricettive_od.821",
      "geometry": {
        "type": "Point",
        "coordinates": [
          11.233271502621832,
          43.77065047313502
        ]
      },
      "properties": {
        "id": 821,
        "tipologiaattivita": "ALBERGHI"
      }
    },
    {
      "type": "Feature",
      "id": "v_def_strutture_ricettive_od.822",
      "geometry": {
        "type": "Point",
        "coordinates": [
          11.23905967961454,
          43.765753441680964
        ]
      },
      "properties": {
        "id": 822,
        "tipologiaattivita": "OSTELLO"
      }
    },
    {
      "type": "Feature",
      "id": "v_def_strutture_ricettive_od.823",
      "geometry": {
        "type": "Point",
        "coordinates": [
          11.24836103841023,
          43.77351002192844
        ]
      },
      "properties": {
        "id": 823,
        "tipologiaattivita": "ALBERGHI"
      }
    },
    {
      "type": "Feature",
      "id": "v_def_strutture_ricettive_od.824",
      "geometry": {
        "type": "Point",
        "coordinates": [
          11.243468585515076,
          43.780765782017156
        ]
      },
      "properties": {
        "id": 824,
        "tipologiaattivita": "AFFITTACAMERE"
      }
    },
    {
      "type": "Feature",
      "id": "v_def_strutture_ricettive_od.825",
      "geometry": {
        "type": "Point",
        "coordinates": [
          11.243468585515076,
          43.780765782017156
        ]
      },
      "properties": {
        "id": 825,
        "tipologiaattivita": "BED AND BREAKFAST"
      }
    },
    {
      "type": "Feature",
      "id": "v_def_strutture_ricettive_od.826",
      "geometry": {
        "type": "Point",
        "coordinates": [
          11.243468585515076,
          43.780765782017156
        ]
      },
      "properties": {
        "id": 826,
        "tipologiaattivita": "BED AND BREAKFAST"
      }
    },
    {
      "type": "Feature",
      "id": "v_def_strutture_ricettive_od.827",
      "geometry": {
        "type": "Point",
        "coordinates": [
          11.260553785349634,
          43.77211638078175
        ]
      },
      "properties": {
        "id": 827,
        "tipologiaattivita": "AFFITTACAMERE"
      }
    },
    {
      "type": "Feature",
      "id": "v_def_strutture_ricettive_od.828",
      "geometry": {
        "type": "Point",
        "coordinates": [
          11.257881884189725,
          43.77735721229257
        ]
      },
      "properties": {
        "id": 828,
        "tipologiaattivita": "AFFITTACAMERE"
      }
    },
    {
      "type": "Feature",
      "id": "v_def_strutture_ricettive_od.829",
      "geometry": {
        "type": "Point",
        "coordinates": [
          11.257881884189725,
          43.77735721229257
        ]
      },
      "properties": {
        "id": 829,
        "tipologiaattivita": "AFFITTACAMERE"
      }
    },
    {
      "type": "Feature",
      "id": "v_def_strutture_ricettive_od.830",
      "geometry": {
        "type": "Point",
        "coordinates": [
          11.257881884189725,
          43.77735721229257
        ]
      },
      "properties": {
        "id": 830,
        "tipologiaattivita": "AFFITTACAMERE"
      }
    },
    {
      "type": "Feature",
      "id": "v_def_strutture_ricettive_od.831",
      "geometry": {
        "type": "Point",
        "coordinates": [
          11.257881884189725,
          43.77735721229257
        ]
      },
      "properties": {
        "id": 831,
        "tipologiaattivita": "CAV"
      }
    },
    {
      "type": "Feature",
      "id": "v_def_strutture_ricettive_od.832",
      "geometry": {
        "type": "Point",
        "coordinates": [
          11.257881884189725,
          43.77735721229257
        ]
      },
      "properties": {
        "id": 832,
        "tipologiaattivita": "AFFITTACAMERE"
      }
    },
    {
      "type": "Feature",
      "id": "v_def_strutture_ricettive_od.833",
      "geometry": {
        "type": "Point",
        "coordinates": [
          11.257881884189725,
          43.77735721229257
        ]
      },
      "properties": {
        "id": 833,
        "tipologiaattivita": "BED AND BREAKFAST"
      }
    },
    {
      "type": "Feature",
      "id": "v_def_strutture_ricettive_od.834",
      "geometry": {
        "type": "Point",
        "coordinates": [
          11.257881884189725,
          43.77735721229257
        ]
      },
      "properties": {
        "id": 834,
        "tipologiaattivita": "AFFITTACAMERE"
      }
    },
    {
      "type": "Feature",
      "id": "v_def_strutture_ricettive_od.835",
      "geometry": {
        "type": "Point",
        "coordinates": [
          11.250579420369451,
          43.77224023527623
        ]
      },
      "properties": {
        "id": 835,
        "tipologiaattivita": "CAV"
      }
    },
    {
      "type": "Feature",
      "id": "v_def_strutture_ricettive_od.836",
      "geometry": {
        "type": "Point",
        "coordinates": [
          11.249143838307369,
          43.76849596832204
        ]
      },
      "properties": {
        "id": 836,
        "tipologiaattivita": "RESIDENZA D'EPOCA"
      }
    },
    {
      "type": "Feature",
      "id": "v_def_strutture_ricettive_od.837",
      "geometry": {
        "type": "Point",
        "coordinates": [
          11.258786437653347,
          43.76856850351073
        ]
      },
      "properties": {
        "id": 837,
        "tipologiaattivita": "BED AND BREAKFAST"
      }
    },
    {
      "type": "Feature",
      "id": "v_def_strutture_ricettive_od.838",
      "geometry": {
        "type": "Point",
        "coordinates": [
          11.278454670333694,
          43.77868880409582
        ]
      },
      "properties": {
        "id": 838,
        "tipologiaattivita": "AFFITTACAMERE"
      }
    },
    {
      "type": "Feature",
      "id": "v_def_strutture_ricettive_od.839",
      "geometry": {
        "type": "Point",
        "coordinates": [
          11.23620343058916,
          43.787417137558464
        ]
      },
      "properties": {
        "id": 839,
        "tipologiaattivita": "CAV"
      }
    },
    {
      "type": "Feature",
      "id": "v_def_strutture_ricettive_od.840",
      "geometry": {
        "type": "Point",
        "coordinates": [
          11.245332161673215,
          43.765953847519214
        ]
      },
      "properties": {
        "id": 840,
        "tipologiaattivita": "CAV"
      }
    },
    {
      "type": "Feature",
      "id": "v_def_strutture_ricettive_od.841",
      "geometry": {
        "type": "Point",
        "coordinates": [
          11.29774892155445,
          43.77584090742563
        ]
      },
      "properties": {
        "id": 841,
        "tipologiaattivita": "BED AND BREAKFAST"
      }
    },
    {
      "type": "Feature",
      "id": "v_def_strutture_ricettive_od.842",
      "geometry": {
        "type": "Point",
        "coordinates": [
          11.246401124267681,
          43.7748860711746
        ]
      },
      "properties": {
        "id": 842,
        "tipologiaattivita": "BED AND BREAKFAST"
      }
    },
    {
      "type": "Feature",
      "id": "v_def_strutture_ricettive_od.843",
      "geometry": {
        "type": "Point",
        "coordinates": [
          11.246401124267681,
          43.7748860711746
        ]
      },
      "properties": {
        "id": 843,
        "tipologiaattivita": "BED AND BREAKFAST"
      }
    },
    {
      "type": "Feature",
      "id": "v_def_strutture_ricettive_od.844",
      "geometry": {
        "type": "Point",
        "coordinates": [
          11.258962847269043,
          43.780622977714806
        ]
      },
      "properties": {
        "id": 844,
        "tipologiaattivita": "BED AND BREAKFAST"
      }
    },
    {
      "type": "Feature",
      "id": "v_def_strutture_ricettive_od.845",
      "geometry": {
        "type": "Point",
        "coordinates": [
          11.258962847269043,
          43.780622977714806
        ]
      },
      "properties": {
        "id": 845,
        "tipologiaattivita": "AFFITTACAMERE"
      }
    },
    {
      "type": "Feature",
      "id": "v_def_strutture_ricettive_od.846",
      "geometry": {
        "type": "Point",
        "coordinates": [
          11.265643161458206,
          43.776088635541704
        ]
      },
      "properties": {
        "id": 846,
        "tipologiaattivita": "BED AND BREAKFAST"
      }
    },
    {
      "type": "Feature",
      "id": "v_def_strutture_ricettive_od.847",
      "geometry": {
        "type": "Point",
        "coordinates": [
          11.243597125649876,
          43.77688043924944
        ]
      },
      "properties": {
        "id": 847,
        "tipologiaattivita": "CAV"
      }
    },
    {
      "type": "Feature",
      "id": "v_def_strutture_ricettive_od.848",
      "geometry": {
        "type": "Point",
        "coordinates": [
          11.252186014592146,
          43.76762151867734
        ]
      },
      "properties": {
        "id": 848,
        "tipologiaattivita": "CAV"
      }
    },
    {
      "type": "Feature",
      "id": "v_def_strutture_ricettive_od.849",
      "geometry": {
        "type": "Point",
        "coordinates": [
          11.254553291760768,
          43.772633356224475
        ]
      },
      "properties": {
        "id": 849,
        "tipologiaattivita": "AFFITTACAMERE"
      }
    },
    {
      "type": "Feature",
      "id": "v_def_strutture_ricettive_od.850",
      "geometry": {
        "type": "Point",
        "coordinates": [
          11.254553291760768,
          43.772633356224475
        ]
      },
      "properties": {
        "id": 850,
        "tipologiaattivita": "BED AND BREAKFAST"
      }
    },
    {
      "type": "Feature",
      "id": "v_def_strutture_ricettive_od.851",
      "geometry": {
        "type": "Point",
        "coordinates": [
          11.253562253833564,
          43.77807922856207
        ]
      },
      "properties": {
        "id": 851,
        "tipologiaattivita": "ALBERGHI"
      }
    },
    {
      "type": "Feature",
      "id": "v_def_strutture_ricettive_od.852",
      "geometry": {
        "type": "Point",
        "coordinates": [
          11.253562253833564,
          43.77807922856207
        ]
      },
      "properties": {
        "id": 852,
        "tipologiaattivita": "ALBERGHI"
      }
    },
    {
      "type": "Feature",
      "id": "v_def_strutture_ricettive_od.853",
      "geometry": {
        "type": "Point",
        "coordinates": [
          11.24588636461537,
          43.7567907689294
        ]
      },
      "properties": {
        "id": 853,
        "tipologiaattivita": "RESIDENZA D'EPOCA"
      }
    },
    {
      "type": "Feature",
      "id": "v_def_strutture_ricettive_od.854",
      "geometry": {
        "type": "Point",
        "coordinates": [
          11.240511209525794,
          43.7844500578427
        ]
      },
      "properties": {
        "id": 854,
        "tipologiaattivita": "AFFITTACAMERE"
      }
    },
    {
      "type": "Feature",
      "id": "v_def_strutture_ricettive_od.855",
      "geometry": {
        "type": "Point",
        "coordinates": [
          11.249697636623287,
          43.77209107585361
        ]
      },
      "properties": {
        "id": 855,
        "tipologiaattivita": "AFFITTACAMERE"
      }
    },
    {
      "type": "Feature",
      "id": "v_def_strutture_ricettive_od.856",
      "geometry": {
        "type": "Point",
        "coordinates": [
          11.254769352661134,
          43.77844570639851
        ]
      },
      "properties": {
        "id": 856,
        "tipologiaattivita": "AFFITTACAMERE"
      }
    },
    {
      "type": "Feature",
      "id": "v_def_strutture_ricettive_od.857",
      "geometry": {
        "type": "Point",
        "coordinates": [
          11.254769352661134,
          43.77844570639851
        ]
      },
      "properties": {
        "id": 857,
        "tipologiaattivita": "BED AND BREAKFAST"
      }
    },
    {
      "type": "Feature",
      "id": "v_def_strutture_ricettive_od.858",
      "geometry": {
        "type": "Point",
        "coordinates": [
          11.284646985622587,
          43.76932032606889
        ]
      },
      "properties": {
        "id": 858,
        "tipologiaattivita": "BED AND BREAKFAST"
      }
    },
    {
      "type": "Feature",
      "id": "v_def_strutture_ricettive_od.859",
      "geometry": {
        "type": "Point",
        "coordinates": [
          11.260263090581441,
          43.7818283362449
        ]
      },
      "properties": {
        "id": 859,
        "tipologiaattivita": "AFFITTACAMERE"
      }
    },
    {
      "type": "Feature",
      "id": "v_def_strutture_ricettive_od.860",
      "geometry": {
        "type": "Point",
        "coordinates": [
          11.256317399909143,
          43.77352902355213
        ]
      },
      "properties": {
        "id": 860,
        "tipologiaattivita": "ALBERGHI"
      }
    },
    {
      "type": "Feature",
      "id": "v_def_strutture_ricettive_od.861",
      "geometry": {
        "type": "Point",
        "coordinates": [
          11.256317399909143,
          43.77352902355213
        ]
      },
      "properties": {
        "id": 861,
        "tipologiaattivita": "BED AND BREAKFAST"
      }
    },
    {
      "type": "Feature",
      "id": "v_def_strutture_ricettive_od.862",
      "geometry": {
        "type": "Point",
        "coordinates": [
          11.259239078938228,
          43.76779156943147
        ]
      },
      "properties": {
        "id": 862,
        "tipologiaattivita": "CAV"
      }
    },
    {
      "type": "Feature",
      "id": "v_def_strutture_ricettive_od.863",
      "geometry": {
        "type": "Point",
        "coordinates": [
          11.260235783197565,
          43.769038733051886
        ]
      },
      "properties": {
        "id": 863,
        "tipologiaattivita": "AFFITTACAMERE"
      }
    },
    {
      "type": "Feature",
      "id": "v_def_strutture_ricettive_od.864",
      "geometry": {
        "type": "Point",
        "coordinates": [
          11.258532986759267,
          43.780195247196794
        ]
      },
      "properties": {
        "id": 864,
        "tipologiaattivita": "AFFITTACAMERE"
      }
    },
    {
      "type": "Feature",
      "id": "v_def_strutture_ricettive_od.865",
      "geometry": {
        "type": "Point",
        "coordinates": [
          11.258532986759267,
          43.780195247196794
        ]
      },
      "properties": {
        "id": 865,
        "tipologiaattivita": "AFFITTACAMERE"
      }
    },
    {
      "type": "Feature",
      "id": "v_def_strutture_ricettive_od.866",
      "geometry": {
        "type": "Point",
        "coordinates": [
          11.246497872077757,
          43.775316212954834
        ]
      },
      "properties": {
        "id": 866,
        "tipologiaattivita": "ALBERGHI"
      }
    },
    {
      "type": "Feature",
      "id": "v_def_strutture_ricettive_od.867",
      "geometry": {
        "type": "Point",
        "coordinates": [
          11.255404854682904,
          43.773848037047166
        ]
      },
      "properties": {
        "id": 867,
        "tipologiaattivita": "AFFITTACAMERE"
      }
    },
    {
      "type": "Feature",
      "id": "v_def_strutture_ricettive_od.868",
      "geometry": {
        "type": "Point",
        "coordinates": [
          11.255404854682904,
          43.773848037047166
        ]
      },
      "properties": {
        "id": 868,
        "tipologiaattivita": "AFFITTACAMERE"
      }
    },
    {
      "type": "Feature",
      "id": "v_def_strutture_ricettive_od.869",
      "geometry": {
        "type": "Point",
        "coordinates": [
          11.255404854682904,
          43.773848037047166
        ]
      },
      "properties": {
        "id": 869,
        "tipologiaattivita": "AFFITTACAMERE"
      }
    },
    {
      "type": "Feature",
      "id": "v_def_strutture_ricettive_od.870",
      "geometry": {
        "type": "Point",
        "coordinates": [
          11.256774148276497,
          43.77877929442916
        ]
      },
      "properties": {
        "id": 870,
        "tipologiaattivita": "AFFITTACAMERE"
      }
    },
    {
      "type": "Feature",
      "id": "v_def_strutture_ricettive_od.871",
      "geometry": {
        "type": "Point",
        "coordinates": [
          11.256774148276497,
          43.77877929442916
        ]
      },
      "properties": {
        "id": 871,
        "tipologiaattivita": "AFFITTACAMERE"
      }
    },
    {
      "type": "Feature",
      "id": "v_def_strutture_ricettive_od.872",
      "geometry": {
        "type": "Point",
        "coordinates": [
          11.256774148276497,
          43.77877929442916
        ]
      },
      "properties": {
        "id": 872,
        "tipologiaattivita": "AFFITTACAMERE"
      }
    },
    {
      "type": "Feature",
      "id": "v_def_strutture_ricettive_od.873",
      "geometry": {
        "type": "Point",
        "coordinates": [
          11.256774148276497,
          43.77877929442916
        ]
      },
      "properties": {
        "id": 873,
        "tipologiaattivita": "AFFITTACAMERE"
      }
    },
    {
      "type": "Feature",
      "id": "v_def_strutture_ricettive_od.874",
      "geometry": {
        "type": "Point",
        "coordinates": [
          11.228387776153903,
          43.78538497516345
        ]
      },
      "properties": {
        "id": 874,
        "tipologiaattivita": "CAV"
      }
    },
    {
      "type": "Feature",
      "id": "v_def_strutture_ricettive_od.875",
      "geometry": {
        "type": "Point",
        "coordinates": [
          11.256578939422756,
          43.7709468672118
        ]
      },
      "properties": {
        "id": 875,
        "tipologiaattivita": "BED AND BREAKFAST"
      }
    },
    {
      "type": "Feature",
      "id": "v_def_strutture_ricettive_od.876",
      "geometry": {
        "type": "Point",
        "coordinates": [
          11.27235430313539,
          43.783525740519785
        ]
      },
      "properties": {
        "id": 876,
        "tipologiaattivita": "CAV"
      }
    },
    {
      "type": "Feature",
      "id": "v_def_strutture_ricettive_od.877",
      "geometry": {
        "type": "Point",
        "coordinates": [
          11.233377670386869,
          43.77230833766326
        ]
      },
      "properties": {
        "id": 877,
        "tipologiaattivita": "BED AND BREAKFAST"
      }
    },
    {
      "type": "Feature",
      "id": "v_def_strutture_ricettive_od.878",
      "geometry": {
        "type": "Point",
        "coordinates": [
          11.235334488996074,
          43.7990070296958
        ]
      },
      "properties": {
        "id": 878,
        "tipologiaattivita": "ALBERGHI"
      }
    },
    {
      "type": "Feature",
      "id": "v_def_strutture_ricettive_od.879",
      "geometry": {
        "type": "Point",
        "coordinates": [
          11.251462475322025,
          43.76677134742738
        ]
      },
      "properties": {
        "id": 879,
        "tipologiaattivita": "BED AND BREAKFAST"
      }
    },
    {
      "type": "Feature",
      "id": "v_def_strutture_ricettive_od.880",
      "geometry": {
        "type": "Point",
        "coordinates": [
          11.251462475322025,
          43.76677134742738
        ]
      },
      "properties": {
        "id": 880,
        "tipologiaattivita": "CAV"
      }
    },
    {
      "type": "Feature",
      "id": "v_def_strutture_ricettive_od.881",
      "geometry": {
        "type": "Point",
        "coordinates": [
          11.251462475322025,
          43.76677134742738
        ]
      },
      "properties": {
        "id": 881,
        "tipologiaattivita": "RESIDENZA D'EPOCA"
      }
    },
    {
      "type": "Feature",
      "id": "v_def_strutture_ricettive_od.882",
      "geometry": {
        "type": "Point",
        "coordinates": [
          11.251462475322025,
          43.76677134742738
        ]
      },
      "properties": {
        "id": 882,
        "tipologiaattivita": "ALBERGHI"
      }
    },
    {
      "type": "Feature",
      "id": "v_def_strutture_ricettive_od.883",
      "geometry": {
        "type": "Point",
        "coordinates": [
          11.251462475322025,
          43.76677134742738
        ]
      },
      "properties": {
        "id": 883,
        "tipologiaattivita": "RESIDENZA D'EPOCA"
      }
    },
    {
      "type": "Feature",
      "id": "v_def_strutture_ricettive_od.884",
      "geometry": {
        "type": "Point",
        "coordinates": [
          11.251462475322025,
          43.76677134742738
        ]
      },
      "properties": {
        "id": 884,
        "tipologiaattivita": "AFFITTACAMERE"
      }
    },
    {
      "type": "Feature",
      "id": "v_def_strutture_ricettive_od.885",
      "geometry": {
        "type": "Point",
        "coordinates": [
          11.258321518541562,
          43.774570249195136
        ]
      },
      "properties": {
        "id": 885,
        "tipologiaattivita": "CAV"
      }
    },
    {
      "type": "Feature",
      "id": "v_def_strutture_ricettive_od.886",
      "geometry": {
        "type": "Point",
        "coordinates": [
          11.258321518541562,
          43.774570249195136
        ]
      },
      "properties": {
        "id": 886,
        "tipologiaattivita": "CAV"
      }
    },
    {
      "type": "Feature",
      "id": "v_def_strutture_ricettive_od.887",
      "geometry": {
        "type": "Point",
        "coordinates": [
          11.258321518541562,
          43.774570249195136
        ]
      },
      "properties": {
        "id": 887,
        "tipologiaattivita": "CAV"
      }
    },
    {
      "type": "Feature",
      "id": "v_def_strutture_ricettive_od.888",
      "geometry": {
        "type": "Point",
        "coordinates": [
          11.215528721393918,
          43.73624250672838
        ]
      },
      "properties": {
        "id": 888,
        "tipologiaattivita": "AGRITURISMO"
      }
    },
    {
      "type": "Feature",
      "id": "v_def_strutture_ricettive_od.889",
      "geometry": {
        "type": "Point",
        "coordinates": [
          11.258746000097442,
          43.77480042112217
        ]
      },
      "properties": {
        "id": 889,
        "tipologiaattivita": "CAV"
      }
    },
    {
      "type": "Feature",
      "id": "v_def_strutture_ricettive_od.890",
      "geometry": {
        "type": "Point",
        "coordinates": [
          11.233755075584918,
          43.795221534175425
        ]
      },
      "properties": {
        "id": 890,
        "tipologiaattivita": "AFFITTACAMERE"
      }
    },
    {
      "type": "Feature",
      "id": "v_def_strutture_ricettive_od.891",
      "geometry": {
        "type": "Point",
        "coordinates": [
          11.238460737169536,
          43.78109721079482
        ]
      },
      "properties": {
        "id": 891,
        "tipologiaattivita": "AFFITTACAMERE"
      }
    },
    {
      "type": "Feature",
      "id": "v_def_strutture_ricettive_od.892",
      "geometry": {
        "type": "Point",
        "coordinates": [
          11.251639219676502,
          43.76694777875893
        ]
      },
      "properties": {
        "id": 892,
        "tipologiaattivita": "CAV"
      }
    },
    {
      "type": "Feature",
      "id": "v_def_strutture_ricettive_od.893",
      "geometry": {
        "type": "Point",
        "coordinates": [
          11.25464758887182,
          43.77773573244868
        ]
      },
      "properties": {
        "id": 893,
        "tipologiaattivita": "CAV"
      }
    },
    {
      "type": "Feature",
      "id": "v_def_strutture_ricettive_od.894",
      "geometry": {
        "type": "Point",
        "coordinates": [
          11.263770521795113,
          43.77331723516153
        ]
      },
      "properties": {
        "id": 894,
        "tipologiaattivita": "AFFITTACAMERE"
      }
    },
    {
      "type": "Feature",
      "id": "v_def_strutture_ricettive_od.895",
      "geometry": {
        "type": "Point",
        "coordinates": [
          11.268028722196425,
          43.76686522256636
        ]
      },
      "properties": {
        "id": 895,
        "tipologiaattivita": "ALBERGHI"
      }
    },
    {
      "type": "Feature",
      "id": "v_def_strutture_ricettive_od.896",
      "geometry": {
        "type": "Point",
        "coordinates": [
          11.24592344544738,
          43.77397072564422
        ]
      },
      "properties": {
        "id": 896,
        "tipologiaattivita": "CAV"
      }
    },
    {
      "type": "Feature",
      "id": "v_def_strutture_ricettive_od.897",
      "geometry": {
        "type": "Point",
        "coordinates": [
          11.24581078649361,
          43.763996834737576
        ]
      },
      "properties": {
        "id": 897,
        "tipologiaattivita": "AFFITTACAMERE"
      }
    },
    {
      "type": "Feature",
      "id": "v_def_strutture_ricettive_od.898",
      "geometry": {
        "type": "Point",
        "coordinates": [
          11.265512541570478,
          43.7826057471766
        ]
      },
      "properties": {
        "id": 898,
        "tipologiaattivita": "CAV"
      }
    },
    {
      "type": "Feature",
      "id": "v_def_strutture_ricettive_od.899",
      "geometry": {
        "type": "Point",
        "coordinates": [
          11.23723877581655,
          43.77277399933725
        ]
      },
      "properties": {
        "id": 899,
        "tipologiaattivita": "BED AND BREAKFAST"
      }
    },
    {
      "type": "Feature",
      "id": "v_def_strutture_ricettive_od.900",
      "geometry": {
        "type": "Point",
        "coordinates": [
          11.261938287987087,
          43.77399634570319
        ]
      },
      "properties": {
        "id": 900,
        "tipologiaattivita": "RESIDENCE"
      }
    },
    {
      "type": "Feature",
      "id": "v_def_strutture_ricettive_od.901",
      "geometry": {
        "type": "Point",
        "coordinates": [
          11.250143020479303,
          43.77709855882523
        ]
      },
      "properties": {
        "id": 901,
        "tipologiaattivita": "ALBERGHI"
      }
    },
    {
      "type": "Feature",
      "id": "v_def_strutture_ricettive_od.902",
      "geometry": {
        "type": "Point",
        "coordinates": [
          11.24659057705021,
          43.79250554282846
        ]
      },
      "properties": {
        "id": 902,
        "tipologiaattivita": "AFFITTACAMERE"
      }
    },
    {
      "type": "Feature",
      "id": "v_def_strutture_ricettive_od.903",
      "geometry": {
        "type": "Point",
        "coordinates": [
          11.235835293942205,
          43.78752946305424
        ]
      },
      "properties": {
        "id": 903,
        "tipologiaattivita": "CAV"
      }
    },
    {
      "type": "Feature",
      "id": "v_def_strutture_ricettive_od.904",
      "geometry": {
        "type": "Point",
        "coordinates": [
          11.242400248254118,
          43.77326402378441
        ]
      },
      "properties": {
        "id": 904,
        "tipologiaattivita": "ALBERGHI"
      }
    },
    {
      "type": "Feature",
      "id": "v_def_strutture_ricettive_od.905",
      "geometry": {
        "type": "Point",
        "coordinates": [
          11.256524048044168,
          43.77410538155049
        ]
      },
      "properties": {
        "id": 905,
        "tipologiaattivita": "AFFITTACAMERE"
      }
    },
    {
      "type": "Feature",
      "id": "v_def_strutture_ricettive_od.906",
      "geometry": {
        "type": "Point",
        "coordinates": [
          11.251046075038248,
          43.7739959589128
        ]
      },
      "properties": {
        "id": 906,
        "tipologiaattivita": "ALBERGHI"
      }
    },
    {
      "type": "Feature",
      "id": "v_def_strutture_ricettive_od.907",
      "geometry": {
        "type": "Point",
        "coordinates": [
          11.252457146218786,
          43.77532812747096
        ]
      },
      "properties": {
        "id": 907,
        "tipologiaattivita": "CAV"
      }
    },
    {
      "type": "Feature",
      "id": "v_def_strutture_ricettive_od.908",
      "geometry": {
        "type": "Point",
        "coordinates": [
          11.253097148774659,
          43.77389765301955
        ]
      },
      "properties": {
        "id": 908,
        "tipologiaattivita": "RESIDENZA D'EPOCA"
      }
    },
    {
      "type": "Feature",
      "id": "v_def_strutture_ricettive_od.909",
      "geometry": {
        "type": "Point",
        "coordinates": [
          11.253097148774659,
          43.77389765301955
        ]
      },
      "properties": {
        "id": 909,
        "tipologiaattivita": "ALBERGHI"
      }
    },
    {
      "type": "Feature",
      "id": "v_def_strutture_ricettive_od.910",
      "geometry": {
        "type": "Point",
        "coordinates": [
          11.236028094507493,
          43.781945533606525
        ]
      },
      "properties": {
        "id": 910,
        "tipologiaattivita": "AFFITTACAMERE"
      }
    },
    {
      "type": "Feature",
      "id": "v_def_strutture_ricettive_od.911",
      "geometry": {
        "type": "Point",
        "coordinates": [
          11.234611457877044,
          43.77020858241102
        ]
      },
      "properties": {
        "id": 911,
        "tipologiaattivita": "AFFITTACAMERE"
      }
    },
    {
      "type": "Feature",
      "id": "v_def_strutture_ricettive_od.912",
      "geometry": {
        "type": "Point",
        "coordinates": [
          11.272694483849925,
          43.76082638414067
        ]
      },
      "properties": {
        "id": 912,
        "tipologiaattivita": "CASE PER FERIE"
      }
    },
    {
      "type": "Feature",
      "id": "v_def_strutture_ricettive_od.913",
      "geometry": {
        "type": "Point",
        "coordinates": [
          11.255449709353886,
          43.7700228749607
        ]
      },
      "properties": {
        "id": 913,
        "tipologiaattivita": "CAV"
      }
    },
    {
      "type": "Feature",
      "id": "v_def_strutture_ricettive_od.914",
      "geometry": {
        "type": "Point",
        "coordinates": [
          11.255449709353886,
          43.7700228749607
        ]
      },
      "properties": {
        "id": 914,
        "tipologiaattivita": "CAV"
      }
    },
    {
      "type": "Feature",
      "id": "v_def_strutture_ricettive_od.915",
      "geometry": {
        "type": "Point",
        "coordinates": [
          11.255449709353886,
          43.7700228749607
        ]
      },
      "properties": {
        "id": 915,
        "tipologiaattivita": "CAV"
      }
    },
    {
      "type": "Feature",
      "id": "v_def_strutture_ricettive_od.916",
      "geometry": {
        "type": "Point",
        "coordinates": [
          11.255449709353886,
          43.7700228749607
        ]
      },
      "properties": {
        "id": 916,
        "tipologiaattivita": "CAV"
      }
    },
    {
      "type": "Feature",
      "id": "v_def_strutture_ricettive_od.917",
      "geometry": {
        "type": "Point",
        "coordinates": [
          11.255449709353886,
          43.7700228749607
        ]
      },
      "properties": {
        "id": 917,
        "tipologiaattivita": "AFFITTACAMERE"
      }
    },
    {
      "type": "Feature",
      "id": "v_def_strutture_ricettive_od.918",
      "geometry": {
        "type": "Point",
        "coordinates": [
          11.254484268014119,
          43.76921785474869
        ]
      },
      "properties": {
        "id": 918,
        "tipologiaattivita": "CAV"
      }
    },
    {
      "type": "Feature",
      "id": "v_def_strutture_ricettive_od.919",
      "geometry": {
        "type": "Point",
        "coordinates": [
          11.286773144637225,
          43.789664293285114
        ]
      },
      "properties": {
        "id": 919,
        "tipologiaattivita": "AGRITURISMO"
      }
    },
    {
      "type": "Feature",
      "id": "v_def_strutture_ricettive_od.920",
      "geometry": {
        "type": "Point",
        "coordinates": [
          11.257566066444976,
          43.77389480848087
        ]
      },
      "properties": {
        "id": 920,
        "tipologiaattivita": "CAV"
      }
    },
    {
      "type": "Feature",
      "id": "v_def_strutture_ricettive_od.921",
      "geometry": {
        "type": "Point",
        "coordinates": [
          11.257566066444976,
          43.77389480848087
        ]
      },
      "properties": {
        "id": 921,
        "tipologiaattivita": "CAV"
      }
    },
    {
      "type": "Feature",
      "id": "v_def_strutture_ricettive_od.922",
      "geometry": {
        "type": "Point",
        "coordinates": [
          11.251250754822385,
          43.773452636515884
        ]
      },
      "properties": {
        "id": 922,
        "tipologiaattivita": "ALBERGHI"
      }
    },
    {
      "type": "Feature",
      "id": "v_def_strutture_ricettive_od.923",
      "geometry": {
        "type": "Point",
        "coordinates": [
          11.2587477073372,
          43.77030528642282
        ]
      },
      "properties": {
        "id": 923,
        "tipologiaattivita": "AFFITTACAMERE"
      }
    },
    {
      "type": "Feature",
      "id": "v_def_strutture_ricettive_od.924",
      "geometry": {
        "type": "Point",
        "coordinates": [
          11.2587477073372,
          43.77030528642282
        ]
      },
      "properties": {
        "id": 924,
        "tipologiaattivita": "CAV"
      }
    },
    {
      "type": "Feature",
      "id": "v_def_strutture_ricettive_od.925",
      "geometry": {
        "type": "Point",
        "coordinates": [
          11.2587477073372,
          43.77030528642282
        ]
      },
      "properties": {
        "id": 925,
        "tipologiaattivita": "BED AND BREAKFAST"
      }
    },
    {
      "type": "Feature",
      "id": "v_def_strutture_ricettive_od.926",
      "geometry": {
        "type": "Point",
        "coordinates": [
          11.258533767569956,
          43.76973780039769
        ]
      },
      "properties": {
        "id": 926,
        "tipologiaattivita": "CASE PER FERIE"
      }
    },
    {
      "type": "Feature",
      "id": "v_def_strutture_ricettive_od.927",
      "geometry": {
        "type": "Point",
        "coordinates": [
          11.251941222905666,
          43.774823823867095
        ]
      },
      "properties": {
        "id": 927,
        "tipologiaattivita": "AFFITTACAMERE"
      }
    },
    {
      "type": "Feature",
      "id": "v_def_strutture_ricettive_od.928",
      "geometry": {
        "type": "Point",
        "coordinates": [
          11.253120333949102,
          43.77156883328308
        ]
      },
      "properties": {
        "id": 928,
        "tipologiaattivita": "RESIDENZA D'EPOCA"
      }
    },
    {
      "type": "Feature",
      "id": "v_def_strutture_ricettive_od.929",
      "geometry": {
        "type": "Point",
        "coordinates": [
          11.263576212694018,
          43.77118988021091
        ]
      },
      "properties": {
        "id": 929,
        "tipologiaattivita": "AFFITTACAMERE"
      }
    },
    {
      "type": "Feature",
      "id": "v_def_strutture_ricettive_od.930",
      "geometry": {
        "type": "Point",
        "coordinates": [
          11.263576212694018,
          43.77118988021091
        ]
      },
      "properties": {
        "id": 930,
        "tipologiaattivita": "AFFITTACAMERE"
      }
    },
    {
      "type": "Feature",
      "id": "v_def_strutture_ricettive_od.931",
      "geometry": {
        "type": "Point",
        "coordinates": [
          11.263576212694018,
          43.77118988021091
        ]
      },
      "properties": {
        "id": 931,
        "tipologiaattivita": "CAV"
      }
    },
    {
      "type": "Feature",
      "id": "v_def_strutture_ricettive_od.932",
      "geometry": {
        "type": "Point",
        "coordinates": [
          11.263576212694018,
          43.77118988021091
        ]
      },
      "properties": {
        "id": 932,
        "tipologiaattivita": "AFFITTACAMERE"
      }
    },
    {
      "type": "Feature",
      "id": "v_def_strutture_ricettive_od.933",
      "geometry": {
        "type": "Point",
        "coordinates": [
          11.263576212694018,
          43.77118988021091
        ]
      },
      "properties": {
        "id": 933,
        "tipologiaattivita": "ALBERGHI"
      }
    },
    {
      "type": "Feature",
      "id": "v_def_strutture_ricettive_od.934",
      "geometry": {
        "type": "Point",
        "coordinates": [
          11.25127291702859,
          43.77138428957305
        ]
      },
      "properties": {
        "id": 934,
        "tipologiaattivita": "ALBERGHI"
      }
    },
    {
      "type": "Feature",
      "id": "v_def_strutture_ricettive_od.935",
      "geometry": {
        "type": "Point",
        "coordinates": [
          11.199320270945876,
          43.78406943224745
        ]
      },
      "properties": {
        "id": 935,
        "tipologiaattivita": "AFFITTACAMERE"
      }
    },
    {
      "type": "Feature",
      "id": "v_def_strutture_ricettive_od.936",
      "geometry": {
        "type": "Point",
        "coordinates": [
          11.256373578332541,
          43.76995947626247
        ]
      },
      "properties": {
        "id": 936,
        "tipologiaattivita": "RESIDENZA D'EPOCA"
      }
    },
    {
      "type": "Feature",
      "id": "v_def_strutture_ricettive_od.937",
      "geometry": {
        "type": "Point",
        "coordinates": [
          11.2549466512265,
          43.78295602986844
        ]
      },
      "properties": {
        "id": 937,
        "tipologiaattivita": "AFFITTACAMERE"
      }
    },
    {
      "type": "Feature",
      "id": "v_def_strutture_ricettive_od.938",
      "geometry": {
        "type": "Point",
        "coordinates": [
          11.25101101971445,
          43.77383604984109
        ]
      },
      "properties": {
        "id": 938,
        "tipologiaattivita": "ALBERGHI"
      }
    },
    {
      "type": "Feature",
      "id": "v_def_strutture_ricettive_od.939",
      "geometry": {
        "type": "Point",
        "coordinates": [
          11.261248712615096,
          43.77151628941432
        ]
      },
      "properties": {
        "id": 939,
        "tipologiaattivita": "BED AND BREAKFAST"
      }
    },
    {
      "type": "Feature",
      "id": "v_def_strutture_ricettive_od.940",
      "geometry": {
        "type": "Point",
        "coordinates": [
          11.259403736428656,
          43.77148428283629
        ]
      },
      "properties": {
        "id": 940,
        "tipologiaattivita": "CAV"
      }
    },
    {
      "type": "Feature",
      "id": "v_def_strutture_ricettive_od.941",
      "geometry": {
        "type": "Point",
        "coordinates": [
          11.259998780033428,
          43.784639275965375
        ]
      },
      "properties": {
        "id": 941,
        "tipologiaattivita": "RESIDENZA D'EPOCA"
      }
    },
    {
      "type": "Feature",
      "id": "v_def_strutture_ricettive_od.942",
      "geometry": {
        "type": "Point",
        "coordinates": [
          11.261797564441547,
          43.77397649684713
        ]
      },
      "properties": {
        "id": 942,
        "tipologiaattivita": "AFFITTACAMERE"
      }
    },
    {
      "type": "Feature",
      "id": "v_def_strutture_ricettive_od.943",
      "geometry": {
        "type": "Point",
        "coordinates": [
          11.248953052535375,
          43.7722631683623
        ]
      },
      "properties": {
        "id": 943,
        "tipologiaattivita": "ALBERGHI"
      }
    },
    {
      "type": "Feature",
      "id": "v_def_strutture_ricettive_od.944",
      "geometry": {
        "type": "Point",
        "coordinates": [
          11.24071045543127,
          43.7596142945316
        ]
      },
      "properties": {
        "id": 944,
        "tipologiaattivita": "AFFITTACAMERE"
      }
    },
    {
      "type": "Feature",
      "id": "v_def_strutture_ricettive_od.945",
      "geometry": {
        "type": "Point",
        "coordinates": [
          11.245952621668811,
          43.77664359728007
        ]
      },
      "properties": {
        "id": 945,
        "tipologiaattivita": "AFFITTACAMERE"
      }
    },
    {
      "type": "Feature",
      "id": "v_def_strutture_ricettive_od.946",
      "geometry": {
        "type": "Point",
        "coordinates": [
          11.264415928614829,
          43.76977139008266
        ]
      },
      "properties": {
        "id": 946,
        "tipologiaattivita": "AFFITTACAMERE"
      }
    },
    {
      "type": "Feature",
      "id": "v_def_strutture_ricettive_od.947",
      "geometry": {
        "type": "Point",
        "coordinates": [
          11.257356027802846,
          43.768509530224094
        ]
      },
      "properties": {
        "id": 947,
        "tipologiaattivita": "CAV"
      }
    },
    {
      "type": "Feature",
      "id": "v_def_strutture_ricettive_od.948",
      "geometry": {
        "type": "Point",
        "coordinates": [
          11.257356027802846,
          43.768509530224094
        ]
      },
      "properties": {
        "id": 948,
        "tipologiaattivita": "CAV"
      }
    },
    {
      "type": "Feature",
      "id": "v_def_strutture_ricettive_od.949",
      "geometry": {
        "type": "Point",
        "coordinates": [
          11.250665649071864,
          43.766415164330304
        ]
      },
      "properties": {
        "id": 949,
        "tipologiaattivita": "BED AND BREAKFAST"
      }
    },
    {
      "type": "Feature",
      "id": "v_def_strutture_ricettive_od.950",
      "geometry": {
        "type": "Point",
        "coordinates": [
          11.238471193243718,
          43.768313646903586
        ]
      },
      "properties": {
        "id": 950,
        "tipologiaattivita": "AFFITTACAMERE"
      }
    },
    {
      "type": "Feature",
      "id": "v_def_strutture_ricettive_od.951",
      "geometry": {
        "type": "Point",
        "coordinates": [
          11.259096676618737,
          43.77017753516536
        ]
      },
      "properties": {
        "id": 951,
        "tipologiaattivita": "CAV"
      }
    },
    {
      "type": "Feature",
      "id": "v_def_strutture_ricettive_od.952",
      "geometry": {
        "type": "Point",
        "coordinates": [
          11.245177839559258,
          43.76800758507624
        ]
      },
      "properties": {
        "id": 952,
        "tipologiaattivita": "OSTELLO"
      }
    },
    {
      "type": "Feature",
      "id": "v_def_strutture_ricettive_od.953",
      "geometry": {
        "type": "Point",
        "coordinates": [
          11.263124374696247,
          43.76908177350035
        ]
      },
      "properties": {
        "id": 953,
        "tipologiaattivita": "CAV"
      }
    },
    {
      "type": "Feature",
      "id": "v_def_strutture_ricettive_od.954",
      "geometry": {
        "type": "Point",
        "coordinates": [
          11.254747860737288,
          43.77769685778249
        ]
      },
      "properties": {
        "id": 954,
        "tipologiaattivita": "RTA"
      }
    },
    {
      "type": "Feature",
      "id": "v_def_strutture_ricettive_od.955",
      "geometry": {
        "type": "Point",
        "coordinates": [
          11.258634749891256,
          43.773616372715935
        ]
      },
      "properties": {
        "id": 955,
        "tipologiaattivita": "CAV"
      }
    },
    {
      "type": "Feature",
      "id": "v_def_strutture_ricettive_od.956",
      "geometry": {
        "type": "Point",
        "coordinates": [
          11.255097158407601,
          43.77280662469742
        ]
      },
      "properties": {
        "id": 956,
        "tipologiaattivita": "AFFITTACAMERE"
      }
    },
    {
      "type": "Feature",
      "id": "v_def_strutture_ricettive_od.957",
      "geometry": {
        "type": "Point",
        "coordinates": [
          11.255097158407601,
          43.77280662469742
        ]
      },
      "properties": {
        "id": 957,
        "tipologiaattivita": "CAV"
      }
    },
    {
      "type": "Feature",
      "id": "v_def_strutture_ricettive_od.958",
      "geometry": {
        "type": "Point",
        "coordinates": [
          11.255097158407601,
          43.77280662469742
        ]
      },
      "properties": {
        "id": 958,
        "tipologiaattivita": "CAV"
      }
    },
    {
      "type": "Feature",
      "id": "v_def_strutture_ricettive_od.959",
      "geometry": {
        "type": "Point",
        "coordinates": [
          11.255097158407601,
          43.77280662469742
        ]
      },
      "properties": {
        "id": 959,
        "tipologiaattivita": "RESIDENZA D'EPOCA"
      }
    },
    {
      "type": "Feature",
      "id": "v_def_strutture_ricettive_od.960",
      "geometry": {
        "type": "Point",
        "coordinates": [
          11.26171445518539,
          43.76418658517351
        ]
      },
      "properties": {
        "id": 960,
        "tipologiaattivita": "CAV"
      }
    },
    {
      "type": "Feature",
      "id": "v_def_strutture_ricettive_od.961",
      "geometry": {
        "type": "Point",
        "coordinates": [
          11.271792631078533,
          43.77840116615338
        ]
      },
      "properties": {
        "id": 961,
        "tipologiaattivita": "CAV"
      }
    },
    {
      "type": "Feature",
      "id": "v_def_strutture_ricettive_od.962",
      "geometry": {
        "type": "Point",
        "coordinates": [
          11.259191533041772,
          43.768894899248
        ]
      },
      "properties": {
        "id": 962,
        "tipologiaattivita": "CAV"
      }
    },
    {
      "type": "Feature",
      "id": "v_def_strutture_ricettive_od.963",
      "geometry": {
        "type": "Point",
        "coordinates": [
          11.259191533041772,
          43.768894899248
        ]
      },
      "properties": {
        "id": 963,
        "tipologiaattivita": "BED AND BREAKFAST"
      }
    },
    {
      "type": "Feature",
      "id": "v_def_strutture_ricettive_od.964",
      "geometry": {
        "type": "Point",
        "coordinates": [
          11.250522431358787,
          43.778401050956454
        ]
      },
      "properties": {
        "id": 964,
        "tipologiaattivita": "ALBERGHI"
      }
    },
    {
      "type": "Feature",
      "id": "v_def_strutture_ricettive_od.965",
      "geometry": {
        "type": "Point",
        "coordinates": [
          11.254944675148918,
          43.76943958290088
        ]
      },
      "properties": {
        "id": 965,
        "tipologiaattivita": "CAV"
      }
    },
    {
      "type": "Feature",
      "id": "v_def_strutture_ricettive_od.966",
      "geometry": {
        "type": "Point",
        "coordinates": [
          11.254944675148918,
          43.76943958290088
        ]
      },
      "properties": {
        "id": 966,
        "tipologiaattivita": "CAV"
      }
    },
    {
      "type": "Feature",
      "id": "v_def_strutture_ricettive_od.967",
      "geometry": {
        "type": "Point",
        "coordinates": [
          11.254944675148918,
          43.76943958290088
        ]
      },
      "properties": {
        "id": 967,
        "tipologiaattivita": "CAV"
      }
    },
    {
      "type": "Feature",
      "id": "v_def_strutture_ricettive_od.968",
      "geometry": {
        "type": "Point",
        "coordinates": [
          11.255172746012324,
          43.76937569836303
        ]
      },
      "properties": {
        "id": 968,
        "tipologiaattivita": "BED AND BREAKFAST"
      }
    },
    {
      "type": "Feature",
      "id": "v_def_strutture_ricettive_od.969",
      "geometry": {
        "type": "Point",
        "coordinates": [
          11.24432988436015,
          43.779297845280745
        ]
      },
      "properties": {
        "id": 969,
        "tipologiaattivita": "AFFITTACAMERE"
      }
    },
    {
      "type": "Feature",
      "id": "v_def_strutture_ricettive_od.970",
      "geometry": {
        "type": "Point",
        "coordinates": [
          11.271911771806518,
          43.75992373344928
        ]
      },
      "properties": {
        "id": 970,
        "tipologiaattivita": "ALBERGHI"
      }
    },
    {
      "type": "Feature",
      "id": "v_def_strutture_ricettive_od.971",
      "geometry": {
        "type": "Point",
        "coordinates": [
          11.306856810014992,
          43.770772728317795
        ]
      },
      "properties": {
        "id": 971,
        "tipologiaattivita": "BED AND BREAKFAST"
      }
    },
    {
      "type": "Feature",
      "id": "v_def_strutture_ricettive_od.972",
      "geometry": {
        "type": "Point",
        "coordinates": [
          11.257605176236785,
          43.76539607322702
        ]
      },
      "properties": {
        "id": 972,
        "tipologiaattivita": "BED AND BREAKFAST"
      }
    },
    {
      "type": "Feature",
      "id": "v_def_strutture_ricettive_od.973",
      "geometry": {
        "type": "Point",
        "coordinates": [
          11.224259952538752,
          43.7912653560441
        ]
      },
      "properties": {
        "id": 973,
        "tipologiaattivita": "ALBERGHI"
      }
    },
    {
      "type": "Feature",
      "id": "v_def_strutture_ricettive_od.974",
      "geometry": {
        "type": "Point",
        "coordinates": [
          11.224259952538752,
          43.7912653560441
        ]
      },
      "properties": {
        "id": 974,
        "tipologiaattivita": "ALBERGHI"
      }
    },
    {
      "type": "Feature",
      "id": "v_def_strutture_ricettive_od.975",
      "geometry": {
        "type": "Point",
        "coordinates": [
          11.2448430222563,
          43.7693970938436
        ]
      },
      "properties": {
        "id": 975,
        "tipologiaattivita": "AFFITTACAMERE"
      }
    },
    {
      "type": "Feature",
      "id": "v_def_strutture_ricettive_od.976",
      "geometry": {
        "type": "Point",
        "coordinates": [
          11.250811445122983,
          43.77815419381307
        ]
      },
      "properties": {
        "id": 976,
        "tipologiaattivita": "AFFITTACAMERE"
      }
    },
    {
      "type": "Feature",
      "id": "v_def_strutture_ricettive_od.977",
      "geometry": {
        "type": "Point",
        "coordinates": [
          11.264252366519191,
          43.768300065451776
        ]
      },
      "properties": {
        "id": 977,
        "tipologiaattivita": "CAV"
      }
    },
    {
      "type": "Feature",
      "id": "v_def_strutture_ricettive_od.978",
      "geometry": {
        "type": "Point",
        "coordinates": [
          11.245434284250571,
          43.790040725750195
        ]
      },
      "properties": {
        "id": 978,
        "tipologiaattivita": "AFFITTACAMERE"
      }
    },
    {
      "type": "Feature",
      "id": "v_def_strutture_ricettive_od.979",
      "geometry": {
        "type": "Point",
        "coordinates": [
          11.249300645897309,
          43.76628732069327
        ]
      },
      "properties": {
        "id": 979,
        "tipologiaattivita": "CAV"
      }
    },
    {
      "type": "Feature",
      "id": "v_def_strutture_ricettive_od.980",
      "geometry": {
        "type": "Point",
        "coordinates": [
          11.249694060387668,
          43.77294455720989
        ]
      },
      "properties": {
        "id": 980,
        "tipologiaattivita": "ALBERGHI"
      }
    },
    {
      "type": "Feature",
      "id": "v_def_strutture_ricettive_od.981",
      "geometry": {
        "type": "Point",
        "coordinates": [
          11.250949643772614,
          43.778048969690914
        ]
      },
      "properties": {
        "id": 981,
        "tipologiaattivita": "ALBERGHI"
      }
    },
    {
      "type": "Feature",
      "id": "v_def_strutture_ricettive_od.982",
      "geometry": {
        "type": "Point",
        "coordinates": [
          11.250949643772614,
          43.778048969690914
        ]
      },
      "properties": {
        "id": 982,
        "tipologiaattivita": "ALBERGHI"
      }
    },
    {
      "type": "Feature",
      "id": "v_def_strutture_ricettive_od.983",
      "geometry": {
        "type": "Point",
        "coordinates": [
          11.250949643772614,
          43.778048969690914
        ]
      },
      "properties": {
        "id": 983,
        "tipologiaattivita": "ALBERGHI"
      }
    },
    {
      "type": "Feature",
      "id": "v_def_strutture_ricettive_od.984",
      "geometry": {
        "type": "Point",
        "coordinates": [
          11.250949643772614,
          43.778048969690914
        ]
      },
      "properties": {
        "id": 984,
        "tipologiaattivita": "OSTELLO"
      }
    },
    {
      "type": "Feature",
      "id": "v_def_strutture_ricettive_od.985",
      "geometry": {
        "type": "Point",
        "coordinates": [
          11.250949643772614,
          43.778048969690914
        ]
      },
      "properties": {
        "id": 985,
        "tipologiaattivita": "CAV"
      }
    },
    {
      "type": "Feature",
      "id": "v_def_strutture_ricettive_od.986",
      "geometry": {
        "type": "Point",
        "coordinates": [
          11.250949643772614,
          43.778048969690914
        ]
      },
      "properties": {
        "id": 986,
        "tipologiaattivita": "ALBERGHI"
      }
    },
    {
      "type": "Feature",
      "id": "v_def_strutture_ricettive_od.987",
      "geometry": {
        "type": "Point",
        "coordinates": [
          11.24732495058672,
          43.7743768926507
        ]
      },
      "properties": {
        "id": 987,
        "tipologiaattivita": "ALBERGHI"
      }
    },
    {
      "type": "Feature",
      "id": "v_def_strutture_ricettive_od.988",
      "geometry": {
        "type": "Point",
        "coordinates": [
          11.237736193213024,
          43.78286786468404
        ]
      },
      "properties": {
        "id": 988,
        "tipologiaattivita": "AFFITTACAMERE"
      }
    },
    {
      "type": "Feature",
      "id": "v_def_strutture_ricettive_od.989",
      "geometry": {
        "type": "Point",
        "coordinates": [
          11.240317618308522,
          43.762423011108915
        ]
      },
      "properties": {
        "id": 989,
        "tipologiaattivita": "CAV"
      }
    },
    {
      "type": "Feature",
      "id": "v_def_strutture_ricettive_od.990",
      "geometry": {
        "type": "Point",
        "coordinates": [
          11.246723665622435,
          43.773949384659424
        ]
      },
      "properties": {
        "id": 990,
        "tipologiaattivita": "CAV"
      }
    },
    {
      "type": "Feature",
      "id": "v_def_strutture_ricettive_od.991",
      "geometry": {
        "type": "Point",
        "coordinates": [
          11.253234846230837,
          43.76730093629665
        ]
      },
      "properties": {
        "id": 991,
        "tipologiaattivita": "AFFITTACAMERE"
      }
    },
    {
      "type": "Feature",
      "id": "v_def_strutture_ricettive_od.992",
      "geometry": {
        "type": "Point",
        "coordinates": [
          11.261215863495122,
          43.7800940301656
        ]
      },
      "properties": {
        "id": 992,
        "tipologiaattivita": "CAV"
      }
    },
    {
      "type": "Feature",
      "id": "v_def_strutture_ricettive_od.993",
      "geometry": {
        "type": "Point",
        "coordinates": [
          11.25274319861605,
          43.76983861527264
        ]
      },
      "properties": {
        "id": 993,
        "tipologiaattivita": "CAV"
      }
    },
    {
      "type": "Feature",
      "id": "v_def_strutture_ricettive_od.994",
      "geometry": {
        "type": "Point",
        "coordinates": [
          11.254374431954261,
          43.77257098269958
        ]
      },
      "properties": {
        "id": 994,
        "tipologiaattivita": "AFFITTACAMERE"
      }
    },
    {
      "type": "Feature",
      "id": "v_def_strutture_ricettive_od.995",
      "geometry": {
        "type": "Point",
        "coordinates": [
          11.254374431954261,
          43.77257098269958
        ]
      },
      "properties": {
        "id": 995,
        "tipologiaattivita": "CAV"
      }
    },
    {
      "type": "Feature",
      "id": "v_def_strutture_ricettive_od.996",
      "geometry": {
        "type": "Point",
        "coordinates": [
          11.254374431954261,
          43.77257098269958
        ]
      },
      "properties": {
        "id": 996,
        "tipologiaattivita": "BED AND BREAKFAST"
      }
    },
    {
      "type": "Feature",
      "id": "v_def_strutture_ricettive_od.997",
      "geometry": {
        "type": "Point",
        "coordinates": [
          11.254374431954261,
          43.77257098269958
        ]
      },
      "properties": {
        "id": 997,
        "tipologiaattivita": "BED AND BREAKFAST"
      }
    },
    {
      "type": "Feature",
      "id": "v_def_strutture_ricettive_od.998",
      "geometry": {
        "type": "Point",
        "coordinates": [
          11.262636192011511,
          43.774795595446164
        ]
      },
      "properties": {
        "id": 998,
        "tipologiaattivita": "CAV"
      }
    },
    {
      "type": "Feature",
      "id": "v_def_strutture_ricettive_od.999",
      "geometry": {
        "type": "Point",
        "coordinates": [
          11.27662902376401,
          43.77231687324848
        ]
      },
      "properties": {
        "id": 999,
        "tipologiaattivita": "CASE PER FERIE"
      }
    },
    {
      "type": "Feature",
      "id": "v_def_strutture_ricettive_od.1000",
      "geometry": {
        "type": "Point",
        "coordinates": [
          11.241900880484307,
          43.771394521248716
        ]
      },
      "properties": {
        "id": 1000,
        "tipologiaattivita": "CAV"
      }
    },
    {
      "type": "Feature",
      "id": "v_def_strutture_ricettive_od.1001",
      "geometry": {
        "type": "Point",
        "coordinates": [
          11.2351486931066,
          43.78554207945341
        ]
      },
      "properties": {
        "id": 1001,
        "tipologiaattivita": "CAV"
      }
    },
    {
      "type": "Feature",
      "id": "v_def_strutture_ricettive_od.1002",
      "geometry": {
        "type": "Point",
        "coordinates": [
          11.254184614398069,
          43.771103476287536
        ]
      },
      "properties": {
        "id": 1002,
        "tipologiaattivita": "CAV"
      }
    },
    {
      "type": "Feature",
      "id": "v_def_strutture_ricettive_od.1003",
      "geometry": {
        "type": "Point",
        "coordinates": [
          11.254184614398069,
          43.771103476287536
        ]
      },
      "properties": {
        "id": 1003,
        "tipologiaattivita": "RESIDENZA D'EPOCA"
      }
    },
    {
      "type": "Feature",
      "id": "v_def_strutture_ricettive_od.1004",
      "geometry": {
        "type": "Point",
        "coordinates": [
          11.254184614398069,
          43.771103476287536
        ]
      },
      "properties": {
        "id": 1004,
        "tipologiaattivita": "ALBERGHI"
      }
    },
    {
      "type": "Feature",
      "id": "v_def_strutture_ricettive_od.1005",
      "geometry": {
        "type": "Point",
        "coordinates": [
          11.254184614398069,
          43.771103476287536
        ]
      },
      "properties": {
        "id": 1005,
        "tipologiaattivita": "BED AND BREAKFAST"
      }
    },
    {
      "type": "Feature",
      "id": "v_def_strutture_ricettive_od.1006",
      "geometry": {
        "type": "Point",
        "coordinates": [
          11.254184614398069,
          43.771103476287536
        ]
      },
      "properties": {
        "id": 1006,
        "tipologiaattivita": "BED AND BREAKFAST"
      }
    },
    {
      "type": "Feature",
      "id": "v_def_strutture_ricettive_od.1007",
      "geometry": {
        "type": "Point",
        "coordinates": [
          11.2687151540216,
          43.78305640812347
        ]
      },
      "properties": {
        "id": 1007,
        "tipologiaattivita": "ALBERGHI"
      }
    },
    {
      "type": "Feature",
      "id": "v_def_strutture_ricettive_od.1008",
      "geometry": {
        "type": "Point",
        "coordinates": [
          11.249938479740278,
          43.79055995501577
        ]
      },
      "properties": {
        "id": 1008,
        "tipologiaattivita": "BED AND BREAKFAST"
      }
    },
    {
      "type": "Feature",
      "id": "v_def_strutture_ricettive_od.1009",
      "geometry": {
        "type": "Point",
        "coordinates": [
          11.24534939321935,
          43.775780486771254
        ]
      },
      "properties": {
        "id": 1009,
        "tipologiaattivita": "AFFITTACAMERE"
      }
    },
    {
      "type": "Feature",
      "id": "v_def_strutture_ricettive_od.1010",
      "geometry": {
        "type": "Point",
        "coordinates": [
          11.237149556541304,
          43.768835084299745
        ]
      },
      "properties": {
        "id": 1010,
        "tipologiaattivita": "AFFITTACAMERE"
      }
    },
    {
      "type": "Feature",
      "id": "v_def_strutture_ricettive_od.1011",
      "geometry": {
        "type": "Point",
        "coordinates": [
          11.252132879873129,
          43.76997801753224
        ]
      },
      "properties": {
        "id": 1011,
        "tipologiaattivita": "CAV"
      }
    },
    {
      "type": "Feature",
      "id": "v_def_strutture_ricettive_od.1012",
      "geometry": {
        "type": "Point",
        "coordinates": [
          11.269425995608792,
          43.768503898983745
        ]
      },
      "properties": {
        "id": 1012,
        "tipologiaattivita": "CAV"
      }
    },
    {
      "type": "Feature",
      "id": "v_def_strutture_ricettive_od.1013",
      "geometry": {
        "type": "Point",
        "coordinates": [
          11.244032501088695,
          43.79318510655342
        ]
      },
      "properties": {
        "id": 1013,
        "tipologiaattivita": "AFFITTACAMERE"
      }
    },
    {
      "type": "Feature",
      "id": "v_def_strutture_ricettive_od.1014",
      "geometry": {
        "type": "Point",
        "coordinates": [
          11.294713333004545,
          43.757110369669256
        ]
      },
      "properties": {
        "id": 1014,
        "tipologiaattivita": "BED AND BREAKFAST"
      }
    },
    {
      "type": "Feature",
      "id": "v_def_strutture_ricettive_od.1015",
      "geometry": {
        "type": "Point",
        "coordinates": [
          11.23932600161138,
          43.793223289690026
        ]
      },
      "properties": {
        "id": 1015,
        "tipologiaattivita": "AFFITTACAMERE"
      }
    },
    {
      "type": "Feature",
      "id": "v_def_strutture_ricettive_od.1016",
      "geometry": {
        "type": "Point",
        "coordinates": [
          11.253033583813913,
          43.74120006900037
        ]
      },
      "properties": {
        "id": 1016,
        "tipologiaattivita": "AFFITTACAMERE"
      }
    },
    {
      "type": "Feature",
      "id": "v_def_strutture_ricettive_od.1017",
      "geometry": {
        "type": "Point",
        "coordinates": [
          11.2273067540568,
          43.78795200383981
        ]
      },
      "properties": {
        "id": 1017,
        "tipologiaattivita": "CAV"
      }
    },
    {
      "type": "Feature",
      "id": "v_def_strutture_ricettive_od.1018",
      "geometry": {
        "type": "Point",
        "coordinates": [
          11.2273067540568,
          43.78795200383981
        ]
      },
      "properties": {
        "id": 1018,
        "tipologiaattivita": "CAV"
      }
    },
    {
      "type": "Feature",
      "id": "v_def_strutture_ricettive_od.1019",
      "geometry": {
        "type": "Point",
        "coordinates": [
          11.252678056245738,
          43.77758678753206
        ]
      },
      "properties": {
        "id": 1019,
        "tipologiaattivita": "ALBERGHI"
      }
    },
    {
      "type": "Feature",
      "id": "v_def_strutture_ricettive_od.1020",
      "geometry": {
        "type": "Point",
        "coordinates": [
          11.272375128828829,
          43.770602777723795
        ]
      },
      "properties": {
        "id": 1020,
        "tipologiaattivita": "BED AND BREAKFAST"
      }
    },
    {
      "type": "Feature",
      "id": "v_def_strutture_ricettive_od.1021",
      "geometry": {
        "type": "Point",
        "coordinates": [
          11.274996859038616,
          43.76930647326972
        ]
      },
      "properties": {
        "id": 1021,
        "tipologiaattivita": "ALBERGHI"
      }
    },
    {
      "type": "Feature",
      "id": "v_def_strutture_ricettive_od.1022",
      "geometry": {
        "type": "Point",
        "coordinates": [
          11.247960074053488,
          43.77342332164832
        ]
      },
      "properties": {
        "id": 1022,
        "tipologiaattivita": "AFFITTACAMERE"
      }
    },
    {
      "type": "Feature",
      "id": "v_def_strutture_ricettive_od.1023",
      "geometry": {
        "type": "Point",
        "coordinates": [
          11.247960074053488,
          43.77342332164832
        ]
      },
      "properties": {
        "id": 1023,
        "tipologiaattivita": "AFFITTACAMERE"
      }
    },
    {
      "type": "Feature",
      "id": "v_def_strutture_ricettive_od.1024",
      "geometry": {
        "type": "Point",
        "coordinates": [
          11.247960074053488,
          43.77342332164832
        ]
      },
      "properties": {
        "id": 1024,
        "tipologiaattivita": "CAV"
      }
    },
    {
      "type": "Feature",
      "id": "v_def_strutture_ricettive_od.1025",
      "geometry": {
        "type": "Point",
        "coordinates": [
          11.247960074053488,
          43.77342332164832
        ]
      },
      "properties": {
        "id": 1025,
        "tipologiaattivita": "CAV"
      }
    },
    {
      "type": "Feature",
      "id": "v_def_strutture_ricettive_od.1026",
      "geometry": {
        "type": "Point",
        "coordinates": [
          11.247960074053488,
          43.77342332164832
        ]
      },
      "properties": {
        "id": 1026,
        "tipologiaattivita": "AFFITTACAMERE"
      }
    },
    {
      "type": "Feature",
      "id": "v_def_strutture_ricettive_od.1027",
      "geometry": {
        "type": "Point",
        "coordinates": [
          11.257094236231488,
          43.76768480691709
        ]
      },
      "properties": {
        "id": 1027,
        "tipologiaattivita": "CAV"
      }
    },
    {
      "type": "Feature",
      "id": "v_def_strutture_ricettive_od.1028",
      "geometry": {
        "type": "Point",
        "coordinates": [
          11.245892989529858,
          43.77525908398
        ]
      },
      "properties": {
        "id": 1028,
        "tipologiaattivita": "AFFITTACAMERE"
      }
    },
    {
      "type": "Feature",
      "id": "v_def_strutture_ricettive_od.1029",
      "geometry": {
        "type": "Point",
        "coordinates": [
          11.245892989529858,
          43.77525908398
        ]
      },
      "properties": {
        "id": 1029,
        "tipologiaattivita": "BED AND BREAKFAST"
      }
    },
    {
      "type": "Feature",
      "id": "v_def_strutture_ricettive_od.1030",
      "geometry": {
        "type": "Point",
        "coordinates": [
          11.239285118660211,
          43.784580621577206
        ]
      },
      "properties": {
        "id": 1030,
        "tipologiaattivita": "CAV"
      }
    },
    {
      "type": "Feature",
      "id": "v_def_strutture_ricettive_od.1031",
      "geometry": {
        "type": "Point",
        "coordinates": [
          11.255029976528045,
          43.77863290136253
        ]
      },
      "properties": {
        "id": 1031,
        "tipologiaattivita": "AFFITTACAMERE"
      }
    },
    {
      "type": "Feature",
      "id": "v_def_strutture_ricettive_od.1032",
      "geometry": {
        "type": "Point",
        "coordinates": [
          11.239636896443688,
          43.775598051641964
        ]
      },
      "properties": {
        "id": 1032,
        "tipologiaattivita": "AFFITTACAMERE"
      }
    },
    {
      "type": "Feature",
      "id": "v_def_strutture_ricettive_od.1033",
      "geometry": {
        "type": "Point",
        "coordinates": [
          11.239636896443688,
          43.775598051641964
        ]
      },
      "properties": {
        "id": 1033,
        "tipologiaattivita": "AFFITTACAMERE"
      }
    },
    {
      "type": "Feature",
      "id": "v_def_strutture_ricettive_od.1034",
      "geometry": {
        "type": "Point",
        "coordinates": [
          11.247777765215094,
          43.76662167887814
        ]
      },
      "properties": {
        "id": 1034,
        "tipologiaattivita": "BED AND BREAKFAST"
      }
    },
    {
      "type": "Feature",
      "id": "v_def_strutture_ricettive_od.1035",
      "geometry": {
        "type": "Point",
        "coordinates": [
          11.247777765215094,
          43.76662167887814
        ]
      },
      "properties": {
        "id": 1035,
        "tipologiaattivita": "BED AND BREAKFAST"
      }
    },
    {
      "type": "Feature",
      "id": "v_def_strutture_ricettive_od.1036",
      "geometry": {
        "type": "Point",
        "coordinates": [
          11.270199183329638,
          43.77749250241435
        ]
      },
      "properties": {
        "id": 1036,
        "tipologiaattivita": "CAV"
      }
    },
    {
      "type": "Feature",
      "id": "v_def_strutture_ricettive_od.1037",
      "geometry": {
        "type": "Point",
        "coordinates": [
          11.251504049290345,
          43.77296126007569
        ]
      },
      "properties": {
        "id": 1037,
        "tipologiaattivita": "AFFITTACAMERE"
      }
    },
    {
      "type": "Feature",
      "id": "v_def_strutture_ricettive_od.1038",
      "geometry": {
        "type": "Point",
        "coordinates": [
          11.261944440439498,
          43.771706156418425
        ]
      },
      "properties": {
        "id": 1038,
        "tipologiaattivita": "CAV"
      }
    },
    {
      "type": "Feature",
      "id": "v_def_strutture_ricettive_od.1039",
      "geometry": {
        "type": "Point",
        "coordinates": [
          11.242420310057954,
          43.761253250972764
        ]
      },
      "properties": {
        "id": 1039,
        "tipologiaattivita": "CAV"
      }
    },
    {
      "type": "Feature",
      "id": "v_def_strutture_ricettive_od.1040",
      "geometry": {
        "type": "Point",
        "coordinates": [
          11.263523171980717,
          43.783908027819926
        ]
      },
      "properties": {
        "id": 1040,
        "tipologiaattivita": "AFFITTACAMERE"
      }
    },
    {
      "type": "Feature",
      "id": "v_def_strutture_ricettive_od.1041",
      "geometry": {
        "type": "Point",
        "coordinates": [
          11.264950193240335,
          43.770063486540856
        ]
      },
      "properties": {
        "id": 1041,
        "tipologiaattivita": "CAV"
      }
    },
    {
      "type": "Feature",
      "id": "v_def_strutture_ricettive_od.1042",
      "geometry": {
        "type": "Point",
        "coordinates": [
          11.248952892970722,
          43.76829418596454
        ]
      },
      "properties": {
        "id": 1042,
        "tipologiaattivita": "CAV"
      }
    },
    {
      "type": "Feature",
      "id": "v_def_strutture_ricettive_od.1043",
      "geometry": {
        "type": "Point",
        "coordinates": [
          11.281256058266877,
          43.77085514615435
        ]
      },
      "properties": {
        "id": 1043,
        "tipologiaattivita": "AFFITTACAMERE"
      }
    },
    {
      "type": "Feature",
      "id": "v_def_strutture_ricettive_od.1044",
      "geometry": {
        "type": "Point",
        "coordinates": [
          11.253953678937581,
          43.76848776717553
        ]
      },
      "properties": {
        "id": 1044,
        "tipologiaattivita": "ALBERGHI"
      }
    },
    {
      "type": "Feature",
      "id": "v_def_strutture_ricettive_od.1045",
      "geometry": {
        "type": "Point",
        "coordinates": [
          11.272343120509737,
          43.76345872156598
        ]
      },
      "properties": {
        "id": 1045,
        "tipologiaattivita": "AFFITTACAMERE"
      }
    },
    {
      "type": "Feature",
      "id": "v_def_strutture_ricettive_od.1046",
      "geometry": {
        "type": "Point",
        "coordinates": [
          11.24356074107391,
          43.76870040103163
        ]
      },
      "properties": {
        "id": 1046,
        "tipologiaattivita": "CASE PER FERIE"
      }
    },
    {
      "type": "Feature",
      "id": "v_def_strutture_ricettive_od.1047",
      "geometry": {
        "type": "Point",
        "coordinates": [
          11.247314648887729,
          43.76587305754588
        ]
      },
      "properties": {
        "id": 1047,
        "tipologiaattivita": "AFFITTACAMERE"
      }
    },
    {
      "type": "Feature",
      "id": "v_def_strutture_ricettive_od.1048",
      "geometry": {
        "type": "Point",
        "coordinates": [
          11.239141812594648,
          43.77421179655295
        ]
      },
      "properties": {
        "id": 1048,
        "tipologiaattivita": "ALBERGHI"
      }
    },
    {
      "type": "Feature",
      "id": "v_def_strutture_ricettive_od.1049",
      "geometry": {
        "type": "Point",
        "coordinates": [
          11.219456302714457,
          43.79719437768085
        ]
      },
      "properties": {
        "id": 1049,
        "tipologiaattivita": "CAV"
      }
    },
    {
      "type": "Feature",
      "id": "v_def_strutture_ricettive_od.1050",
      "geometry": {
        "type": "Point",
        "coordinates": [
          11.219456302714457,
          43.79719437768085
        ]
      },
      "properties": {
        "id": 1050,
        "tipologiaattivita": "ALBERGHI"
      }
    },
    {
      "type": "Feature",
      "id": "v_def_strutture_ricettive_od.1051",
      "geometry": {
        "type": "Point",
        "coordinates": [
          11.255605174375143,
          43.77619054639817
        ]
      },
      "properties": {
        "id": 1051,
        "tipologiaattivita": "AFFITTACAMERE"
      }
    },
    {
      "type": "Feature",
      "id": "v_def_strutture_ricettive_od.1052",
      "geometry": {
        "type": "Point",
        "coordinates": [
          11.255605174375143,
          43.77619054639817
        ]
      },
      "properties": {
        "id": 1052,
        "tipologiaattivita": "AFFITTACAMERE"
      }
    },
    {
      "type": "Feature",
      "id": "v_def_strutture_ricettive_od.1053",
      "geometry": {
        "type": "Point",
        "coordinates": [
          11.263406280791175,
          43.76989281559644
        ]
      },
      "properties": {
        "id": 1053,
        "tipologiaattivita": "AFFITTACAMERE"
      }
    },
    {
      "type": "Feature",
      "id": "v_def_strutture_ricettive_od.1054",
      "geometry": {
        "type": "Point",
        "coordinates": [
          11.264882340144391,
          43.7728802062727
        ]
      },
      "properties": {
        "id": 1054,
        "tipologiaattivita": "CAV"
      }
    },
    {
      "type": "Feature",
      "id": "v_def_strutture_ricettive_od.1055",
      "geometry": {
        "type": "Point",
        "coordinates": [
          11.238267775178407,
          43.800409973155986
        ]
      },
      "properties": {
        "id": 1055,
        "tipologiaattivita": "AFFITTACAMERE"
      }
    },
    {
      "type": "Feature",
      "id": "v_def_strutture_ricettive_od.1056",
      "geometry": {
        "type": "Point",
        "coordinates": [
          11.264360873249391,
          43.77282766869015
        ]
      },
      "properties": {
        "id": 1056,
        "tipologiaattivita": "CAV"
      }
    },
    {
      "type": "Feature",
      "id": "v_def_strutture_ricettive_od.1057",
      "geometry": {
        "type": "Point",
        "coordinates": [
          11.25545702705839,
          43.77580972991402
        ]
      },
      "properties": {
        "id": 1057,
        "tipologiaattivita": "CAV"
      }
    },
    {
      "type": "Feature",
      "id": "v_def_strutture_ricettive_od.1058",
      "geometry": {
        "type": "Point",
        "coordinates": [
          11.256701351319247,
          43.76803767816488
        ]
      },
      "properties": {
        "id": 1058,
        "tipologiaattivita": "BED AND BREAKFAST"
      }
    },
    {
      "type": "Feature",
      "id": "v_def_strutture_ricettive_od.1059",
      "geometry": {
        "type": "Point",
        "coordinates": [
          11.256701351319247,
          43.76803767816488
        ]
      },
      "properties": {
        "id": 1059,
        "tipologiaattivita": "BED AND BREAKFAST"
      }
    },
    {
      "type": "Feature",
      "id": "v_def_strutture_ricettive_od.1060",
      "geometry": {
        "type": "Point",
        "coordinates": [
          11.256701351319247,
          43.76803767816488
        ]
      },
      "properties": {
        "id": 1060,
        "tipologiaattivita": "BED AND BREAKFAST"
      }
    },
    {
      "type": "Feature",
      "id": "v_def_strutture_ricettive_od.1061",
      "geometry": {
        "type": "Point",
        "coordinates": [
          11.249419885402565,
          43.784924870993294
        ]
      },
      "properties": {
        "id": 1061,
        "tipologiaattivita": "BED AND BREAKFAST"
      }
    },
    {
      "type": "Feature",
      "id": "v_def_strutture_ricettive_od.1062",
      "geometry": {
        "type": "Point",
        "coordinates": [
          11.256303631381098,
          43.77085313368125
        ]
      },
      "properties": {
        "id": 1062,
        "tipologiaattivita": "AFFITTACAMERE"
      }
    },
    {
      "type": "Feature",
      "id": "v_def_strutture_ricettive_od.1063",
      "geometry": {
        "type": "Point",
        "coordinates": [
          11.257876000237351,
          43.77133385841673
        ]
      },
      "properties": {
        "id": 1063,
        "tipologiaattivita": "BED AND BREAKFAST"
      }
    },
    {
      "type": "Feature",
      "id": "v_def_strutture_ricettive_od.1064",
      "geometry": {
        "type": "Point",
        "coordinates": [
          11.254992538951564,
          43.776713739454465
        ]
      },
      "properties": {
        "id": 1064,
        "tipologiaattivita": "ALBERGHI"
      }
    },
    {
      "type": "Feature",
      "id": "v_def_strutture_ricettive_od.1065",
      "geometry": {
        "type": "Point",
        "coordinates": [
          11.256488910692465,
          43.77419786368255
        ]
      },
      "properties": {
        "id": 1065,
        "tipologiaattivita": "RESIDENZA D'EPOCA"
      }
    },
    {
      "type": "Feature",
      "id": "v_def_strutture_ricettive_od.1066",
      "geometry": {
        "type": "Point",
        "coordinates": [
          11.256488910692465,
          43.77419786368255
        ]
      },
      "properties": {
        "id": 1066,
        "tipologiaattivita": "ALBERGHI"
      }
    },
    {
      "type": "Feature",
      "id": "v_def_strutture_ricettive_od.1067",
      "geometry": {
        "type": "Point",
        "coordinates": [
          11.256488910692465,
          43.77419786368255
        ]
      },
      "properties": {
        "id": 1067,
        "tipologiaattivita": "AFFITTACAMERE"
      }
    },
    {
      "type": "Feature",
      "id": "v_def_strutture_ricettive_od.1068",
      "geometry": {
        "type": "Point",
        "coordinates": [
          11.253000735894233,
          43.77447527451684
        ]
      },
      "properties": {
        "id": 1068,
        "tipologiaattivita": "ALBERGHI"
      }
    },
    {
      "type": "Feature",
      "id": "v_def_strutture_ricettive_od.1069",
      "geometry": {
        "type": "Point",
        "coordinates": [
          11.240599553973183,
          43.776818640848745
        ]
      },
      "properties": {
        "id": 1069,
        "tipologiaattivita": "CAV"
      }
    },
    {
      "type": "Feature",
      "id": "v_def_strutture_ricettive_od.1070",
      "geometry": {
        "type": "Point",
        "coordinates": [
          11.252364977902069,
          43.77861312907431
        ]
      },
      "properties": {
        "id": 1070,
        "tipologiaattivita": "CAV"
      }
    },
    {
      "type": "Feature",
      "id": "v_def_strutture_ricettive_od.1071",
      "geometry": {
        "type": "Point",
        "coordinates": [
          11.25601544513051,
          43.77168078983824
        ]
      },
      "properties": {
        "id": 1071,
        "tipologiaattivita": "CAV"
      }
    },
    {
      "type": "Feature",
      "id": "v_def_strutture_ricettive_od.1072",
      "geometry": {
        "type": "Point",
        "coordinates": [
          11.266367319673911,
          43.7769842122374
        ]
      },
      "properties": {
        "id": 1072,
        "tipologiaattivita": "ALBERGHI"
      }
    },
    {
      "type": "Feature",
      "id": "v_def_strutture_ricettive_od.1073",
      "geometry": {
        "type": "Point",
        "coordinates": [
          11.235218082909675,
          43.77146749164565
        ]
      },
      "properties": {
        "id": 1073,
        "tipologiaattivita": "AFFITTACAMERE"
      }
    },
    {
      "type": "Feature",
      "id": "v_def_strutture_ricettive_od.1074",
      "geometry": {
        "type": "Point",
        "coordinates": [
          11.248491183785669,
          43.771102171531034
        ]
      },
      "properties": {
        "id": 1074,
        "tipologiaattivita": "CAV"
      }
    },
    {
      "type": "Feature",
      "id": "v_def_strutture_ricettive_od.1075",
      "geometry": {
        "type": "Point",
        "coordinates": [
          11.254420771513164,
          43.81979398219014
        ]
      },
      "properties": {
        "id": 1075,
        "tipologiaattivita": "AGRITURISMO"
      }
    },
    {
      "type": "Feature",
      "id": "v_def_strutture_ricettive_od.1076",
      "geometry": {
        "type": "Point",
        "coordinates": [
          11.254420771513164,
          43.81979398219014
        ]
      },
      "properties": {
        "id": 1076,
        "tipologiaattivita": "AGRITURISMO"
      }
    },
    {
      "type": "Feature",
      "id": "v_def_strutture_ricettive_od.1077",
      "geometry": {
        "type": "Point",
        "coordinates": [
          11.319425927872771,
          43.78391573268554
        ]
      },
      "properties": {
        "id": 1077,
        "tipologiaattivita": "CASE PER FERIE"
      }
    },
    {
      "type": "Feature",
      "id": "v_def_strutture_ricettive_od.1078",
      "geometry": {
        "type": "Point",
        "coordinates": [
          11.265748412197153,
          43.76940589981822
        ]
      },
      "properties": {
        "id": 1078,
        "tipologiaattivita": "AFFITTACAMERE"
      }
    },
    {
      "type": "Feature",
      "id": "v_def_strutture_ricettive_od.1079",
      "geometry": {
        "type": "Point",
        "coordinates": [
          11.259348500169903,
          43.767386898895154
        ]
      },
      "properties": {
        "id": 1079,
        "tipologiaattivita": "CAV"
      }
    },
    {
      "type": "Feature",
      "id": "v_def_strutture_ricettive_od.1080",
      "geometry": {
        "type": "Point",
        "coordinates": [
          11.253067965281161,
          43.774490227613946
        ]
      },
      "properties": {
        "id": 1080,
        "tipologiaattivita": "RESIDENZA D'EPOCA"
      }
    },
    {
      "type": "Feature",
      "id": "v_def_strutture_ricettive_od.1081",
      "geometry": {
        "type": "Point",
        "coordinates": [
          11.240814842861894,
          43.77935015995361
        ]
      },
      "properties": {
        "id": 1081,
        "tipologiaattivita": "AFFITTACAMERE"
      }
    },
    {
      "type": "Feature",
      "id": "v_def_strutture_ricettive_od.1082",
      "geometry": {
        "type": "Point",
        "coordinates": [
          11.256458909969808,
          43.7715146808625
        ]
      },
      "properties": {
        "id": 1082,
        "tipologiaattivita": "AFFITTACAMERE"
      }
    },
    {
      "type": "Feature",
      "id": "v_def_strutture_ricettive_od.1083",
      "geometry": {
        "type": "Point",
        "coordinates": [
          11.257215135097262,
          43.77959823505666
        ]
      },
      "properties": {
        "id": 1083,
        "tipologiaattivita": "CAV"
      }
    },
    {
      "type": "Feature",
      "id": "v_def_strutture_ricettive_od.1084",
      "geometry": {
        "type": "Point",
        "coordinates": [
          11.255296363933306,
          43.778963423895625
        ]
      },
      "properties": {
        "id": 1084,
        "tipologiaattivita": "AFFITTACAMERE"
      }
    },
    {
      "type": "Feature",
      "id": "v_def_strutture_ricettive_od.1085",
      "geometry": {
        "type": "Point",
        "coordinates": [
          11.255296363933306,
          43.778963423895625
        ]
      },
      "properties": {
        "id": 1085,
        "tipologiaattivita": "AFFITTACAMERE"
      }
    },
    {
      "type": "Feature",
      "id": "v_def_strutture_ricettive_od.1086",
      "geometry": {
        "type": "Point",
        "coordinates": [
          11.239442573306063,
          43.75103148222337
        ]
      },
      "properties": {
        "id": 1086,
        "tipologiaattivita": "CAV"
      }
    },
    {
      "type": "Feature",
      "id": "v_def_strutture_ricettive_od.1087",
      "geometry": {
        "type": "Point",
        "coordinates": [
          11.239442573306063,
          43.75103148222337
        ]
      },
      "properties": {
        "id": 1087,
        "tipologiaattivita": "BED AND BREAKFAST"
      }
    },
    {
      "type": "Feature",
      "id": "v_def_strutture_ricettive_od.1088",
      "geometry": {
        "type": "Point",
        "coordinates": [
          11.250858286620442,
          43.77804815911138
        ]
      },
      "properties": {
        "id": 1088,
        "tipologiaattivita": "AFFITTACAMERE"
      }
    },
    {
      "type": "Feature",
      "id": "v_def_strutture_ricettive_od.1089",
      "geometry": {
        "type": "Point",
        "coordinates": [
          11.249419874687216,
          43.77708408699417
        ]
      },
      "properties": {
        "id": 1089,
        "tipologiaattivita": "CAV"
      }
    },
    {
      "type": "Feature",
      "id": "v_def_strutture_ricettive_od.1090",
      "geometry": {
        "type": "Point",
        "coordinates": [
          11.260242810323245,
          43.77040425282341
        ]
      },
      "properties": {
        "id": 1090,
        "tipologiaattivita": "AFFITTACAMERE"
      }
    },
    {
      "type": "Feature",
      "id": "v_def_strutture_ricettive_od.1091",
      "geometry": {
        "type": "Point",
        "coordinates": [
          11.230625811169306,
          43.80709205263648
        ]
      },
      "properties": {
        "id": 1091,
        "tipologiaattivita": "AFFITTACAMERE"
      }
    },
    {
      "type": "Feature",
      "id": "v_def_strutture_ricettive_od.1092",
      "geometry": {
        "type": "Point",
        "coordinates": [
          11.198067559473488,
          43.7960000638618
        ]
      },
      "properties": {
        "id": 1092,
        "tipologiaattivita": "CAV"
      }
    },
    {
      "type": "Feature",
      "id": "v_def_strutture_ricettive_od.1093",
      "geometry": {
        "type": "Point",
        "coordinates": [
          11.26012245759689,
          43.767910613931086
        ]
      },
      "properties": {
        "id": 1093,
        "tipologiaattivita": "BED AND BREAKFAST"
      }
    },
    {
      "type": "Feature",
      "id": "v_def_strutture_ricettive_od.1094",
      "geometry": {
        "type": "Point",
        "coordinates": [
          11.231520652915698,
          43.74451882491798
        ]
      },
      "properties": {
        "id": 1094,
        "tipologiaattivita": "AGRITURISMO"
      }
    },
    {
      "type": "Feature",
      "id": "v_def_strutture_ricettive_od.1095",
      "geometry": {
        "type": "Point",
        "coordinates": [
          11.237734841465356,
          43.771027010376805
        ]
      },
      "properties": {
        "id": 1095,
        "tipologiaattivita": "AFFITTACAMERE"
      }
    },
    {
      "type": "Feature",
      "id": "v_def_strutture_ricettive_od.1096",
      "geometry": {
        "type": "Point",
        "coordinates": [
          11.257477164805431,
          43.78061826533677
        ]
      },
      "properties": {
        "id": 1096,
        "tipologiaattivita": "AFFITTACAMERE"
      }
    },
    {
      "type": "Feature",
      "id": "v_def_strutture_ricettive_od.1097",
      "geometry": {
        "type": "Point",
        "coordinates": [
          11.237948246238021,
          43.8006275829758
        ]
      },
      "properties": {
        "id": 1097,
        "tipologiaattivita": "AFFITTACAMERE"
      }
    },
    {
      "type": "Feature",
      "id": "v_def_strutture_ricettive_od.1098",
      "geometry": {
        "type": "Point",
        "coordinates": [
          11.244993392303305,
          43.772988031247095
        ]
      },
      "properties": {
        "id": 1098,
        "tipologiaattivita": "CASE PER FERIE"
      }
    },
    {
      "type": "Feature",
      "id": "v_def_strutture_ricettive_od.1099",
      "geometry": {
        "type": "Point",
        "coordinates": [
          11.258528732519311,
          43.77154307972711
        ]
      },
      "properties": {
        "id": 1099,
        "tipologiaattivita": "CAV"
      }
    },
    {
      "type": "Feature",
      "id": "v_def_strutture_ricettive_od.1100",
      "geometry": {
        "type": "Point",
        "coordinates": [
          11.258528732519311,
          43.77154307972711
        ]
      },
      "properties": {
        "id": 1100,
        "tipologiaattivita": "CAV"
      }
    },
    {
      "type": "Feature",
      "id": "v_def_strutture_ricettive_od.1101",
      "geometry": {
        "type": "Point",
        "coordinates": [
          11.258528732519311,
          43.77154307972711
        ]
      },
      "properties": {
        "id": 1101,
        "tipologiaattivita": "CAV"
      }
    },
    {
      "type": "Feature",
      "id": "v_def_strutture_ricettive_od.1102",
      "geometry": {
        "type": "Point",
        "coordinates": [
          11.258528732519311,
          43.77154307972711
        ]
      },
      "properties": {
        "id": 1102,
        "tipologiaattivita": "CAV"
      }
    },
    {
      "type": "Feature",
      "id": "v_def_strutture_ricettive_od.1103",
      "geometry": {
        "type": "Point",
        "coordinates": [
          11.258528732519311,
          43.77154307972711
        ]
      },
      "properties": {
        "id": 1103,
        "tipologiaattivita": "CAV"
      }
    },
    {
      "type": "Feature",
      "id": "v_def_strutture_ricettive_od.1104",
      "geometry": {
        "type": "Point",
        "coordinates": [
          11.257064703889393,
          43.77494666983728
        ]
      },
      "properties": {
        "id": 1104,
        "tipologiaattivita": "BED AND BREAKFAST"
      }
    },
    {
      "type": "Feature",
      "id": "v_def_strutture_ricettive_od.1105",
      "geometry": {
        "type": "Point",
        "coordinates": [
          11.259397150851052,
          43.77306929559039
        ]
      },
      "properties": {
        "id": 1105,
        "tipologiaattivita": "CAV"
      }
    },
    {
      "type": "Feature",
      "id": "v_def_strutture_ricettive_od.1106",
      "geometry": {
        "type": "Point",
        "coordinates": [
          11.259397150851052,
          43.77306929559039
        ]
      },
      "properties": {
        "id": 1106,
        "tipologiaattivita": "AFFITTACAMERE"
      }
    },
    {
      "type": "Feature",
      "id": "v_def_strutture_ricettive_od.1107",
      "geometry": {
        "type": "Point",
        "coordinates": [
          11.259397150851052,
          43.77306929559039
        ]
      },
      "properties": {
        "id": 1107,
        "tipologiaattivita": "AFFITTACAMERE"
      }
    },
    {
      "type": "Feature",
      "id": "v_def_strutture_ricettive_od.1108",
      "geometry": {
        "type": "Point",
        "coordinates": [
          11.253613695422972,
          43.775578988504535
        ]
      },
      "properties": {
        "id": 1108,
        "tipologiaattivita": "AFFITTACAMERE"
      }
    },
    {
      "type": "Feature",
      "id": "v_def_strutture_ricettive_od.1109",
      "geometry": {
        "type": "Point",
        "coordinates": [
          11.253613695422972,
          43.775578988504535
        ]
      },
      "properties": {
        "id": 1109,
        "tipologiaattivita": "AFFITTACAMERE"
      }
    },
    {
      "type": "Feature",
      "id": "v_def_strutture_ricettive_od.1110",
      "geometry": {
        "type": "Point",
        "coordinates": [
          11.253613695422972,
          43.775578988504535
        ]
      },
      "properties": {
        "id": 1110,
        "tipologiaattivita": "BED AND BREAKFAST"
      }
    },
    {
      "type": "Feature",
      "id": "v_def_strutture_ricettive_od.1111",
      "geometry": {
        "type": "Point",
        "coordinates": [
          11.254728383302757,
          43.77670909848737
        ]
      },
      "properties": {
        "id": 1111,
        "tipologiaattivita": "CAV"
      }
    },
    {
      "type": "Feature",
      "id": "v_def_strutture_ricettive_od.1112",
      "geometry": {
        "type": "Point",
        "coordinates": [
          11.254728383302757,
          43.77670909848737
        ]
      },
      "properties": {
        "id": 1112,
        "tipologiaattivita": "CAV"
      }
    },
    {
      "type": "Feature",
      "id": "v_def_strutture_ricettive_od.1113",
      "geometry": {
        "type": "Point",
        "coordinates": [
          11.252209133195556,
          43.77735747611961
        ]
      },
      "properties": {
        "id": 1113,
        "tipologiaattivita": "ALBERGHI"
      }
    },
    {
      "type": "Feature",
      "id": "v_def_strutture_ricettive_od.1114",
      "geometry": {
        "type": "Point",
        "coordinates": [
          11.252423423875868,
          43.769925492832044
        ]
      },
      "properties": {
        "id": 1114,
        "tipologiaattivita": "RESIDENZA D'EPOCA"
      }
    },
    {
      "type": "Feature",
      "id": "v_def_strutture_ricettive_od.1115",
      "geometry": {
        "type": "Point",
        "coordinates": [
          11.262970030017055,
          43.77619766149324
        ]
      },
      "properties": {
        "id": 1115,
        "tipologiaattivita": "AFFITTACAMERE"
      }
    },
    {
      "type": "Feature",
      "id": "v_def_strutture_ricettive_od.1116",
      "geometry": {
        "type": "Point",
        "coordinates": [
          11.262322501471312,
          43.7700305987154
        ]
      },
      "properties": {
        "id": 1116,
        "tipologiaattivita": "ALBERGHI"
      }
    },
    {
      "type": "Feature",
      "id": "v_def_strutture_ricettive_od.1117",
      "geometry": {
        "type": "Point",
        "coordinates": [
          11.248032171133296,
          43.7708731781469
        ]
      },
      "properties": {
        "id": 1117,
        "tipologiaattivita": "RESIDENZA D'EPOCA"
      }
    },
    {
      "type": "Feature",
      "id": "v_def_strutture_ricettive_od.1118",
      "geometry": {
        "type": "Point",
        "coordinates": [
          11.250131612691604,
          43.77686896256707
        ]
      },
      "properties": {
        "id": 1118,
        "tipologiaattivita": "AFFITTACAMERE"
      }
    },
    {
      "type": "Feature",
      "id": "v_def_strutture_ricettive_od.1119",
      "geometry": {
        "type": "Point",
        "coordinates": [
          11.250131612691604,
          43.77686896256707
        ]
      },
      "properties": {
        "id": 1119,
        "tipologiaattivita": "ALBERGHI"
      }
    },
    {
      "type": "Feature",
      "id": "v_def_strutture_ricettive_od.1120",
      "geometry": {
        "type": "Point",
        "coordinates": [
          11.250131612691604,
          43.77686896256707
        ]
      },
      "properties": {
        "id": 1120,
        "tipologiaattivita": "ALBERGHI"
      }
    },
    {
      "type": "Feature",
      "id": "v_def_strutture_ricettive_od.1121",
      "geometry": {
        "type": "Point",
        "coordinates": [
          11.250131612691604,
          43.77686896256707
        ]
      },
      "properties": {
        "id": 1121,
        "tipologiaattivita": "BED AND BREAKFAST"
      }
    },
    {
      "type": "Feature",
      "id": "v_def_strutture_ricettive_od.1122",
      "geometry": {
        "type": "Point",
        "coordinates": [
          11.218221023750042,
          43.79204690905125
        ]
      },
      "properties": {
        "id": 1122,
        "tipologiaattivita": "AFFITTACAMERE"
      }
    },
    {
      "type": "Feature",
      "id": "v_def_strutture_ricettive_od.1123",
      "geometry": {
        "type": "Point",
        "coordinates": [
          11.255108886254613,
          43.774824185536595
        ]
      },
      "properties": {
        "id": 1123,
        "tipologiaattivita": "OSTELLO"
      }
    },
    {
      "type": "Feature",
      "id": "v_def_strutture_ricettive_od.1124",
      "geometry": {
        "type": "Point",
        "coordinates": [
          11.255108886254613,
          43.774824185536595
        ]
      },
      "properties": {
        "id": 1124,
        "tipologiaattivita": "CASE PER FERIE"
      }
    },
    {
      "type": "Feature",
      "id": "v_def_strutture_ricettive_od.1125",
      "geometry": {
        "type": "Point",
        "coordinates": [
          11.23884172730329,
          43.7811426919274
        ]
      },
      "properties": {
        "id": 1125,
        "tipologiaattivita": "CAV"
      }
    },
    {
      "type": "Feature",
      "id": "v_def_strutture_ricettive_od.1126",
      "geometry": {
        "type": "Point",
        "coordinates": [
          11.257117395742544,
          43.770185336891174
        ]
      },
      "properties": {
        "id": 1126,
        "tipologiaattivita": "ALBERGHI"
      }
    },
    {
      "type": "Feature",
      "id": "v_def_strutture_ricettive_od.1127",
      "geometry": {
        "type": "Point",
        "coordinates": [
          11.254893075462979,
          43.77418416680789
        ]
      },
      "properties": {
        "id": 1127,
        "tipologiaattivita": "AFFITTACAMERE"
      }
    },
    {
      "type": "Feature",
      "id": "v_def_strutture_ricettive_od.1128",
      "geometry": {
        "type": "Point",
        "coordinates": [
          11.26354738145706,
          43.77530643740054
        ]
      },
      "properties": {
        "id": 1128,
        "tipologiaattivita": "BED AND BREAKFAST"
      }
    },
    {
      "type": "Feature",
      "id": "v_def_strutture_ricettive_od.1129",
      "geometry": {
        "type": "Point",
        "coordinates": [
          11.244045670452408,
          43.78148838687274
        ]
      },
      "properties": {
        "id": 1129,
        "tipologiaattivita": "AFFITTACAMERE"
      }
    },
    {
      "type": "Feature",
      "id": "v_def_strutture_ricettive_od.1130",
      "geometry": {
        "type": "Point",
        "coordinates": [
          11.244817334929298,
          43.77973533064506
        ]
      },
      "properties": {
        "id": 1130,
        "tipologiaattivita": "AFFITTACAMERE"
      }
    },
    {
      "type": "Feature",
      "id": "v_def_strutture_ricettive_od.1131",
      "geometry": {
        "type": "Point",
        "coordinates": [
          11.233779698452253,
          43.78410854670343
        ]
      },
      "properties": {
        "id": 1131,
        "tipologiaattivita": "CAV"
      }
    },
    {
      "type": "Feature",
      "id": "v_def_strutture_ricettive_od.1132",
      "geometry": {
        "type": "Point",
        "coordinates": [
          11.233779698452253,
          43.78410854670343
        ]
      },
      "properties": {
        "id": 1132,
        "tipologiaattivita": "CAV"
      }
    },
    {
      "type": "Feature",
      "id": "v_def_strutture_ricettive_od.1133",
      "geometry": {
        "type": "Point",
        "coordinates": [
          11.253207875963495,
          43.76956867931974
        ]
      },
      "properties": {
        "id": 1133,
        "tipologiaattivita": "AFFITTACAMERE"
      }
    },
    {
      "type": "Feature",
      "id": "v_def_strutture_ricettive_od.1134",
      "geometry": {
        "type": "Point",
        "coordinates": [
          11.253207875963495,
          43.76956867931974
        ]
      },
      "properties": {
        "id": 1134,
        "tipologiaattivita": "CAV"
      }
    },
    {
      "type": "Feature",
      "id": "v_def_strutture_ricettive_od.1135",
      "geometry": {
        "type": "Point",
        "coordinates": [
          11.253207875963495,
          43.76956867931974
        ]
      },
      "properties": {
        "id": 1135,
        "tipologiaattivita": "BED AND BREAKFAST"
      }
    },
    {
      "type": "Feature",
      "id": "v_def_strutture_ricettive_od.1136",
      "geometry": {
        "type": "Point",
        "coordinates": [
          11.249239008731392,
          43.77264007865583
        ]
      },
      "properties": {
        "id": 1136,
        "tipologiaattivita": "ALBERGHI"
      }
    },
    {
      "type": "Feature",
      "id": "v_def_strutture_ricettive_od.1137",
      "geometry": {
        "type": "Point",
        "coordinates": [
          11.249239008731392,
          43.77264007865583
        ]
      },
      "properties": {
        "id": 1137,
        "tipologiaattivita": "ALBERGHI"
      }
    },
    {
      "type": "Feature",
      "id": "v_def_strutture_ricettive_od.1138",
      "geometry": {
        "type": "Point",
        "coordinates": [
          11.284639260435052,
          43.76626404840334
        ]
      },
      "properties": {
        "id": 1138,
        "tipologiaattivita": "ALBERGHI"
      }
    },
    {
      "type": "Feature",
      "id": "v_def_strutture_ricettive_od.1139",
      "geometry": {
        "type": "Point",
        "coordinates": [
          11.26496461335599,
          43.78437450395532
        ]
      },
      "properties": {
        "id": 1139,
        "tipologiaattivita": "AFFITTACAMERE"
      }
    },
    {
      "type": "Feature",
      "id": "v_def_strutture_ricettive_od.1140",
      "geometry": {
        "type": "Point",
        "coordinates": [
          11.252892910152223,
          43.77841417732575
        ]
      },
      "properties": {
        "id": 1140,
        "tipologiaattivita": "AFFITTACAMERE"
      }
    },
    {
      "type": "Feature",
      "id": "v_def_strutture_ricettive_od.1141",
      "geometry": {
        "type": "Point",
        "coordinates": [
          11.252620351672043,
          43.77510049839603
        ]
      },
      "properties": {
        "id": 1141,
        "tipologiaattivita": "CAV"
      }
    },
    {
      "type": "Feature",
      "id": "v_def_strutture_ricettive_od.1142",
      "geometry": {
        "type": "Point",
        "coordinates": [
          11.276007001024633,
          43.761862875278766
        ]
      },
      "properties": {
        "id": 1142,
        "tipologiaattivita": "BED AND BREAKFAST"
      }
    },
    {
      "type": "Feature",
      "id": "v_def_strutture_ricettive_od.1143",
      "geometry": {
        "type": "Point",
        "coordinates": [
          11.263734211339404,
          43.77340717059082
        ]
      },
      "properties": {
        "id": 1143,
        "tipologiaattivita": "CAV"
      }
    },
    {
      "type": "Feature",
      "id": "v_def_strutture_ricettive_od.1144",
      "geometry": {
        "type": "Point",
        "coordinates": [
          11.246366406996192,
          43.774920259877256
        ]
      },
      "properties": {
        "id": 1144,
        "tipologiaattivita": "BED AND BREAKFAST"
      }
    },
    {
      "type": "Feature",
      "id": "v_def_strutture_ricettive_od.1145",
      "geometry": {
        "type": "Point",
        "coordinates": [
          11.248090231898459,
          43.7737034032798
        ]
      },
      "properties": {
        "id": 1145,
        "tipologiaattivita": "CAV"
      }
    },
    {
      "type": "Feature",
      "id": "v_def_strutture_ricettive_od.1146",
      "geometry": {
        "type": "Point",
        "coordinates": [
          11.25529355414595,
          43.77244880320317
        ]
      },
      "properties": {
        "id": 1146,
        "tipologiaattivita": "AFFITTACAMERE"
      }
    },
    {
      "type": "Feature",
      "id": "v_def_strutture_ricettive_od.1147",
      "geometry": {
        "type": "Point",
        "coordinates": [
          11.25529355414595,
          43.77244880320317
        ]
      },
      "properties": {
        "id": 1147,
        "tipologiaattivita": "ALBERGHI"
      }
    },
    {
      "type": "Feature",
      "id": "v_def_strutture_ricettive_od.1148",
      "geometry": {
        "type": "Point",
        "coordinates": [
          11.25529355414595,
          43.77244880320317
        ]
      },
      "properties": {
        "id": 1148,
        "tipologiaattivita": "ALBERGHI"
      }
    },
    {
      "type": "Feature",
      "id": "v_def_strutture_ricettive_od.1149",
      "geometry": {
        "type": "Point",
        "coordinates": [
          11.25229749507019,
          43.76941567778124
        ]
      },
      "properties": {
        "id": 1149,
        "tipologiaattivita": "AFFITTACAMERE"
      }
    },
    {
      "type": "Feature",
      "id": "v_def_strutture_ricettive_od.1150",
      "geometry": {
        "type": "Point",
        "coordinates": [
          11.252414067898625,
          43.77753731610472
        ]
      },
      "properties": {
        "id": 1150,
        "tipologiaattivita": "ALBERGHI"
      }
    },
    {
      "type": "Feature",
      "id": "v_def_strutture_ricettive_od.1151",
      "geometry": {
        "type": "Point",
        "coordinates": [
          11.217056064790611,
          43.7968830582991
        ]
      },
      "properties": {
        "id": 1151,
        "tipologiaattivita": "AFFITTACAMERE"
      }
    },
    {
      "type": "Feature",
      "id": "v_def_strutture_ricettive_od.1152",
      "geometry": {
        "type": "Point",
        "coordinates": [
          11.328522889300627,
          43.7806488849763
        ]
      },
      "properties": {
        "id": 1152,
        "tipologiaattivita": "RESIDENZA D'EPOCA"
      }
    },
    {
      "type": "Feature",
      "id": "v_def_strutture_ricettive_od.1153",
      "geometry": {
        "type": "Point",
        "coordinates": [
          11.261218410675962,
          43.77025081540435
        ]
      },
      "properties": {
        "id": 1153,
        "tipologiaattivita": "BED AND BREAKFAST"
      }
    },
    {
      "type": "Feature",
      "id": "v_def_strutture_ricettive_od.1154",
      "geometry": {
        "type": "Point",
        "coordinates": [
          11.2508314335774,
          43.771358781224414
        ]
      },
      "properties": {
        "id": 1154,
        "tipologiaattivita": "BED AND BREAKFAST"
      }
    },
    {
      "type": "Feature",
      "id": "v_def_strutture_ricettive_od.1155",
      "geometry": {
        "type": "Point",
        "coordinates": [
          11.257148587305764,
          43.77862135852995
        ]
      },
      "properties": {
        "id": 1155,
        "tipologiaattivita": "AFFITTACAMERE"
      }
    },
    {
      "type": "Feature",
      "id": "v_def_strutture_ricettive_od.1156",
      "geometry": {
        "type": "Point",
        "coordinates": [
          11.257148587305764,
          43.77862135852995
        ]
      },
      "properties": {
        "id": 1156,
        "tipologiaattivita": "AFFITTACAMERE"
      }
    },
    {
      "type": "Feature",
      "id": "v_def_strutture_ricettive_od.1157",
      "geometry": {
        "type": "Point",
        "coordinates": [
          11.253647206990452,
          43.76991753514385
        ]
      },
      "properties": {
        "id": 1157,
        "tipologiaattivita": "AFFITTACAMERE"
      }
    },
    {
      "type": "Feature",
      "id": "v_def_strutture_ricettive_od.1158",
      "geometry": {
        "type": "Point",
        "coordinates": [
          11.253647206990452,
          43.76991753514385
        ]
      },
      "properties": {
        "id": 1158,
        "tipologiaattivita": "AFFITTACAMERE"
      }
    },
    {
      "type": "Feature",
      "id": "v_def_strutture_ricettive_od.1159",
      "geometry": {
        "type": "Point",
        "coordinates": [
          11.253647206990452,
          43.76991753514385
        ]
      },
      "properties": {
        "id": 1159,
        "tipologiaattivita": "BED AND BREAKFAST"
      }
    },
    {
      "type": "Feature",
      "id": "v_def_strutture_ricettive_od.1160",
      "geometry": {
        "type": "Point",
        "coordinates": [
          11.259847581554784,
          43.77987247570306
        ]
      },
      "properties": {
        "id": 1160,
        "tipologiaattivita": "ALBERGHI"
      }
    },
    {
      "type": "Feature",
      "id": "v_def_strutture_ricettive_od.1161",
      "geometry": {
        "type": "Point",
        "coordinates": [
          11.253681537438009,
          43.77258613526075
        ]
      },
      "properties": {
        "id": 1161,
        "tipologiaattivita": "AFFITTACAMERE"
      }
    },
    {
      "type": "Feature",
      "id": "v_def_strutture_ricettive_od.1162",
      "geometry": {
        "type": "Point",
        "coordinates": [
          11.253681537438009,
          43.77258613526075
        ]
      },
      "properties": {
        "id": 1162,
        "tipologiaattivita": "AFFITTACAMERE"
      }
    },
    {
      "type": "Feature",
      "id": "v_def_strutture_ricettive_od.1163",
      "geometry": {
        "type": "Point",
        "coordinates": [
          11.252463926815048,
          43.77545381817351
        ]
      },
      "properties": {
        "id": 1163,
        "tipologiaattivita": "ALBERGHI"
      }
    },
    {
      "type": "Feature",
      "id": "v_def_strutture_ricettive_od.1164",
      "geometry": {
        "type": "Point",
        "coordinates": [
          11.25331741533869,
          43.7760308706097
        ]
      },
      "properties": {
        "id": 1164,
        "tipologiaattivita": "CAV"
      }
    },
    {
      "type": "Feature",
      "id": "v_def_strutture_ricettive_od.1165",
      "geometry": {
        "type": "Point",
        "coordinates": [
          11.25331741533869,
          43.7760308706097
        ]
      },
      "properties": {
        "id": 1165,
        "tipologiaattivita": "BED AND BREAKFAST"
      }
    },
    {
      "type": "Feature",
      "id": "v_def_strutture_ricettive_od.1166",
      "geometry": {
        "type": "Point",
        "coordinates": [
          11.25331741533869,
          43.7760308706097
        ]
      },
      "properties": {
        "id": 1166,
        "tipologiaattivita": "CAV"
      }
    },
    {
      "type": "Feature",
      "id": "v_def_strutture_ricettive_od.1167",
      "geometry": {
        "type": "Point",
        "coordinates": [
          11.234969910933811,
          43.783475520460826
        ]
      },
      "properties": {
        "id": 1167,
        "tipologiaattivita": "AFFITTACAMERE"
      }
    },
    {
      "type": "Feature",
      "id": "v_def_strutture_ricettive_od.1168",
      "geometry": {
        "type": "Point",
        "coordinates": [
          11.272127953468312,
          43.767386761670565
        ]
      },
      "properties": {
        "id": 1168,
        "tipologiaattivita": "CAV"
      }
    },
    {
      "type": "Feature",
      "id": "v_def_strutture_ricettive_od.1169",
      "geometry": {
        "type": "Point",
        "coordinates": [
          11.264230330966875,
          43.77505756720669
        ]
      },
      "properties": {
        "id": 1169,
        "tipologiaattivita": "CAV"
      }
    },
    {
      "type": "Feature",
      "id": "v_def_strutture_ricettive_od.1170",
      "geometry": {
        "type": "Point",
        "coordinates": [
          11.259462825679956,
          43.77577326387166
        ]
      },
      "properties": {
        "id": 1170,
        "tipologiaattivita": "AFFITTACAMERE"
      }
    },
    {
      "type": "Feature",
      "id": "v_def_strutture_ricettive_od.1171",
      "geometry": {
        "type": "Point",
        "coordinates": [
          11.254362676204037,
          43.77230961515021
        ]
      },
      "properties": {
        "id": 1171,
        "tipologiaattivita": "CAV"
      }
    },
    {
      "type": "Feature",
      "id": "v_def_strutture_ricettive_od.1172",
      "geometry": {
        "type": "Point",
        "coordinates": [
          11.254362676204037,
          43.77230961515021
        ]
      },
      "properties": {
        "id": 1172,
        "tipologiaattivita": "AFFITTACAMERE"
      }
    },
    {
      "type": "Feature",
      "id": "v_def_strutture_ricettive_od.1173",
      "geometry": {
        "type": "Point",
        "coordinates": [
          11.248773887018931,
          43.76632026386291
        ]
      },
      "properties": {
        "id": 1173,
        "tipologiaattivita": "CAV"
      }
    },
    {
      "type": "Feature",
      "id": "v_def_strutture_ricettive_od.1174",
      "geometry": {
        "type": "Point",
        "coordinates": [
          11.261991728513209,
          43.76419246168393
        ]
      },
      "properties": {
        "id": 1174,
        "tipologiaattivita": "CAV"
      }
    },
    {
      "type": "Feature",
      "id": "v_def_strutture_ricettive_od.1175",
      "geometry": {
        "type": "Point",
        "coordinates": [
          11.223736631268835,
          43.773569378153184
        ]
      },
      "properties": {
        "id": 1175,
        "tipologiaattivita": "AFFITTACAMERE"
      }
    },
    {
      "type": "Feature",
      "id": "v_def_strutture_ricettive_od.1176",
      "geometry": {
        "type": "Point",
        "coordinates": [
          11.23641777025356,
          43.78141101583944
        ]
      },
      "properties": {
        "id": 1176,
        "tipologiaattivita": "CAV"
      }
    },
    {
      "type": "Feature",
      "id": "v_def_strutture_ricettive_od.1177",
      "geometry": {
        "type": "Point",
        "coordinates": [
          11.256102515516298,
          43.77176609819641
        ]
      },
      "properties": {
        "id": 1177,
        "tipologiaattivita": "CAV"
      }
    },
    {
      "type": "Feature",
      "id": "v_def_strutture_ricettive_od.1178",
      "geometry": {
        "type": "Point",
        "coordinates": [
          11.253835341222471,
          43.77888822295934
        ]
      },
      "properties": {
        "id": 1178,
        "tipologiaattivita": "ALBERGHI"
      }
    },
    {
      "type": "Feature",
      "id": "v_def_strutture_ricettive_od.1179",
      "geometry": {
        "type": "Point",
        "coordinates": [
          11.258828087931349,
          43.77140526000759
        ]
      },
      "properties": {
        "id": 1179,
        "tipologiaattivita": "CAV"
      }
    },
    {
      "type": "Feature",
      "id": "v_def_strutture_ricettive_od.1180",
      "geometry": {
        "type": "Point",
        "coordinates": [
          11.249334883284819,
          43.78942791123664
        ]
      },
      "properties": {
        "id": 1180,
        "tipologiaattivita": "AFFITTACAMERE"
      }
    },
    {
      "type": "Feature",
      "id": "v_def_strutture_ricettive_od.1181",
      "geometry": {
        "type": "Point",
        "coordinates": [
          11.261353257576113,
          43.78049046618399
        ]
      },
      "properties": {
        "id": 1181,
        "tipologiaattivita": "ALBERGHI"
      }
    },
    {
      "type": "Feature",
      "id": "v_def_strutture_ricettive_od.1182",
      "geometry": {
        "type": "Point",
        "coordinates": [
          11.259641511771822,
          43.784393980814414
        ]
      },
      "properties": {
        "id": 1182,
        "tipologiaattivita": "AFFITTACAMERE"
      }
    },
    {
      "type": "Feature",
      "id": "v_def_strutture_ricettive_od.1183",
      "geometry": {
        "type": "Point",
        "coordinates": [
          11.257903458163444,
          43.786171556519
        ]
      },
      "properties": {
        "id": 1183,
        "tipologiaattivita": "AFFITTACAMERE"
      }
    },
    {
      "type": "Feature",
      "id": "v_def_strutture_ricettive_od.1184",
      "geometry": {
        "type": "Point",
        "coordinates": [
          11.202518767362303,
          43.78179134489547
        ]
      },
      "properties": {
        "id": 1184,
        "tipologiaattivita": "AFFITTACAMERE"
      }
    },
    {
      "type": "Feature",
      "id": "v_def_strutture_ricettive_od.1185",
      "geometry": {
        "type": "Point",
        "coordinates": [
          11.24668972317912,
          43.7666326172161
        ]
      },
      "properties": {
        "id": 1185,
        "tipologiaattivita": "AFFITTACAMERE"
      }
    },
    {
      "type": "Feature",
      "id": "v_def_strutture_ricettive_od.1186",
      "geometry": {
        "type": "Point",
        "coordinates": [
          11.254031543498273,
          43.77191258860861
        ]
      },
      "properties": {
        "id": 1186,
        "tipologiaattivita": "CAV"
      }
    },
    {
      "type": "Feature",
      "id": "v_def_strutture_ricettive_od.1187",
      "geometry": {
        "type": "Point",
        "coordinates": [
          11.278756847204928,
          43.780792972867886
        ]
      },
      "properties": {
        "id": 1187,
        "tipologiaattivita": "OSTELLO"
      }
    },
    {
      "type": "Feature",
      "id": "v_def_strutture_ricettive_od.1188",
      "geometry": {
        "type": "Point",
        "coordinates": [
          11.248816839219996,
          43.771038096838794
        ]
      },
      "properties": {
        "id": 1188,
        "tipologiaattivita": "AFFITTACAMERE"
      }
    },
    {
      "type": "Feature",
      "id": "v_def_strutture_ricettive_od.1189",
      "geometry": {
        "type": "Point",
        "coordinates": [
          11.248816839219996,
          43.771038096838794
        ]
      },
      "properties": {
        "id": 1189,
        "tipologiaattivita": "CAV"
      }
    },
    {
      "type": "Feature",
      "id": "v_def_strutture_ricettive_od.1190",
      "geometry": {
        "type": "Point",
        "coordinates": [
          11.248816839219996,
          43.771038096838794
        ]
      },
      "properties": {
        "id": 1190,
        "tipologiaattivita": "RESIDENZA D'EPOCA"
      }
    },
    {
      "type": "Feature",
      "id": "v_def_strutture_ricettive_od.1191",
      "geometry": {
        "type": "Point",
        "coordinates": [
          11.248816839219996,
          43.771038096838794
        ]
      },
      "properties": {
        "id": 1191,
        "tipologiaattivita": "CAV"
      }
    },
    {
      "type": "Feature",
      "id": "v_def_strutture_ricettive_od.1192",
      "geometry": {
        "type": "Point",
        "coordinates": [
          11.234484877914461,
          43.75754553249939
        ]
      },
      "properties": {
        "id": 1192,
        "tipologiaattivita": "RESIDENZA D'EPOCA"
      }
    },
    {
      "type": "Feature",
      "id": "v_def_strutture_ricettive_od.1193",
      "geometry": {
        "type": "Point",
        "coordinates": [
          11.255704994418709,
          43.779620875408725
        ]
      },
      "properties": {
        "id": 1193,
        "tipologiaattivita": "AFFITTACAMERE"
      }
    },
    {
      "type": "Feature",
      "id": "v_def_strutture_ricettive_od.1194",
      "geometry": {
        "type": "Point",
        "coordinates": [
          11.255704994418709,
          43.779620875408725
        ]
      },
      "properties": {
        "id": 1194,
        "tipologiaattivita": "ALBERGHI"
      }
    },
    {
      "type": "Feature",
      "id": "v_def_strutture_ricettive_od.1195",
      "geometry": {
        "type": "Point",
        "coordinates": [
          11.258693819931278,
          43.76796210495554
        ]
      },
      "properties": {
        "id": 1195,
        "tipologiaattivita": "BED AND BREAKFAST"
      }
    },
    {
      "type": "Feature",
      "id": "v_def_strutture_ricettive_od.1196",
      "geometry": {
        "type": "Point",
        "coordinates": [
          11.275058622400714,
          43.7934933537173
        ]
      },
      "properties": {
        "id": 1196,
        "tipologiaattivita": "BED AND BREAKFAST"
      }
    },
    {
      "type": "Feature",
      "id": "v_def_strutture_ricettive_od.1197",
      "geometry": {
        "type": "Point",
        "coordinates": [
          11.245641894577778,
          43.77633697963657
        ]
      },
      "properties": {
        "id": 1197,
        "tipologiaattivita": "ALBERGHI"
      }
    },
    {
      "type": "Feature",
      "id": "v_def_strutture_ricettive_od.1198",
      "geometry": {
        "type": "Point",
        "coordinates": [
          11.287818379384376,
          43.78609173741084
        ]
      },
      "properties": {
        "id": 1198,
        "tipologiaattivita": "FATTORIA DIDATTICA"
      }
    },
    {
      "type": "Feature",
      "id": "v_def_strutture_ricettive_od.1199",
      "geometry": {
        "type": "Point",
        "coordinates": [
          11.253308300385973,
          43.78367294973046
        ]
      },
      "properties": {
        "id": 1199,
        "tipologiaattivita": "ALBERGHI"
      }
    },
    {
      "type": "Feature",
      "id": "v_def_strutture_ricettive_od.1200",
      "geometry": {
        "type": "Point",
        "coordinates": [
          11.246720271187783,
          43.76659871609572
        ]
      },
      "properties": {
        "id": 1200,
        "tipologiaattivita": "CAV"
      }
    },
    {
      "type": "Feature",
      "id": "v_def_strutture_ricettive_od.1201",
      "geometry": {
        "type": "Point",
        "coordinates": [
          11.251939705502561,
          43.776340484179606
        ]
      },
      "properties": {
        "id": 1201,
        "tipologiaattivita": "AFFITTACAMERE"
      }
    },
    {
      "type": "Feature",
      "id": "v_def_strutture_ricettive_od.1202",
      "geometry": {
        "type": "Point",
        "coordinates": [
          11.263223336181197,
          43.77752438837544
        ]
      },
      "properties": {
        "id": 1202,
        "tipologiaattivita": "CASE PER FERIE"
      }
    },
    {
      "type": "Feature",
      "id": "v_def_strutture_ricettive_od.1203",
      "geometry": {
        "type": "Point",
        "coordinates": [
          11.254057840347208,
          43.76917242995188
        ]
      },
      "properties": {
        "id": 1203,
        "tipologiaattivita": "CAV"
      }
    },
    {
      "type": "Feature",
      "id": "v_def_strutture_ricettive_od.1204",
      "geometry": {
        "type": "Point",
        "coordinates": [
          11.254057840347208,
          43.76917242995188
        ]
      },
      "properties": {
        "id": 1204,
        "tipologiaattivita": "AFFITTACAMERE"
      }
    },
    {
      "type": "Feature",
      "id": "v_def_strutture_ricettive_od.1205",
      "geometry": {
        "type": "Point",
        "coordinates": [
          11.249685025114367,
          43.77756291899013
        ]
      },
      "properties": {
        "id": 1205,
        "tipologiaattivita": "AFFITTACAMERE"
      }
    },
    {
      "type": "Feature",
      "id": "v_def_strutture_ricettive_od.1206",
      "geometry": {
        "type": "Point",
        "coordinates": [
          11.249685025114367,
          43.77756291899013
        ]
      },
      "properties": {
        "id": 1206,
        "tipologiaattivita": "ALBERGHI"
      }
    },
    {
      "type": "Feature",
      "id": "v_def_strutture_ricettive_od.1207",
      "geometry": {
        "type": "Point",
        "coordinates": [
          11.249685025114367,
          43.77756291899013
        ]
      },
      "properties": {
        "id": 1207,
        "tipologiaattivita": "ALBERGHI"
      }
    },
    {
      "type": "Feature",
      "id": "v_def_strutture_ricettive_od.1208",
      "geometry": {
        "type": "Point",
        "coordinates": [
          11.249685025114367,
          43.77756291899013
        ]
      },
      "properties": {
        "id": 1208,
        "tipologiaattivita": "ALBERGHI"
      }
    },
    {
      "type": "Feature",
      "id": "v_def_strutture_ricettive_od.1209",
      "geometry": {
        "type": "Point",
        "coordinates": [
          11.249685025114367,
          43.77756291899013
        ]
      },
      "properties": {
        "id": 1209,
        "tipologiaattivita": "BED AND BREAKFAST"
      }
    },
    {
      "type": "Feature",
      "id": "v_def_strutture_ricettive_od.1210",
      "geometry": {
        "type": "Point",
        "coordinates": [
          11.256953776443353,
          43.77644207648246
        ]
      },
      "properties": {
        "id": 1210,
        "tipologiaattivita": "ALBERGHI"
      }
    },
    {
      "type": "Feature",
      "id": "v_def_strutture_ricettive_od.1211",
      "geometry": {
        "type": "Point",
        "coordinates": [
          11.241025942136535,
          43.78072447333739
        ]
      },
      "properties": {
        "id": 1211,
        "tipologiaattivita": "BED AND BREAKFAST"
      }
    },
    {
      "type": "Feature",
      "id": "v_def_strutture_ricettive_od.1212",
      "geometry": {
        "type": "Point",
        "coordinates": [
          11.263863060682725,
          43.7822236606808
        ]
      },
      "properties": {
        "id": 1212,
        "tipologiaattivita": "CAV"
      }
    },
    {
      "type": "Feature",
      "id": "v_def_strutture_ricettive_od.1213",
      "geometry": {
        "type": "Point",
        "coordinates": [
          11.251212276934247,
          43.77900233933405
        ]
      },
      "properties": {
        "id": 1213,
        "tipologiaattivita": "CAV"
      }
    },
    {
      "type": "Feature",
      "id": "v_def_strutture_ricettive_od.1214",
      "geometry": {
        "type": "Point",
        "coordinates": [
          11.24905648797952,
          43.76681260914361
        ]
      },
      "properties": {
        "id": 1214,
        "tipologiaattivita": "RESIDENZA D'EPOCA"
      }
    },
    {
      "type": "Feature",
      "id": "v_def_strutture_ricettive_od.1215",
      "geometry": {
        "type": "Point",
        "coordinates": [
          11.249794558517886,
          43.777639630011464
        ]
      },
      "properties": {
        "id": 1215,
        "tipologiaattivita": "AFFITTACAMERE"
      }
    },
    {
      "type": "Feature",
      "id": "v_def_strutture_ricettive_od.1216",
      "geometry": {
        "type": "Point",
        "coordinates": [
          11.249794558517886,
          43.777639630011464
        ]
      },
      "properties": {
        "id": 1216,
        "tipologiaattivita": "AFFITTACAMERE"
      }
    },
    {
      "type": "Feature",
      "id": "v_def_strutture_ricettive_od.1217",
      "geometry": {
        "type": "Point",
        "coordinates": [
          11.249794558517886,
          43.777639630011464
        ]
      },
      "properties": {
        "id": 1217,
        "tipologiaattivita": "ALBERGHI"
      }
    },
    {
      "type": "Feature",
      "id": "v_def_strutture_ricettive_od.1218",
      "geometry": {
        "type": "Point",
        "coordinates": [
          11.249794558517886,
          43.777639630011464
        ]
      },
      "properties": {
        "id": 1218,
        "tipologiaattivita": "ALBERGHI"
      }
    },
    {
      "type": "Feature",
      "id": "v_def_strutture_ricettive_od.1219",
      "geometry": {
        "type": "Point",
        "coordinates": [
          11.253850430541641,
          43.768691069908925
        ]
      },
      "properties": {
        "id": 1219,
        "tipologiaattivita": "AFFITTACAMERE"
      }
    },
    {
      "type": "Feature",
      "id": "v_def_strutture_ricettive_od.1220",
      "geometry": {
        "type": "Point",
        "coordinates": [
          11.253850430541641,
          43.768691069908925
        ]
      },
      "properties": {
        "id": 1220,
        "tipologiaattivita": "AFFITTACAMERE"
      }
    },
    {
      "type": "Feature",
      "id": "v_def_strutture_ricettive_od.1221",
      "geometry": {
        "type": "Point",
        "coordinates": [
          11.251511987913434,
          43.774775590471954
        ]
      },
      "properties": {
        "id": 1221,
        "tipologiaattivita": "AFFITTACAMERE"
      }
    },
    {
      "type": "Feature",
      "id": "v_def_strutture_ricettive_od.1222",
      "geometry": {
        "type": "Point",
        "coordinates": [
          11.248667294153107,
          43.77085963461144
        ]
      },
      "properties": {
        "id": 1222,
        "tipologiaattivita": "BED AND BREAKFAST"
      }
    },
    {
      "type": "Feature",
      "id": "v_def_strutture_ricettive_od.1223",
      "geometry": {
        "type": "Point",
        "coordinates": [
          11.314473722881287,
          43.76630350837302
        ]
      },
      "properties": {
        "id": 1223,
        "tipologiaattivita": "BED AND BREAKFAST"
      }
    },
    {
      "type": "Feature",
      "id": "v_def_strutture_ricettive_od.1224",
      "geometry": {
        "type": "Point",
        "coordinates": [
          11.24601967089518,
          43.76921565752572
        ]
      },
      "properties": {
        "id": 1224,
        "tipologiaattivita": "BED AND BREAKFAST"
      }
    },
    {
      "type": "Feature",
      "id": "v_def_strutture_ricettive_od.1225",
      "geometry": {
        "type": "Point",
        "coordinates": [
          11.245612589350808,
          43.76389631096396
        ]
      },
      "properties": {
        "id": 1225,
        "tipologiaattivita": "ALBERGHI"
      }
    },
    {
      "type": "Feature",
      "id": "v_def_strutture_ricettive_od.1226",
      "geometry": {
        "type": "Point",
        "coordinates": [
          11.245612589350808,
          43.76389631096396
        ]
      },
      "properties": {
        "id": 1226,
        "tipologiaattivita": "ALBERGHI"
      }
    },
    {
      "type": "Feature",
      "id": "v_def_strutture_ricettive_od.1227",
      "geometry": {
        "type": "Point",
        "coordinates": [
          11.242367931645903,
          43.76865256640341
        ]
      },
      "properties": {
        "id": 1227,
        "tipologiaattivita": "CAV"
      }
    },
    {
      "type": "Feature",
      "id": "v_def_strutture_ricettive_od.1228",
      "geometry": {
        "type": "Point",
        "coordinates": [
          11.256626009765542,
          43.76831899801781
        ]
      },
      "properties": {
        "id": 1228,
        "tipologiaattivita": "CAV"
      }
    },
    {
      "type": "Feature",
      "id": "v_def_strutture_ricettive_od.1229",
      "geometry": {
        "type": "Point",
        "coordinates": [
          11.256626009765542,
          43.76831899801781
        ]
      },
      "properties": {
        "id": 1229,
        "tipologiaattivita": null
      }
    },
    {
      "type": "Feature",
      "id": "v_def_strutture_ricettive_od.1230",
      "geometry": {
        "type": "Point",
        "coordinates": [
          11.256626009765542,
          43.76831899801781
        ]
      },
      "properties": {
        "id": 1230,
        "tipologiaattivita": "CAV"
      }
    },
    {
      "type": "Feature",
      "id": "v_def_strutture_ricettive_od.1231",
      "geometry": {
        "type": "Point",
        "coordinates": [
          11.256626009765542,
          43.76831899801781
        ]
      },
      "properties": {
        "id": 1231,
        "tipologiaattivita": "CAV"
      }
    },
    {
      "type": "Feature",
      "id": "v_def_strutture_ricettive_od.1232",
      "geometry": {
        "type": "Point",
        "coordinates": [
          11.254198177461003,
          43.77595484844452
        ]
      },
      "properties": {
        "id": 1232,
        "tipologiaattivita": "AFFITTACAMERE"
      }
    },
    {
      "type": "Feature",
      "id": "v_def_strutture_ricettive_od.1233",
      "geometry": {
        "type": "Point",
        "coordinates": [
          11.25009585056476,
          43.77123770387089
        ]
      },
      "properties": {
        "id": 1233,
        "tipologiaattivita": "AFFITTACAMERE"
      }
    },
    {
      "type": "Feature",
      "id": "v_def_strutture_ricettive_od.1234",
      "geometry": {
        "type": "Point",
        "coordinates": [
          11.262619753379663,
          43.78041689513815
        ]
      },
      "properties": {
        "id": 1234,
        "tipologiaattivita": "CAV"
      }
    },
    {
      "type": "Feature",
      "id": "v_def_strutture_ricettive_od.1235",
      "geometry": {
        "type": "Point",
        "coordinates": [
          11.262619753379663,
          43.78041689513815
        ]
      },
      "properties": {
        "id": 1235,
        "tipologiaattivita": "CAV"
      }
    },
    {
      "type": "Feature",
      "id": "v_def_strutture_ricettive_od.1236",
      "geometry": {
        "type": "Point",
        "coordinates": [
          11.271440017863648,
          43.76779233891916
        ]
      },
      "properties": {
        "id": 1236,
        "tipologiaattivita": "CAV"
      }
    },
    {
      "type": "Feature",
      "id": "v_def_strutture_ricettive_od.1237",
      "geometry": {
        "type": "Point",
        "coordinates": [
          11.271440017863648,
          43.76779233891916
        ]
      },
      "properties": {
        "id": 1237,
        "tipologiaattivita": "CAV"
      }
    },
    {
      "type": "Feature",
      "id": "v_def_strutture_ricettive_od.1238",
      "geometry": {
        "type": "Point",
        "coordinates": [
          11.257089975742451,
          43.774979346350584
        ]
      },
      "properties": {
        "id": 1238,
        "tipologiaattivita": "CAV"
      }
    },
    {
      "type": "Feature",
      "id": "v_def_strutture_ricettive_od.1239",
      "geometry": {
        "type": "Point",
        "coordinates": [
          11.251090977220874,
          43.77755843479233
        ]
      },
      "properties": {
        "id": 1239,
        "tipologiaattivita": "AFFITTACAMERE"
      }
    },
    {
      "type": "Feature",
      "id": "v_def_strutture_ricettive_od.1240",
      "geometry": {
        "type": "Point",
        "coordinates": [
          11.298579760248801,
          43.75753806213726
        ]
      },
      "properties": {
        "id": 1240,
        "tipologiaattivita": "ALBERGHI"
      }
    },
    {
      "type": "Feature",
      "id": "v_def_strutture_ricettive_od.1241",
      "geometry": {
        "type": "Point",
        "coordinates": [
          11.228844248462668,
          43.815042544593176
        ]
      },
      "properties": {
        "id": 1241,
        "tipologiaattivita": "CAV"
      }
    },
    {
      "type": "Feature",
      "id": "v_def_strutture_ricettive_od.1242",
      "geometry": {
        "type": "Point",
        "coordinates": [
          11.251381257547148,
          43.77977307970344
        ]
      },
      "properties": {
        "id": 1242,
        "tipologiaattivita": "CASE PER FERIE"
      }
    },
    {
      "type": "Feature",
      "id": "v_def_strutture_ricettive_od.1243",
      "geometry": {
        "type": "Point",
        "coordinates": [
          11.242160773544867,
          43.758993902162786
        ]
      },
      "properties": {
        "id": 1243,
        "tipologiaattivita": "CAV"
      }
    },
    {
      "type": "Feature",
      "id": "v_def_strutture_ricettive_od.1244",
      "geometry": {
        "type": "Point",
        "coordinates": [
          11.21902023812168,
          43.778012809617216
        ]
      },
      "properties": {
        "id": 1244,
        "tipologiaattivita": "AFFITTACAMERE"
      }
    },
    {
      "type": "Feature",
      "id": "v_def_strutture_ricettive_od.1245",
      "geometry": {
        "type": "Point",
        "coordinates": [
          11.280549384673302,
          43.817088467210375
        ]
      },
      "properties": {
        "id": 1245,
        "tipologiaattivita": "CAV"
      }
    },
    {
      "type": "Feature",
      "id": "v_def_strutture_ricettive_od.1246",
      "geometry": {
        "type": "Point",
        "coordinates": [
          11.233254763093624,
          43.7401739304719
        ]
      },
      "properties": {
        "id": 1246,
        "tipologiaattivita": "AFFITTACAMERE"
      }
    },
    {
      "type": "Feature",
      "id": "v_def_strutture_ricettive_od.1247",
      "geometry": {
        "type": "Point",
        "coordinates": [
          11.22459195092969,
          43.78532915938778
        ]
      },
      "properties": {
        "id": 1247,
        "tipologiaattivita": "OSTELLO"
      }
    },
    {
      "type": "Feature",
      "id": "v_def_strutture_ricettive_od.1248",
      "geometry": {
        "type": "Point",
        "coordinates": [
          11.239085662673505,
          43.766002472221835
        ]
      },
      "properties": {
        "id": 1248,
        "tipologiaattivita": "CAV"
      }
    },
    {
      "type": "Feature",
      "id": "v_def_strutture_ricettive_od.1249",
      "geometry": {
        "type": "Point",
        "coordinates": [
          11.244162454946064,
          43.78074424482621
        ]
      },
      "properties": {
        "id": 1249,
        "tipologiaattivita": "AFFITTACAMERE"
      }
    },
    {
      "type": "Feature",
      "id": "v_def_strutture_ricettive_od.1250",
      "geometry": {
        "type": "Point",
        "coordinates": [
          11.272963580406701,
          43.79438136218881
        ]
      },
      "properties": {
        "id": 1250,
        "tipologiaattivita": "AFFITTACAMERE"
      }
    },
    {
      "type": "Feature",
      "id": "v_def_strutture_ricettive_od.1251",
      "geometry": {
        "type": "Point",
        "coordinates": [
          11.294855738877944,
          43.7559615138916
        ]
      },
      "properties": {
        "id": 1251,
        "tipologiaattivita": "AFFITTACAMERE"
      }
    },
    {
      "type": "Feature",
      "id": "v_def_strutture_ricettive_od.1252",
      "geometry": {
        "type": "Point",
        "coordinates": [
          11.244462363488491,
          43.7586497991467
        ]
      },
      "properties": {
        "id": 1252,
        "tipologiaattivita": "ALBERGHI"
      }
    },
    {
      "type": "Feature",
      "id": "v_def_strutture_ricettive_od.1253",
      "geometry": {
        "type": "Point",
        "coordinates": [
          11.261838228041112,
          43.78088556888528
        ]
      },
      "properties": {
        "id": 1253,
        "tipologiaattivita": "BED AND BREAKFAST"
      }
    },
    {
      "type": "Feature",
      "id": "v_def_strutture_ricettive_od.1254",
      "geometry": {
        "type": "Point",
        "coordinates": [
          11.259242961269996,
          43.78221124307008
        ]
      },
      "properties": {
        "id": 1254,
        "tipologiaattivita": "AFFITTACAMERE"
      }
    },
    {
      "type": "Feature",
      "id": "v_def_strutture_ricettive_od.1255",
      "geometry": {
        "type": "Point",
        "coordinates": [
          11.259242961269996,
          43.78221124307008
        ]
      },
      "properties": {
        "id": 1255,
        "tipologiaattivita": "BED AND BREAKFAST"
      }
    },
    {
      "type": "Feature",
      "id": "v_def_strutture_ricettive_od.1256",
      "geometry": {
        "type": "Point",
        "coordinates": [
          11.252153918129407,
          43.774818949581494
        ]
      },
      "properties": {
        "id": 1256,
        "tipologiaattivita": "CAV"
      }
    },
    {
      "type": "Feature",
      "id": "v_def_strutture_ricettive_od.1257",
      "geometry": {
        "type": "Point",
        "coordinates": [
          11.270619673947232,
          43.76354138999757
        ]
      },
      "properties": {
        "id": 1257,
        "tipologiaattivita": "BED AND BREAKFAST"
      }
    },
    {
      "type": "Feature",
      "id": "v_def_strutture_ricettive_od.1258",
      "geometry": {
        "type": "Point",
        "coordinates": [
          11.254979774258063,
          43.77280286578278
        ]
      },
      "properties": {
        "id": 1258,
        "tipologiaattivita": "BED AND BREAKFAST"
      }
    },
    {
      "type": "Feature",
      "id": "v_def_strutture_ricettive_od.1259",
      "geometry": {
        "type": "Point",
        "coordinates": [
          11.254979774258063,
          43.77280286578278
        ]
      },
      "properties": {
        "id": 1259,
        "tipologiaattivita": "BED AND BREAKFAST"
      }
    },
    {
      "type": "Feature",
      "id": "v_def_strutture_ricettive_od.1260",
      "geometry": {
        "type": "Point",
        "coordinates": [
          11.276737473366502,
          43.788562951461046
        ]
      },
      "properties": {
        "id": 1260,
        "tipologiaattivita": "ALBERGHI"
      }
    },
    {
      "type": "Feature",
      "id": "v_def_strutture_ricettive_od.1261",
      "geometry": {
        "type": "Point",
        "coordinates": [
          11.255961730540669,
          43.778199279654004
        ]
      },
      "properties": {
        "id": 1261,
        "tipologiaattivita": "CAV"
      }
    },
    {
      "type": "Feature",
      "id": "v_def_strutture_ricettive_od.1262",
      "geometry": {
        "type": "Point",
        "coordinates": [
          11.253931842164532,
          43.77900117223122
        ]
      },
      "properties": {
        "id": 1262,
        "tipologiaattivita": "ALBERGHI"
      }
    },
    {
      "type": "Feature",
      "id": "v_def_strutture_ricettive_od.1263",
      "geometry": {
        "type": "Point",
        "coordinates": [
          11.244521221982993,
          43.77963477617464
        ]
      },
      "properties": {
        "id": 1263,
        "tipologiaattivita": "CAV"
      }
    },
    {
      "type": "Feature",
      "id": "v_def_strutture_ricettive_od.1264",
      "geometry": {
        "type": "Point",
        "coordinates": [
          11.23900647910886,
          43.776493292286915
        ]
      },
      "properties": {
        "id": 1264,
        "tipologiaattivita": "BED AND BREAKFAST"
      }
    },
    {
      "type": "Feature",
      "id": "v_def_strutture_ricettive_od.1265",
      "geometry": {
        "type": "Point",
        "coordinates": [
          11.242161642228762,
          43.7841803211137
        ]
      },
      "properties": {
        "id": 1265,
        "tipologiaattivita": "OSTELLO"
      }
    },
    {
      "type": "Feature",
      "id": "v_def_strutture_ricettive_od.1266",
      "geometry": {
        "type": "Point",
        "coordinates": [
          11.242736237896585,
          43.76987856647758
        ]
      },
      "properties": {
        "id": 1266,
        "tipologiaattivita": "CAV"
      }
    },
    {
      "type": "Feature",
      "id": "v_def_strutture_ricettive_od.1267",
      "geometry": {
        "type": "Point",
        "coordinates": [
          11.203017493532169,
          43.79853012454974
        ]
      },
      "properties": {
        "id": 1267,
        "tipologiaattivita": "BED AND BREAKFAST"
      }
    },
    {
      "type": "Feature",
      "id": "v_def_strutture_ricettive_od.1268",
      "geometry": {
        "type": "Point",
        "coordinates": [
          11.253798361748792,
          43.77806583852716
        ]
      },
      "properties": {
        "id": 1268,
        "tipologiaattivita": "AFFITTACAMERE"
      }
    },
    {
      "type": "Feature",
      "id": "v_def_strutture_ricettive_od.1269",
      "geometry": {
        "type": "Point",
        "coordinates": [
          11.253798361748792,
          43.77806583852716
        ]
      },
      "properties": {
        "id": 1269,
        "tipologiaattivita": "CAV"
      }
    },
    {
      "type": "Feature",
      "id": "v_def_strutture_ricettive_od.1270",
      "geometry": {
        "type": "Point",
        "coordinates": [
          11.253798361748792,
          43.77806583852716
        ]
      },
      "properties": {
        "id": 1270,
        "tipologiaattivita": "CAV"
      }
    },
    {
      "type": "Feature",
      "id": "v_def_strutture_ricettive_od.1271",
      "geometry": {
        "type": "Point",
        "coordinates": [
          11.272522796985411,
          43.76609096664235
        ]
      },
      "properties": {
        "id": 1271,
        "tipologiaattivita": "ALBERGHI"
      }
    },
    {
      "type": "Feature",
      "id": "v_def_strutture_ricettive_od.1272",
      "geometry": {
        "type": "Point",
        "coordinates": [
          11.255717168327857,
          43.776545919018346
        ]
      },
      "properties": {
        "id": 1272,
        "tipologiaattivita": null
      }
    },
    {
      "type": "Feature",
      "id": "v_def_strutture_ricettive_od.1273",
      "geometry": {
        "type": "Point",
        "coordinates": [
          11.255717168327857,
          43.776545919018346
        ]
      },
      "properties": {
        "id": 1273,
        "tipologiaattivita": "RESIDENZA D'EPOCA"
      }
    },
    {
      "type": "Feature",
      "id": "v_def_strutture_ricettive_od.1274",
      "geometry": {
        "type": "Point",
        "coordinates": [
          11.255672314038396,
          43.7778478601618
        ]
      },
      "properties": {
        "id": 1274,
        "tipologiaattivita": "AFFITTACAMERE"
      }
    },
    {
      "type": "Feature",
      "id": "v_def_strutture_ricettive_od.1275",
      "geometry": {
        "type": "Point",
        "coordinates": [
          11.255672314038396,
          43.7778478601618
        ]
      },
      "properties": {
        "id": 1275,
        "tipologiaattivita": "AFFITTACAMERE"
      }
    },
    {
      "type": "Feature",
      "id": "v_def_strutture_ricettive_od.1276",
      "geometry": {
        "type": "Point",
        "coordinates": [
          11.249330584602712,
          43.76730849719999
        ]
      },
      "properties": {
        "id": 1276,
        "tipologiaattivita": "RESIDENZA D'EPOCA"
      }
    },
    {
      "type": "Feature",
      "id": "v_def_strutture_ricettive_od.1277",
      "geometry": {
        "type": "Point",
        "coordinates": [
          11.261236729627848,
          43.770039496295524
        ]
      },
      "properties": {
        "id": 1277,
        "tipologiaattivita": "AFFITTACAMERE"
      }
    },
    {
      "type": "Feature",
      "id": "v_def_strutture_ricettive_od.1278",
      "geometry": {
        "type": "Point",
        "coordinates": [
          11.261236729627848,
          43.770039496295524
        ]
      },
      "properties": {
        "id": 1278,
        "tipologiaattivita": "AFFITTACAMERE"
      }
    },
    {
      "type": "Feature",
      "id": "v_def_strutture_ricettive_od.1279",
      "geometry": {
        "type": "Point",
        "coordinates": [
          11.261236729627848,
          43.770039496295524
        ]
      },
      "properties": {
        "id": 1279,
        "tipologiaattivita": "AFFITTACAMERE"
      }
    },
    {
      "type": "Feature",
      "id": "v_def_strutture_ricettive_od.1280",
      "geometry": {
        "type": "Point",
        "coordinates": [
          11.261660310379968,
          43.77109552355803
        ]
      },
      "properties": {
        "id": 1280,
        "tipologiaattivita": "CAV"
      }
    },
    {
      "type": "Feature",
      "id": "v_def_strutture_ricettive_od.1281",
      "geometry": {
        "type": "Point",
        "coordinates": [
          11.274121091222838,
          43.8123573246879
        ]
      },
      "properties": {
        "id": 1281,
        "tipologiaattivita": "CAV"
      }
    },
    {
      "type": "Feature",
      "id": "v_def_strutture_ricettive_od.1282",
      "geometry": {
        "type": "Point",
        "coordinates": [
          11.258494998372331,
          43.78130828776871
        ]
      },
      "properties": {
        "id": 1282,
        "tipologiaattivita": "AFFITTACAMERE"
      }
    },
    {
      "type": "Feature",
      "id": "v_def_strutture_ricettive_od.1283",
      "geometry": {
        "type": "Point",
        "coordinates": [
          11.254910399481622,
          43.769116980543636
        ]
      },
      "properties": {
        "id": 1283,
        "tipologiaattivita": "ALBERGHI"
      }
    },
    {
      "type": "Feature",
      "id": "v_def_strutture_ricettive_od.1284",
      "geometry": {
        "type": "Point",
        "coordinates": [
          11.253217746142393,
          43.76893089772058
        ]
      },
      "properties": {
        "id": 1284,
        "tipologiaattivita": "ALBERGHI"
      }
    },
    {
      "type": "Feature",
      "id": "v_def_strutture_ricettive_od.1285",
      "geometry": {
        "type": "Point",
        "coordinates": [
          11.255062217621907,
          43.780656266743364
        ]
      },
      "properties": {
        "id": 1285,
        "tipologiaattivita": "ALBERGHI"
      }
    },
    {
      "type": "Feature",
      "id": "v_def_strutture_ricettive_od.1286",
      "geometry": {
        "type": "Point",
        "coordinates": [
          11.258163995790328,
          43.774311499406
        ]
      },
      "properties": {
        "id": 1286,
        "tipologiaattivita": "AFFITTACAMERE"
      }
    },
    {
      "type": "Feature",
      "id": "v_def_strutture_ricettive_od.1287",
      "geometry": {
        "type": "Point",
        "coordinates": [
          11.262921066143047,
          43.78227694249813
        ]
      },
      "properties": {
        "id": 1287,
        "tipologiaattivita": "ALBERGHI"
      }
    },
    {
      "type": "Feature",
      "id": "v_def_strutture_ricettive_od.1288",
      "geometry": {
        "type": "Point",
        "coordinates": [
          11.204768697687266,
          43.797877777668454
        ]
      },
      "properties": {
        "id": 1288,
        "tipologiaattivita": "ALBERGHI"
      }
    },
    {
      "type": "Feature",
      "id": "v_def_strutture_ricettive_od.1289",
      "geometry": {
        "type": "Point",
        "coordinates": [
          11.256851506249394,
          43.77002959194816
        ]
      },
      "properties": {
        "id": 1289,
        "tipologiaattivita": "CAV"
      }
    },
    {
      "type": "Feature",
      "id": "v_def_strutture_ricettive_od.1290",
      "geometry": {
        "type": "Point",
        "coordinates": [
          11.244363607488433,
          43.763115106202264
        ]
      },
      "properties": {
        "id": 1290,
        "tipologiaattivita": "CAV"
      }
    },
    {
      "type": "Feature",
      "id": "v_def_strutture_ricettive_od.1291",
      "geometry": {
        "type": "Point",
        "coordinates": [
          11.258805214513222,
          43.77721182205906
        ]
      },
      "properties": {
        "id": 1291,
        "tipologiaattivita": "AFFITTACAMERE"
      }
    },
    {
      "type": "Feature",
      "id": "v_def_strutture_ricettive_od.1292",
      "geometry": {
        "type": "Point",
        "coordinates": [
          11.258805214513222,
          43.77721182205906
        ]
      },
      "properties": {
        "id": 1292,
        "tipologiaattivita": "AFFITTACAMERE"
      }
    },
    {
      "type": "Feature",
      "id": "v_def_strutture_ricettive_od.1293",
      "geometry": {
        "type": "Point",
        "coordinates": [
          11.245456694563684,
          43.767275548780944
        ]
      },
      "properties": {
        "id": 1293,
        "tipologiaattivita": "CAV"
      }
    },
    {
      "type": "Feature",
      "id": "v_def_strutture_ricettive_od.1294",
      "geometry": {
        "type": "Point",
        "coordinates": [
          11.250789938405802,
          43.774169172821466
        ]
      },
      "properties": {
        "id": 1294,
        "tipologiaattivita": "AFFITTACAMERE"
      }
    },
    {
      "type": "Feature",
      "id": "v_def_strutture_ricettive_od.1295",
      "geometry": {
        "type": "Point",
        "coordinates": [
          11.241213939102932,
          43.752422879813025
        ]
      },
      "properties": {
        "id": 1295,
        "tipologiaattivita": "ALBERGHI"
      }
    },
    {
      "type": "Feature",
      "id": "v_def_strutture_ricettive_od.1296",
      "geometry": {
        "type": "Point",
        "coordinates": [
          11.267088331292118,
          43.76457149170316
        ]
      },
      "properties": {
        "id": 1296,
        "tipologiaattivita": "CAV"
      }
    },
    {
      "type": "Feature",
      "id": "v_def_strutture_ricettive_od.1297",
      "geometry": {
        "type": "Point",
        "coordinates": [
          11.250115965768607,
          43.778108535521035
        ]
      },
      "properties": {
        "id": 1297,
        "tipologiaattivita": "AFFITTACAMERE"
      }
    },
    {
      "type": "Feature",
      "id": "v_def_strutture_ricettive_od.1298",
      "geometry": {
        "type": "Point",
        "coordinates": [
          11.250115965768607,
          43.778108535521035
        ]
      },
      "properties": {
        "id": 1298,
        "tipologiaattivita": "AFFITTACAMERE"
      }
    },
    {
      "type": "Feature",
      "id": "v_def_strutture_ricettive_od.1299",
      "geometry": {
        "type": "Point",
        "coordinates": [
          11.250115965768607,
          43.778108535521035
        ]
      },
      "properties": {
        "id": 1299,
        "tipologiaattivita": "ABUSIVI"
      }
    },
    {
      "type": "Feature",
      "id": "v_def_strutture_ricettive_od.1300",
      "geometry": {
        "type": "Point",
        "coordinates": [
          11.221105914618244,
          43.79233826554491
        ]
      },
      "properties": {
        "id": 1300,
        "tipologiaattivita": "CAV"
      }
    },
    {
      "type": "Feature",
      "id": "v_def_strutture_ricettive_od.1301",
      "geometry": {
        "type": "Point",
        "coordinates": [
          11.253253251012161,
          43.77577407329669
        ]
      },
      "properties": {
        "id": 1301,
        "tipologiaattivita": "CAV"
      }
    },
    {
      "type": "Feature",
      "id": "v_def_strutture_ricettive_od.1302",
      "geometry": {
        "type": "Point",
        "coordinates": [
          11.24130519579725,
          43.77470481502407
        ]
      },
      "properties": {
        "id": 1302,
        "tipologiaattivita": "ALBERGHI"
      }
    },
    {
      "type": "Feature",
      "id": "v_def_strutture_ricettive_od.1303",
      "geometry": {
        "type": "Point",
        "coordinates": [
          11.244576908596342,
          43.76578720689414
        ]
      },
      "properties": {
        "id": 1303,
        "tipologiaattivita": "RESIDENZA D'EPOCA"
      }
    },
    {
      "type": "Feature",
      "id": "v_def_strutture_ricettive_od.1304",
      "geometry": {
        "type": "Point",
        "coordinates": [
          11.248863103472045,
          43.76647175587447
        ]
      },
      "properties": {
        "id": 1304,
        "tipologiaattivita": "BED AND BREAKFAST"
      }
    },
    {
      "type": "Feature",
      "id": "v_def_strutture_ricettive_od.1305",
      "geometry": {
        "type": "Point",
        "coordinates": [
          11.256225533307617,
          43.77889078065077
        ]
      },
      "properties": {
        "id": 1305,
        "tipologiaattivita": "ALBERGHI"
      }
    },
    {
      "type": "Feature",
      "id": "v_def_strutture_ricettive_od.1306",
      "geometry": {
        "type": "Point",
        "coordinates": [
          11.242835975347107,
          43.79506805001023
        ]
      },
      "properties": {
        "id": 1306,
        "tipologiaattivita": "ALBERGHI"
      }
    },
    {
      "type": "Feature",
      "id": "v_def_strutture_ricettive_od.1307",
      "geometry": {
        "type": "Point",
        "coordinates": [
          11.237513338103382,
          43.754759435777245
        ]
      },
      "properties": {
        "id": 1307,
        "tipologiaattivita": "AFFITTACAMERE"
      }
    },
    {
      "type": "Feature",
      "id": "v_def_strutture_ricettive_od.1308",
      "geometry": {
        "type": "Point",
        "coordinates": [
          11.262144379046543,
          43.77452445472463
        ]
      },
      "properties": {
        "id": 1308,
        "tipologiaattivita": "CAV"
      }
    },
    {
      "type": "Feature",
      "id": "v_def_strutture_ricettive_od.1309",
      "geometry": {
        "type": "Point",
        "coordinates": [
          11.261263563449079,
          43.781000439992226
        ]
      },
      "properties": {
        "id": 1309,
        "tipologiaattivita": "OSTELLO"
      }
    },
    {
      "type": "Feature",
      "id": "v_def_strutture_ricettive_od.1310",
      "geometry": {
        "type": "Point",
        "coordinates": [
          11.211212910753716,
          43.79427065639731
        ]
      },
      "properties": {
        "id": 1310,
        "tipologiaattivita": "AFFITTACAMERE"
      }
    },
    {
      "type": "Feature",
      "id": "v_def_strutture_ricettive_od.1311",
      "geometry": {
        "type": "Point",
        "coordinates": [
          11.273011599134877,
          43.769602063692574
        ]
      },
      "properties": {
        "id": 1311,
        "tipologiaattivita": "CAV"
      }
    },
    {
      "type": "Feature",
      "id": "v_def_strutture_ricettive_od.1312",
      "geometry": {
        "type": "Point",
        "coordinates": [
          11.262189882264387,
          43.77104221344392
        ]
      },
      "properties": {
        "id": 1312,
        "tipologiaattivita": "AFFITTACAMERE"
      }
    },
    {
      "type": "Feature",
      "id": "v_def_strutture_ricettive_od.1313",
      "geometry": {
        "type": "Point",
        "coordinates": [
          11.234004378109871,
          43.790628729116825
        ]
      },
      "properties": {
        "id": 1313,
        "tipologiaattivita": "AFFITTACAMERE"
      }
    },
    {
      "type": "Feature",
      "id": "v_def_strutture_ricettive_od.1314",
      "geometry": {
        "type": "Point",
        "coordinates": [
          11.328345052349963,
          43.787806962644915
        ]
      },
      "properties": {
        "id": 1314,
        "tipologiaattivita": "AGRITURISMO"
      }
    },
    {
      "type": "Feature",
      "id": "v_def_strutture_ricettive_od.1315",
      "geometry": {
        "type": "Point",
        "coordinates": [
          11.251066222917764,
          43.77760727136908
        ]
      },
      "properties": {
        "id": 1315,
        "tipologiaattivita": "ALBERGHI"
      }
    },
    {
      "type": "Feature",
      "id": "v_def_strutture_ricettive_od.1316",
      "geometry": {
        "type": "Point",
        "coordinates": [
          11.251066222917764,
          43.77760727136908
        ]
      },
      "properties": {
        "id": 1316,
        "tipologiaattivita": "ALBERGHI"
      }
    },
    {
      "type": "Feature",
      "id": "v_def_strutture_ricettive_od.1317",
      "geometry": {
        "type": "Point",
        "coordinates": [
          11.251066222917764,
          43.77760727136908
        ]
      },
      "properties": {
        "id": 1317,
        "tipologiaattivita": "ALBERGHI"
      }
    },
    {
      "type": "Feature",
      "id": "v_def_strutture_ricettive_od.1318",
      "geometry": {
        "type": "Point",
        "coordinates": [
          11.251153393449963,
          43.77744350938264
        ]
      },
      "properties": {
        "id": 1318,
        "tipologiaattivita": "CAV"
      }
    },
    {
      "type": "Feature",
      "id": "v_def_strutture_ricettive_od.1319",
      "geometry": {
        "type": "Point",
        "coordinates": [
          11.251153393449963,
          43.77744350938264
        ]
      },
      "properties": {
        "id": 1319,
        "tipologiaattivita": "CAV"
      }
    },
    {
      "type": "Feature",
      "id": "v_def_strutture_ricettive_od.1320",
      "geometry": {
        "type": "Point",
        "coordinates": [
          11.251153393449963,
          43.77744350938264
        ]
      },
      "properties": {
        "id": 1320,
        "tipologiaattivita": "CAV"
      }
    },
    {
      "type": "Feature",
      "id": "v_def_strutture_ricettive_od.1321",
      "geometry": {
        "type": "Point",
        "coordinates": [
          11.251153393449963,
          43.77744350938264
        ]
      },
      "properties": {
        "id": 1321,
        "tipologiaattivita": "AFFITTACAMERE"
      }
    },
    {
      "type": "Feature",
      "id": "v_def_strutture_ricettive_od.1322",
      "geometry": {
        "type": "Point",
        "coordinates": [
          11.251153393449963,
          43.77744350938264
        ]
      },
      "properties": {
        "id": 1322,
        "tipologiaattivita": "AFFITTACAMERE"
      }
    },
    {
      "type": "Feature",
      "id": "v_def_strutture_ricettive_od.1323",
      "geometry": {
        "type": "Point",
        "coordinates": [
          11.252356866516667,
          43.77280854044768
        ]
      },
      "properties": {
        "id": 1323,
        "tipologiaattivita": "AFFITTACAMERE"
      }
    },
    {
      "type": "Feature",
      "id": "v_def_strutture_ricettive_od.1324",
      "geometry": {
        "type": "Point",
        "coordinates": [
          11.243768312005065,
          43.7654200877656
        ]
      },
      "properties": {
        "id": 1324,
        "tipologiaattivita": "CASE PER FERIE"
      }
    },
    {
      "type": "Feature",
      "id": "v_def_strutture_ricettive_od.1325",
      "geometry": {
        "type": "Point",
        "coordinates": [
          11.263756976974415,
          43.77344003645956
        ]
      },
      "properties": {
        "id": 1325,
        "tipologiaattivita": "AFFITTACAMERE"
      }
    },
    {
      "type": "Feature",
      "id": "v_def_strutture_ricettive_od.1326",
      "geometry": {
        "type": "Point",
        "coordinates": [
          11.25486553497858,
          43.76945970337115
        ]
      },
      "properties": {
        "id": 1326,
        "tipologiaattivita": "CAV"
      }
    },
    {
      "type": "Feature",
      "id": "v_def_strutture_ricettive_od.1327",
      "geometry": {
        "type": "Point",
        "coordinates": [
          11.259970056899915,
          43.77074861696291
        ]
      },
      "properties": {
        "id": 1327,
        "tipologiaattivita": "AFFITTACAMERE"
      }
    },
    {
      "type": "Feature",
      "id": "v_def_strutture_ricettive_od.1328",
      "geometry": {
        "type": "Point",
        "coordinates": [
          11.216800922536633,
          43.79163528274276
        ]
      },
      "properties": {
        "id": 1328,
        "tipologiaattivita": "AFFITTACAMERE"
      }
    },
    {
      "type": "Feature",
      "id": "v_def_strutture_ricettive_od.1329",
      "geometry": {
        "type": "Point",
        "coordinates": [
          11.260123756124173,
          43.76968289967303
        ]
      },
      "properties": {
        "id": 1329,
        "tipologiaattivita": "CAV"
      }
    },
    {
      "type": "Feature",
      "id": "v_def_strutture_ricettive_od.1330",
      "geometry": {
        "type": "Point",
        "coordinates": [
          11.26457419804816,
          43.77146339097796
        ]
      },
      "properties": {
        "id": 1330,
        "tipologiaattivita": "AFFITTACAMERE"
      }
    },
    {
      "type": "Feature",
      "id": "v_def_strutture_ricettive_od.1331",
      "geometry": {
        "type": "Point",
        "coordinates": [
          11.262786573784862,
          43.77305609823997
        ]
      },
      "properties": {
        "id": 1331,
        "tipologiaattivita": "ALBERGHI"
      }
    },
    {
      "type": "Feature",
      "id": "v_def_strutture_ricettive_od.1332",
      "geometry": {
        "type": "Point",
        "coordinates": [
          11.23917385089259,
          43.77454544236713
        ]
      },
      "properties": {
        "id": 1332,
        "tipologiaattivita": "AFFITTACAMERE"
      }
    },
    {
      "type": "Feature",
      "id": "v_def_strutture_ricettive_od.1333",
      "geometry": {
        "type": "Point",
        "coordinates": [
          11.23917385089259,
          43.77454544236713
        ]
      },
      "properties": {
        "id": 1333,
        "tipologiaattivita": "ALBERGHI"
      }
    },
    {
      "type": "Feature",
      "id": "v_def_strutture_ricettive_od.1334",
      "geometry": {
        "type": "Point",
        "coordinates": [
          11.23917385089259,
          43.77454544236713
        ]
      },
      "properties": {
        "id": 1334,
        "tipologiaattivita": "ALBERGHI"
      }
    },
    {
      "type": "Feature",
      "id": "v_def_strutture_ricettive_od.1335",
      "geometry": {
        "type": "Point",
        "coordinates": [
          11.239571969160949,
          43.79773037572624
        ]
      },
      "properties": {
        "id": 1335,
        "tipologiaattivita": "AFFITTACAMERE"
      }
    },
    {
      "type": "Feature",
      "id": "v_def_strutture_ricettive_od.1336",
      "geometry": {
        "type": "Point",
        "coordinates": [
          11.256141895403116,
          43.77374295992746
        ]
      },
      "properties": {
        "id": 1336,
        "tipologiaattivita": "CAV"
      }
    },
    {
      "type": "Feature",
      "id": "v_def_strutture_ricettive_od.1337",
      "geometry": {
        "type": "Point",
        "coordinates": [
          11.252062855615925,
          43.75559776935174
        ]
      },
      "properties": {
        "id": 1337,
        "tipologiaattivita": "RESIDENZA D'EPOCA"
      }
    },
    {
      "type": "Feature",
      "id": "v_def_strutture_ricettive_od.1338",
      "geometry": {
        "type": "Point",
        "coordinates": [
          11.251387895149207,
          43.77539205985553
        ]
      },
      "properties": {
        "id": 1338,
        "tipologiaattivita": "CAV"
      }
    },
    {
      "type": "Feature",
      "id": "v_def_strutture_ricettive_od.1339",
      "geometry": {
        "type": "Point",
        "coordinates": [
          11.24640104313402,
          43.76683516968374
        ]
      },
      "properties": {
        "id": 1339,
        "tipologiaattivita": "CAV"
      }
    },
    {
      "type": "Feature",
      "id": "v_def_strutture_ricettive_od.1340",
      "geometry": {
        "type": "Point",
        "coordinates": [
          11.24454088472532,
          43.77636844135215
        ]
      },
      "properties": {
        "id": 1340,
        "tipologiaattivita": "AFFITTACAMERE"
      }
    },
    {
      "type": "Feature",
      "id": "v_def_strutture_ricettive_od.1341",
      "geometry": {
        "type": "Point",
        "coordinates": [
          11.259327864827759,
          43.78430757855079
        ]
      },
      "properties": {
        "id": 1341,
        "tipologiaattivita": "ALBERGHI"
      }
    },
    {
      "type": "Feature",
      "id": "v_def_strutture_ricettive_od.1342",
      "geometry": {
        "type": "Point",
        "coordinates": [
          11.264087153303215,
          43.781322697955034
        ]
      },
      "properties": {
        "id": 1342,
        "tipologiaattivita": "CAV"
      }
    },
    {
      "type": "Feature",
      "id": "v_def_strutture_ricettive_od.1343",
      "geometry": {
        "type": "Point",
        "coordinates": [
          11.264087153303215,
          43.781322697955034
        ]
      },
      "properties": {
        "id": 1343,
        "tipologiaattivita": "CAV"
      }
    },
    {
      "type": "Feature",
      "id": "v_def_strutture_ricettive_od.1344",
      "geometry": {
        "type": "Point",
        "coordinates": [
          11.253014640663029,
          43.77358343015254
        ]
      },
      "properties": {
        "id": 1344,
        "tipologiaattivita": "BED AND BREAKFAST"
      }
    },
    {
      "type": "Feature",
      "id": "v_def_strutture_ricettive_od.1345",
      "geometry": {
        "type": "Point",
        "coordinates": [
          11.253014640663029,
          43.77358343015254
        ]
      },
      "properties": {
        "id": 1345,
        "tipologiaattivita": "BED AND BREAKFAST"
      }
    },
    {
      "type": "Feature",
      "id": "v_def_strutture_ricettive_od.1346",
      "geometry": {
        "type": "Point",
        "coordinates": [
          11.24468299050207,
          43.765790235669854
        ]
      },
      "properties": {
        "id": 1346,
        "tipologiaattivita": "BED AND BREAKFAST"
      }
    },
    {
      "type": "Feature",
      "id": "v_def_strutture_ricettive_od.1347",
      "geometry": {
        "type": "Point",
        "coordinates": [
          11.263602931961573,
          43.7866688071555
        ]
      },
      "properties": {
        "id": 1347,
        "tipologiaattivita": "AFFITTACAMERE"
      }
    },
    {
      "type": "Feature",
      "id": "v_def_strutture_ricettive_od.1348",
      "geometry": {
        "type": "Point",
        "coordinates": [
          11.219745636306966,
          43.796727959752594
        ]
      },
      "properties": {
        "id": 1348,
        "tipologiaattivita": "ALBERGHI"
      }
    },
    {
      "type": "Feature",
      "id": "v_def_strutture_ricettive_od.1349",
      "geometry": {
        "type": "Point",
        "coordinates": [
          11.259452441191835,
          43.770543695298706
        ]
      },
      "properties": {
        "id": 1349,
        "tipologiaattivita": "ALBERGHI"
      }
    },
    {
      "type": "Feature",
      "id": "v_def_strutture_ricettive_od.1350",
      "geometry": {
        "type": "Point",
        "coordinates": [
          11.266645080190106,
          43.80044102723569
        ]
      },
      "properties": {
        "id": 1350,
        "tipologiaattivita": "CASE PER FERIE"
      }
    },
    {
      "type": "Feature",
      "id": "v_def_strutture_ricettive_od.1351",
      "geometry": {
        "type": "Point",
        "coordinates": [
          11.247162908360293,
          43.77343978560669
        ]
      },
      "properties": {
        "id": 1351,
        "tipologiaattivita": "AFFITTACAMERE"
      }
    },
    {
      "type": "Feature",
      "id": "v_def_strutture_ricettive_od.1352",
      "geometry": {
        "type": "Point",
        "coordinates": [
          11.251651634157364,
          43.76694753410214
        ]
      },
      "properties": {
        "id": 1352,
        "tipologiaattivita": "CAV"
      }
    },
    {
      "type": "Feature",
      "id": "v_def_strutture_ricettive_od.1353",
      "geometry": {
        "type": "Point",
        "coordinates": [
          11.26094080522823,
          43.77145977838092
        ]
      },
      "properties": {
        "id": 1353,
        "tipologiaattivita": "AFFITTACAMERE"
      }
    },
    {
      "type": "Feature",
      "id": "v_def_strutture_ricettive_od.1354",
      "geometry": {
        "type": "Point",
        "coordinates": [
          11.26094080522823,
          43.77145977838092
        ]
      },
      "properties": {
        "id": 1354,
        "tipologiaattivita": "BED AND BREAKFAST"
      }
    },
    {
      "type": "Feature",
      "id": "v_def_strutture_ricettive_od.1355",
      "geometry": {
        "type": "Point",
        "coordinates": [
          11.237792892868375,
          43.781663502852815
        ]
      },
      "properties": {
        "id": 1355,
        "tipologiaattivita": "CAV"
      }
    },
    {
      "type": "Feature",
      "id": "v_def_strutture_ricettive_od.1356",
      "geometry": {
        "type": "Point",
        "coordinates": [
          11.251506769978555,
          43.76688506016877
        ]
      },
      "properties": {
        "id": 1356,
        "tipologiaattivita": "AFFITTACAMERE"
      }
    },
    {
      "type": "Feature",
      "id": "v_def_strutture_ricettive_od.1357",
      "geometry": {
        "type": "Point",
        "coordinates": [
          11.251506769978555,
          43.76688506016877
        ]
      },
      "properties": {
        "id": 1357,
        "tipologiaattivita": "AFFITTACAMERE"
      }
    },
    {
      "type": "Feature",
      "id": "v_def_strutture_ricettive_od.1358",
      "geometry": {
        "type": "Point",
        "coordinates": [
          11.280929065011813,
          43.7636485764109
        ]
      },
      "properties": {
        "id": 1358,
        "tipologiaattivita": "ALBERGHI"
      }
    },
    {
      "type": "Feature",
      "id": "v_def_strutture_ricettive_od.1359",
      "geometry": {
        "type": "Point",
        "coordinates": [
          11.258799636006701,
          43.7711476085388
        ]
      },
      "properties": {
        "id": 1359,
        "tipologiaattivita": "AFFITTACAMERE"
      }
    },
    {
      "type": "Feature",
      "id": "v_def_strutture_ricettive_od.1360",
      "geometry": {
        "type": "Point",
        "coordinates": [
          11.252234920597328,
          43.767060886654
        ]
      },
      "properties": {
        "id": 1360,
        "tipologiaattivita": "CAV"
      }
    },
    {
      "type": "Feature",
      "id": "v_def_strutture_ricettive_od.1361",
      "geometry": {
        "type": "Point",
        "coordinates": [
          11.252234920597328,
          43.767060886654
        ]
      },
      "properties": {
        "id": 1361,
        "tipologiaattivita": "CAV"
      }
    },
    {
      "type": "Feature",
      "id": "v_def_strutture_ricettive_od.1362",
      "geometry": {
        "type": "Point",
        "coordinates": [
          11.265994087196093,
          43.770591131660034
        ]
      },
      "properties": {
        "id": 1362,
        "tipologiaattivita": "CAV"
      }
    },
    {
      "type": "Feature",
      "id": "v_def_strutture_ricettive_od.1363",
      "geometry": {
        "type": "Point",
        "coordinates": [
          11.257763245214152,
          43.77585167675025
        ]
      },
      "properties": {
        "id": 1363,
        "tipologiaattivita": "AFFITTACAMERE"
      }
    },
    {
      "type": "Feature",
      "id": "v_def_strutture_ricettive_od.1364",
      "geometry": {
        "type": "Point",
        "coordinates": [
          11.254565577750466,
          43.775353423815275
        ]
      },
      "properties": {
        "id": 1364,
        "tipologiaattivita": "AFFITTACAMERE"
      }
    },
    {
      "type": "Feature",
      "id": "v_def_strutture_ricettive_od.1365",
      "geometry": {
        "type": "Point",
        "coordinates": [
          11.250312528420576,
          43.779013811268285
        ]
      },
      "properties": {
        "id": 1365,
        "tipologiaattivita": "AFFITTACAMERE"
      }
    },
    {
      "type": "Feature",
      "id": "v_def_strutture_ricettive_od.1366",
      "geometry": {
        "type": "Point",
        "coordinates": [
          11.27106281669876,
          43.76275500104816
        ]
      },
      "properties": {
        "id": 1366,
        "tipologiaattivita": "AFFITTACAMERE"
      }
    },
    {
      "type": "Feature",
      "id": "v_def_strutture_ricettive_od.1367",
      "geometry": {
        "type": "Point",
        "coordinates": [
          11.244026611623486,
          43.78209657833101
        ]
      },
      "properties": {
        "id": 1367,
        "tipologiaattivita": "CAV"
      }
    },
    {
      "type": "Feature",
      "id": "v_def_strutture_ricettive_od.1368",
      "geometry": {
        "type": "Point",
        "coordinates": [
          11.268064311492168,
          43.77534774445945
        ]
      },
      "properties": {
        "id": 1368,
        "tipologiaattivita": "ALBERGHI"
      }
    },
    {
      "type": "Feature",
      "id": "v_def_strutture_ricettive_od.1369",
      "geometry": {
        "type": "Point",
        "coordinates": [
          11.257079421549301,
          43.77958473227012
        ]
      },
      "properties": {
        "id": 1369,
        "tipologiaattivita": "CAV"
      }
    },
    {
      "type": "Feature",
      "id": "v_def_strutture_ricettive_od.1370",
      "geometry": {
        "type": "Point",
        "coordinates": [
          11.27012535457157,
          43.7744542942047
        ]
      },
      "properties": {
        "id": 1370,
        "tipologiaattivita": "CAV"
      }
    },
    {
      "type": "Feature",
      "id": "v_def_strutture_ricettive_od.1371",
      "geometry": {
        "type": "Point",
        "coordinates": [
          11.212990595548636,
          43.79098763556351
        ]
      },
      "properties": {
        "id": 1371,
        "tipologiaattivita": "CAV"
      }
    },
    {
      "type": "Feature",
      "id": "v_def_strutture_ricettive_od.1372",
      "geometry": {
        "type": "Point",
        "coordinates": [
          11.268166693290418,
          43.76883630860288
        ]
      },
      "properties": {
        "id": 1372,
        "tipologiaattivita": "CAV"
      }
    },
    {
      "type": "Feature",
      "id": "v_def_strutture_ricettive_od.1373",
      "geometry": {
        "type": "Point",
        "coordinates": [
          11.249582938963067,
          43.7865174154384
        ]
      },
      "properties": {
        "id": 1373,
        "tipologiaattivita": "AFFITTACAMERE"
      }
    },
    {
      "type": "Feature",
      "id": "v_def_strutture_ricettive_od.1374",
      "geometry": {
        "type": "Point",
        "coordinates": [
          11.223949664235004,
          43.786338345632174
        ]
      },
      "properties": {
        "id": 1374,
        "tipologiaattivita": "CAV"
      }
    },
    {
      "type": "Feature",
      "id": "v_def_strutture_ricettive_od.1375",
      "geometry": {
        "type": "Point",
        "coordinates": [
          11.25243544948619,
          43.769324381605784
        ]
      },
      "properties": {
        "id": 1375,
        "tipologiaattivita": "RESIDENZA D'EPOCA"
      }
    },
    {
      "type": "Feature",
      "id": "v_def_strutture_ricettive_od.1376",
      "geometry": {
        "type": "Point",
        "coordinates": [
          11.25243544948619,
          43.769324381605784
        ]
      },
      "properties": {
        "id": 1376,
        "tipologiaattivita": "RESIDENZA D'EPOCA"
      }
    },
    {
      "type": "Feature",
      "id": "v_def_strutture_ricettive_od.1377",
      "geometry": {
        "type": "Point",
        "coordinates": [
          11.25243544948619,
          43.769324381605784
        ]
      },
      "properties": {
        "id": 1377,
        "tipologiaattivita": "ALBERGHI"
      }
    },
    {
      "type": "Feature",
      "id": "v_def_strutture_ricettive_od.1378",
      "geometry": {
        "type": "Point",
        "coordinates": [
          11.252658478954,
          43.77502838377977
        ]
      },
      "properties": {
        "id": 1378,
        "tipologiaattivita": "ALBERGHI"
      }
    },
    {
      "type": "Feature",
      "id": "v_def_strutture_ricettive_od.1379",
      "geometry": {
        "type": "Point",
        "coordinates": [
          11.260336909935399,
          43.76456022484034
        ]
      },
      "properties": {
        "id": 1379,
        "tipologiaattivita": "CAV"
      }
    },
    {
      "type": "Feature",
      "id": "v_def_strutture_ricettive_od.1380",
      "geometry": {
        "type": "Point",
        "coordinates": [
          11.286965643901484,
          43.77502877025473
        ]
      },
      "properties": {
        "id": 1380,
        "tipologiaattivita": "BED AND BREAKFAST"
      }
    },
    {
      "type": "Feature",
      "id": "v_def_strutture_ricettive_od.1381",
      "geometry": {
        "type": "Point",
        "coordinates": [
          11.2519272052252,
          43.775299209847674
        ]
      },
      "properties": {
        "id": 1381,
        "tipologiaattivita": "ALBERGHI"
      }
    },
    {
      "type": "Feature",
      "id": "v_def_strutture_ricettive_od.1382",
      "geometry": {
        "type": "Point",
        "coordinates": [
          11.25831150891431,
          43.77769477156398
        ]
      },
      "properties": {
        "id": 1382,
        "tipologiaattivita": "AFFITTACAMERE"
      }
    },
    {
      "type": "Feature",
      "id": "v_def_strutture_ricettive_od.1383",
      "geometry": {
        "type": "Point",
        "coordinates": [
          11.254637253080233,
          43.76991100183392
        ]
      },
      "properties": {
        "id": 1383,
        "tipologiaattivita": "AFFITTACAMERE"
      }
    },
    {
      "type": "Feature",
      "id": "v_def_strutture_ricettive_od.1384",
      "geometry": {
        "type": "Point",
        "coordinates": [
          11.254637253080233,
          43.76991100183392
        ]
      },
      "properties": {
        "id": 1384,
        "tipologiaattivita": "AFFITTACAMERE"
      }
    },
    {
      "type": "Feature",
      "id": "v_def_strutture_ricettive_od.1385",
      "geometry": {
        "type": "Point",
        "coordinates": [
          11.263657811277989,
          43.773156374879406
        ]
      },
      "properties": {
        "id": 1385,
        "tipologiaattivita": "ALBERGHI"
      }
    },
    {
      "type": "Feature",
      "id": "v_def_strutture_ricettive_od.1386",
      "geometry": {
        "type": "Point",
        "coordinates": [
          11.249915936950092,
          43.772402086130874
        ]
      },
      "properties": {
        "id": 1386,
        "tipologiaattivita": "AFFITTACAMERE"
      }
    },
    {
      "type": "Feature",
      "id": "v_def_strutture_ricettive_od.1387",
      "geometry": {
        "type": "Point",
        "coordinates": [
          11.255999972692488,
          43.77999665219966
        ]
      },
      "properties": {
        "id": 1387,
        "tipologiaattivita": "AFFITTACAMERE"
      }
    },
    {
      "type": "Feature",
      "id": "v_def_strutture_ricettive_od.1388",
      "geometry": {
        "type": "Point",
        "coordinates": [
          11.257899914065424,
          43.77954135342164
        ]
      },
      "properties": {
        "id": 1388,
        "tipologiaattivita": "ALBERGHI"
      }
    },
    {
      "type": "Feature",
      "id": "v_def_strutture_ricettive_od.1389",
      "geometry": {
        "type": "Point",
        "coordinates": [
          11.19022876611342,
          43.77347589690962
        ]
      },
      "properties": {
        "id": 1389,
        "tipologiaattivita": "ALBERGHI"
      }
    },
    {
      "type": "Feature",
      "id": "v_def_strutture_ricettive_od.1390",
      "geometry": {
        "type": "Point",
        "coordinates": [
          11.272895307250087,
          43.78649556598281
        ]
      },
      "properties": {
        "id": 1390,
        "tipologiaattivita": "AFFITTACAMERE"
      }
    },
    {
      "type": "Feature",
      "id": "v_def_strutture_ricettive_od.1391",
      "geometry": {
        "type": "Point",
        "coordinates": [
          11.253454318738886,
          43.76907083720196
        ]
      },
      "properties": {
        "id": 1391,
        "tipologiaattivita": "CAV"
      }
    },
    {
      "type": "Feature",
      "id": "v_def_strutture_ricettive_od.1392",
      "geometry": {
        "type": "Point",
        "coordinates": [
          11.251903623691048,
          43.76741552880497
        ]
      },
      "properties": {
        "id": 1392,
        "tipologiaattivita": "CAV"
      }
    },
    {
      "type": "Feature",
      "id": "v_def_strutture_ricettive_od.1393",
      "geometry": {
        "type": "Point",
        "coordinates": [
          11.251903623691048,
          43.76741552880497
        ]
      },
      "properties": {
        "id": 1393,
        "tipologiaattivita": "CAV"
      }
    },
    {
      "type": "Feature",
      "id": "v_def_strutture_ricettive_od.1394",
      "geometry": {
        "type": "Point",
        "coordinates": [
          11.251903623691048,
          43.76741552880497
        ]
      },
      "properties": {
        "id": 1394,
        "tipologiaattivita": "AFFITTACAMERE"
      }
    },
    {
      "type": "Feature",
      "id": "v_def_strutture_ricettive_od.1395",
      "geometry": {
        "type": "Point",
        "coordinates": [
          11.251903623691048,
          43.76741552880497
        ]
      },
      "properties": {
        "id": 1395,
        "tipologiaattivita": "CAV"
      }
    },
    {
      "type": "Feature",
      "id": "v_def_strutture_ricettive_od.1396",
      "geometry": {
        "type": "Point",
        "coordinates": [
          11.251903623691048,
          43.76741552880497
        ]
      },
      "properties": {
        "id": 1396,
        "tipologiaattivita": "CAV"
      }
    },
    {
      "type": "Feature",
      "id": "v_def_strutture_ricettive_od.1397",
      "geometry": {
        "type": "Point",
        "coordinates": [
          11.234269306047453,
          43.783690186823925
        ]
      },
      "properties": {
        "id": 1397,
        "tipologiaattivita": "ALBERGHI"
      }
    },
    {
      "type": "Feature",
      "id": "v_def_strutture_ricettive_od.1398",
      "geometry": {
        "type": "Point",
        "coordinates": [
          11.266359963904192,
          43.769211267353384
        ]
      },
      "properties": {
        "id": 1398,
        "tipologiaattivita": "CAV"
      }
    },
    {
      "type": "Feature",
      "id": "v_def_strutture_ricettive_od.1399",
      "geometry": {
        "type": "Point",
        "coordinates": [
          11.237773573429678,
          43.77985508488907
        ]
      },
      "properties": {
        "id": 1399,
        "tipologiaattivita": "AFFITTACAMERE"
      }
    },
    {
      "type": "Feature",
      "id": "v_def_strutture_ricettive_od.1400",
      "geometry": {
        "type": "Point",
        "coordinates": [
          11.231069179251818,
          43.786502959596895
        ]
      },
      "properties": {
        "id": 1400,
        "tipologiaattivita": "AFFITTACAMERE"
      }
    },
    {
      "type": "Feature",
      "id": "v_def_strutture_ricettive_od.1401",
      "geometry": {
        "type": "Point",
        "coordinates": [
          11.246408862897962,
          43.765394867116484
        ]
      },
      "properties": {
        "id": 1401,
        "tipologiaattivita": "CAV"
      }
    },
    {
      "type": "Feature",
      "id": "v_def_strutture_ricettive_od.1402",
      "geometry": {
        "type": "Point",
        "coordinates": [
          11.252840362290007,
          43.780740593624195
        ]
      },
      "properties": {
        "id": 1402,
        "tipologiaattivita": "ALBERGHI"
      }
    },
    {
      "type": "Feature",
      "id": "v_def_strutture_ricettive_od.1403",
      "geometry": {
        "type": "Point",
        "coordinates": [
          11.266132170882258,
          43.77038260582377
        ]
      },
      "properties": {
        "id": 1403,
        "tipologiaattivita": "CAV"
      }
    },
    {
      "type": "Feature",
      "id": "v_def_strutture_ricettive_od.1404",
      "geometry": {
        "type": "Point",
        "coordinates": [
          11.258792751220954,
          43.78559026890809
        ]
      },
      "properties": {
        "id": 1404,
        "tipologiaattivita": "AFFITTACAMERE"
      }
    },
    {
      "type": "Feature",
      "id": "v_def_strutture_ricettive_od.1405",
      "geometry": {
        "type": "Point",
        "coordinates": [
          11.19109487438918,
          43.770765881845115
        ]
      },
      "properties": {
        "id": 1405,
        "tipologiaattivita": "AFFITTACAMERE"
      }
    },
    {
      "type": "Feature",
      "id": "v_def_strutture_ricettive_od.1406",
      "geometry": {
        "type": "Point",
        "coordinates": [
          11.260036832153357,
          43.771529548568964
        ]
      },
      "properties": {
        "id": 1406,
        "tipologiaattivita": "RESIDENZA D'EPOCA"
      }
    },
    {
      "type": "Feature",
      "id": "v_def_strutture_ricettive_od.1407",
      "geometry": {
        "type": "Point",
        "coordinates": [
          11.26651414737418,
          43.769178327455876
        ]
      },
      "properties": {
        "id": 1407,
        "tipologiaattivita": "CAV"
      }
    },
    {
      "type": "Feature",
      "id": "v_def_strutture_ricettive_od.1408",
      "geometry": {
        "type": "Point",
        "coordinates": [
          11.26651414737418,
          43.769178327455876
        ]
      },
      "properties": {
        "id": 1408,
        "tipologiaattivita": "CAV"
      }
    },
    {
      "type": "Feature",
      "id": "v_def_strutture_ricettive_od.1409",
      "geometry": {
        "type": "Point",
        "coordinates": [
          11.258887383467249,
          43.76995292105482
        ]
      },
      "properties": {
        "id": 1409,
        "tipologiaattivita": "CAV"
      }
    },
    {
      "type": "Feature",
      "id": "v_def_strutture_ricettive_od.1410",
      "geometry": {
        "type": "Point",
        "coordinates": [
          11.258887383467249,
          43.76995292105482
        ]
      },
      "properties": {
        "id": 1410,
        "tipologiaattivita": "CAV"
      }
    },
    {
      "type": "Feature",
      "id": "v_def_strutture_ricettive_od.1411",
      "geometry": {
        "type": "Point",
        "coordinates": [
          11.247167560783367,
          43.77148343402814
        ]
      },
      "properties": {
        "id": 1411,
        "tipologiaattivita": "ALBERGHI"
      }
    },
    {
      "type": "Feature",
      "id": "v_def_strutture_ricettive_od.1412",
      "geometry": {
        "type": "Point",
        "coordinates": [
          11.257438822988732,
          43.77369928057712
        ]
      },
      "properties": {
        "id": 1412,
        "tipologiaattivita": "RESIDENZA D'EPOCA"
      }
    },
    {
      "type": "Feature",
      "id": "v_def_strutture_ricettive_od.1413",
      "geometry": {
        "type": "Point",
        "coordinates": [
          11.257438822988732,
          43.77369928057712
        ]
      },
      "properties": {
        "id": 1413,
        "tipologiaattivita": "AFFITTACAMERE"
      }
    },
    {
      "type": "Feature",
      "id": "v_def_strutture_ricettive_od.1414",
      "geometry": {
        "type": "Point",
        "coordinates": [
          11.210967563428483,
          43.781946917723914
        ]
      },
      "properties": {
        "id": 1414,
        "tipologiaattivita": "CAV"
      }
    },
    {
      "type": "Feature",
      "id": "v_def_strutture_ricettive_od.1415",
      "geometry": {
        "type": "Point",
        "coordinates": [
          11.237534795245079,
          43.782963145657135
        ]
      },
      "properties": {
        "id": 1415,
        "tipologiaattivita": "RESIDENCE"
      }
    },
    {
      "type": "Feature",
      "id": "v_def_strutture_ricettive_od.1416",
      "geometry": {
        "type": "Point",
        "coordinates": [
          11.252689095995622,
          43.76929824483798
        ]
      },
      "properties": {
        "id": 1416,
        "tipologiaattivita": "RESIDENZA D'EPOCA"
      }
    },
    {
      "type": "Feature",
      "id": "v_def_strutture_ricettive_od.1417",
      "geometry": {
        "type": "Point",
        "coordinates": [
          11.281826444075847,
          43.78463820837433
        ]
      },
      "properties": {
        "id": 1417,
        "tipologiaattivita": "ALBERGHI"
      }
    },
    {
      "type": "Feature",
      "id": "v_def_strutture_ricettive_od.1418",
      "geometry": {
        "type": "Point",
        "coordinates": [
          11.265790903007915,
          43.78600121888193
        ]
      },
      "properties": {
        "id": 1418,
        "tipologiaattivita": "CAV"
      }
    },
    {
      "type": "Feature",
      "id": "v_def_strutture_ricettive_od.1419",
      "geometry": {
        "type": "Point",
        "coordinates": [
          11.263118354171638,
          43.77043512709686
        ]
      },
      "properties": {
        "id": 1419,
        "tipologiaattivita": "AFFITTACAMERE"
      }
    },
    {
      "type": "Feature",
      "id": "v_def_strutture_ricettive_od.1420",
      "geometry": {
        "type": "Point",
        "coordinates": [
          11.263118354171638,
          43.77043512709686
        ]
      },
      "properties": {
        "id": 1420,
        "tipologiaattivita": "AFFITTACAMERE"
      }
    },
    {
      "type": "Feature",
      "id": "v_def_strutture_ricettive_od.1421",
      "geometry": {
        "type": "Point",
        "coordinates": [
          11.263118354171638,
          43.77043512709686
        ]
      },
      "properties": {
        "id": 1421,
        "tipologiaattivita": "BED AND BREAKFAST"
      }
    },
    {
      "type": "Feature",
      "id": "v_def_strutture_ricettive_od.1422",
      "geometry": {
        "type": "Point",
        "coordinates": [
          11.237129852755759,
          43.76807846249669
        ]
      },
      "properties": {
        "id": 1422,
        "tipologiaattivita": "AFFITTACAMERE"
      }
    },
    {
      "type": "Feature",
      "id": "v_def_strutture_ricettive_od.1423",
      "geometry": {
        "type": "Point",
        "coordinates": [
          11.273099108920544,
          43.780216989618694
        ]
      },
      "properties": {
        "id": 1423,
        "tipologiaattivita": "AFFITTACAMERE"
      }
    },
    {
      "type": "Feature",
      "id": "v_def_strutture_ricettive_od.1424",
      "geometry": {
        "type": "Point",
        "coordinates": [
          11.256257896892611,
          43.77855699890687
        ]
      },
      "properties": {
        "id": 1424,
        "tipologiaattivita": "CAV"
      }
    },
    {
      "type": "Feature",
      "id": "v_def_strutture_ricettive_od.1425",
      "geometry": {
        "type": "Point",
        "coordinates": [
          11.259586622221992,
          43.771533780448486
        ]
      },
      "properties": {
        "id": 1425,
        "tipologiaattivita": "RESIDENZA D'EPOCA"
      }
    },
    {
      "type": "Feature",
      "id": "v_def_strutture_ricettive_od.1426",
      "geometry": {
        "type": "Point",
        "coordinates": [
          11.259586622221992,
          43.771533780448486
        ]
      },
      "properties": {
        "id": 1426,
        "tipologiaattivita": "RESIDENZA D'EPOCA"
      }
    },
    {
      "type": "Feature",
      "id": "v_def_strutture_ricettive_od.1427",
      "geometry": {
        "type": "Point",
        "coordinates": [
          11.250385316503731,
          43.77628504774451
        ]
      },
      "properties": {
        "id": 1427,
        "tipologiaattivita": "AFFITTACAMERE"
      }
    },
    {
      "type": "Feature",
      "id": "v_def_strutture_ricettive_od.1428",
      "geometry": {
        "type": "Point",
        "coordinates": [
          11.250385316503731,
          43.77628504774451
        ]
      },
      "properties": {
        "id": 1428,
        "tipologiaattivita": "AFFITTACAMERE"
      }
    },
    {
      "type": "Feature",
      "id": "v_def_strutture_ricettive_od.1429",
      "geometry": {
        "type": "Point",
        "coordinates": [
          11.250385316503731,
          43.77628504774451
        ]
      },
      "properties": {
        "id": 1429,
        "tipologiaattivita": "BED AND BREAKFAST"
      }
    },
    {
      "type": "Feature",
      "id": "v_def_strutture_ricettive_od.1430",
      "geometry": {
        "type": "Point",
        "coordinates": [
          11.250385316503731,
          43.77628504774451
        ]
      },
      "properties": {
        "id": 1430,
        "tipologiaattivita": "ALBERGHI"
      }
    },
    {
      "type": "Feature",
      "id": "v_def_strutture_ricettive_od.1431",
      "geometry": {
        "type": "Point",
        "coordinates": [
          11.250385316503731,
          43.77628504774451
        ]
      },
      "properties": {
        "id": 1431,
        "tipologiaattivita": "BED AND BREAKFAST"
      }
    },
    {
      "type": "Feature",
      "id": "v_def_strutture_ricettive_od.1432",
      "geometry": {
        "type": "Point",
        "coordinates": [
          11.250263649763555,
          43.77690610637283
        ]
      },
      "properties": {
        "id": 1432,
        "tipologiaattivita": "AFFITTACAMERE"
      }
    },
    {
      "type": "Feature",
      "id": "v_def_strutture_ricettive_od.1433",
      "geometry": {
        "type": "Point",
        "coordinates": [
          11.250263649763555,
          43.77690610637283
        ]
      },
      "properties": {
        "id": 1433,
        "tipologiaattivita": "AFFITTACAMERE"
      }
    },
    {
      "type": "Feature",
      "id": "v_def_strutture_ricettive_od.1434",
      "geometry": {
        "type": "Point",
        "coordinates": [
          11.250263649763555,
          43.77690610637283
        ]
      },
      "properties": {
        "id": 1434,
        "tipologiaattivita": "ALBERGHI"
      }
    },
    {
      "type": "Feature",
      "id": "v_def_strutture_ricettive_od.1435",
      "geometry": {
        "type": "Point",
        "coordinates": [
          11.250263649763555,
          43.77690610637283
        ]
      },
      "properties": {
        "id": 1435,
        "tipologiaattivita": "AFFITTACAMERE"
      }
    },
    {
      "type": "Feature",
      "id": "v_def_strutture_ricettive_od.1436",
      "geometry": {
        "type": "Point",
        "coordinates": [
          11.250263649763555,
          43.77690610637283
        ]
      },
      "properties": {
        "id": 1436,
        "tipologiaattivita": "ALBERGHI"
      }
    },
    {
      "type": "Feature",
      "id": "v_def_strutture_ricettive_od.1437",
      "geometry": {
        "type": "Point",
        "coordinates": [
          11.250263649763555,
          43.77690610637283
        ]
      },
      "properties": {
        "id": 1437,
        "tipologiaattivita": "BED AND BREAKFAST"
      }
    },
    {
      "type": "Feature",
      "id": "v_def_strutture_ricettive_od.1438",
      "geometry": {
        "type": "Point",
        "coordinates": [
          11.244371223593214,
          43.780088975315046
        ]
      },
      "properties": {
        "id": 1438,
        "tipologiaattivita": "BED AND BREAKFAST"
      }
    },
    {
      "type": "Feature",
      "id": "v_def_strutture_ricettive_od.1439",
      "geometry": {
        "type": "Point",
        "coordinates": [
          11.304051277586524,
          43.75830263615285
        ]
      },
      "properties": {
        "id": 1439,
        "tipologiaattivita": "AGRITURISMO"
      }
    },
    {
      "type": "Feature",
      "id": "v_def_strutture_ricettive_od.1440",
      "geometry": {
        "type": "Point",
        "coordinates": [
          11.21279626014305,
          43.77512889056862
        ]
      },
      "properties": {
        "id": 1440,
        "tipologiaattivita": "AFFITTACAMERE"
      }
    },
    {
      "type": "Feature",
      "id": "v_def_strutture_ricettive_od.1441",
      "geometry": {
        "type": "Point",
        "coordinates": [
          11.247295448064722,
          43.77425936271944
        ]
      },
      "properties": {
        "id": 1441,
        "tipologiaattivita": "ALBERGHI"
      }
    },
    {
      "type": "Feature",
      "id": "v_def_strutture_ricettive_od.1442",
      "geometry": {
        "type": "Point",
        "coordinates": [
          11.250044582992656,
          43.7979238004387
        ]
      },
      "properties": {
        "id": 1442,
        "tipologiaattivita": "AFFITTACAMERE"
      }
    },
    {
      "type": "Feature",
      "id": "v_def_strutture_ricettive_od.1443",
      "geometry": {
        "type": "Point",
        "coordinates": [
          11.252080421790279,
          43.77511441876189
        ]
      },
      "properties": {
        "id": 1443,
        "tipologiaattivita": "AFFITTACAMERE"
      }
    },
    {
      "type": "Feature",
      "id": "v_def_strutture_ricettive_od.1444",
      "geometry": {
        "type": "Point",
        "coordinates": [
          11.252080421790279,
          43.77511441876189
        ]
      },
      "properties": {
        "id": 1444,
        "tipologiaattivita": "CAV"
      }
    },
    {
      "type": "Feature",
      "id": "v_def_strutture_ricettive_od.1445",
      "geometry": {
        "type": "Point",
        "coordinates": [
          11.257210792241347,
          43.771456939170484
        ]
      },
      "properties": {
        "id": 1445,
        "tipologiaattivita": "AFFITTACAMERE"
      }
    },
    {
      "type": "Feature",
      "id": "v_def_strutture_ricettive_od.1446",
      "geometry": {
        "type": "Point",
        "coordinates": [
          11.257210792241347,
          43.771456939170484
        ]
      },
      "properties": {
        "id": 1446,
        "tipologiaattivita": "CAV"
      }
    },
    {
      "type": "Feature",
      "id": "v_def_strutture_ricettive_od.1447",
      "geometry": {
        "type": "Point",
        "coordinates": [
          11.257210792241347,
          43.771456939170484
        ]
      },
      "properties": {
        "id": 1447,
        "tipologiaattivita": "ALBERGHI"
      }
    },
    {
      "type": "Feature",
      "id": "v_def_strutture_ricettive_od.1448",
      "geometry": {
        "type": "Point",
        "coordinates": [
          11.237693768193262,
          43.77992646617327
        ]
      },
      "properties": {
        "id": 1448,
        "tipologiaattivita": "CAV"
      }
    },
    {
      "type": "Feature",
      "id": "v_def_strutture_ricettive_od.1449",
      "geometry": {
        "type": "Point",
        "coordinates": [
          11.199661176751755,
          43.795377706058154
        ]
      },
      "properties": {
        "id": 1449,
        "tipologiaattivita": "ALBERGHI"
      }
    },
    {
      "type": "Feature",
      "id": "v_def_strutture_ricettive_od.1450",
      "geometry": {
        "type": "Point",
        "coordinates": [
          11.255754112494104,
          43.779536443238996
        ]
      },
      "properties": {
        "id": 1450,
        "tipologiaattivita": "AFFITTACAMERE"
      }
    },
    {
      "type": "Feature",
      "id": "v_def_strutture_ricettive_od.1451",
      "geometry": {
        "type": "Point",
        "coordinates": [
          11.241781960767828,
          43.78438266088432
        ]
      },
      "properties": {
        "id": 1451,
        "tipologiaattivita": "CAV"
      }
    },
    {
      "type": "Feature",
      "id": "v_def_strutture_ricettive_od.1452",
      "geometry": {
        "type": "Point",
        "coordinates": [
          11.254575733427206,
          43.769874705351484
        ]
      },
      "properties": {
        "id": 1452,
        "tipologiaattivita": "AFFITTACAMERE"
      }
    },
    {
      "type": "Feature",
      "id": "v_def_strutture_ricettive_od.1453",
      "geometry": {
        "type": "Point",
        "coordinates": [
          11.254575733427206,
          43.769874705351484
        ]
      },
      "properties": {
        "id": 1453,
        "tipologiaattivita": "ALBERGHI"
      }
    },
    {
      "type": "Feature",
      "id": "v_def_strutture_ricettive_od.1454",
      "geometry": {
        "type": "Point",
        "coordinates": [
          11.254575733427206,
          43.769874705351484
        ]
      },
      "properties": {
        "id": 1454,
        "tipologiaattivita": "BED AND BREAKFAST"
      }
    },
    {
      "type": "Feature",
      "id": "v_def_strutture_ricettive_od.1455",
      "geometry": {
        "type": "Point",
        "coordinates": [
          11.208668078770419,
          43.794305895805756
        ]
      },
      "properties": {
        "id": 1455,
        "tipologiaattivita": "ALBERGHI"
      }
    },
    {
      "type": "Feature",
      "id": "v_def_strutture_ricettive_od.1456",
      "geometry": {
        "type": "Point",
        "coordinates": [
          11.270821296065948,
          43.7885831089978
        ]
      },
      "properties": {
        "id": 1456,
        "tipologiaattivita": "CAV"
      }
    },
    {
      "type": "Feature",
      "id": "v_def_strutture_ricettive_od.1457",
      "geometry": {
        "type": "Point",
        "coordinates": [
          11.277964643215439,
          43.781220694306135
        ]
      },
      "properties": {
        "id": 1457,
        "tipologiaattivita": "CAV"
      }
    },
    {
      "type": "Feature",
      "id": "v_def_strutture_ricettive_od.1458",
      "geometry": {
        "type": "Point",
        "coordinates": [
          11.249822500224212,
          43.773066112188076
        ]
      },
      "properties": {
        "id": 1458,
        "tipologiaattivita": "CAV"
      }
    },
    {
      "type": "Feature",
      "id": "v_def_strutture_ricettive_od.1459",
      "geometry": {
        "type": "Point",
        "coordinates": [
          11.235384888772158,
          43.771447239071975
        ]
      },
      "properties": {
        "id": 1459,
        "tipologiaattivita": "CAV"
      }
    },
    {
      "type": "Feature",
      "id": "v_def_strutture_ricettive_od.1460",
      "geometry": {
        "type": "Point",
        "coordinates": [
          11.25241634537345,
          43.77349117904224
        ]
      },
      "properties": {
        "id": 1460,
        "tipologiaattivita": "ALBERGHI"
      }
    },
    {
      "type": "Feature",
      "id": "v_def_strutture_ricettive_od.1461",
      "geometry": {
        "type": "Point",
        "coordinates": [
          11.263630850005041,
          43.77325338609461
        ]
      },
      "properties": {
        "id": 1461,
        "tipologiaattivita": "AFFITTACAMERE"
      }
    },
    {
      "type": "Feature",
      "id": "v_def_strutture_ricettive_od.1462",
      "geometry": {
        "type": "Point",
        "coordinates": [
          11.263630850005041,
          43.77325338609461
        ]
      },
      "properties": {
        "id": 1462,
        "tipologiaattivita": "AFFITTACAMERE"
      }
    },
    {
      "type": "Feature",
      "id": "v_def_strutture_ricettive_od.1463",
      "geometry": {
        "type": "Point",
        "coordinates": [
          11.226982948075257,
          43.774183620810355
        ]
      },
      "properties": {
        "id": 1463,
        "tipologiaattivita": "CAV"
      }
    },
    {
      "type": "Feature",
      "id": "v_def_strutture_ricettive_od.1464",
      "geometry": {
        "type": "Point",
        "coordinates": [
          11.25454482411338,
          43.7718970532641
        ]
      },
      "properties": {
        "id": 1464,
        "tipologiaattivita": "ALBERGHI"
      }
    },
    {
      "type": "Feature",
      "id": "v_def_strutture_ricettive_od.1465",
      "geometry": {
        "type": "Point",
        "coordinates": [
          11.241025990898745,
          43.77535331237672
        ]
      },
      "properties": {
        "id": 1465,
        "tipologiaattivita": "CAV"
      }
    },
    {
      "type": "Feature",
      "id": "v_def_strutture_ricettive_od.1466",
      "geometry": {
        "type": "Point",
        "coordinates": [
          11.241200001784584,
          43.76860571944265
        ]
      },
      "properties": {
        "id": 1466,
        "tipologiaattivita": "CAV"
      }
    },
    {
      "type": "Feature",
      "id": "v_def_strutture_ricettive_od.1467",
      "geometry": {
        "type": "Point",
        "coordinates": [
          11.256607029773946,
          43.76995479908252
        ]
      },
      "properties": {
        "id": 1467,
        "tipologiaattivita": "RESIDENZA D'EPOCA"
      }
    },
    {
      "type": "Feature",
      "id": "v_def_strutture_ricettive_od.1468",
      "geometry": {
        "type": "Point",
        "coordinates": [
          11.256581969311382,
          43.77357451150747
        ]
      },
      "properties": {
        "id": 1468,
        "tipologiaattivita": "AFFITTACAMERE"
      }
    },
    {
      "type": "Feature",
      "id": "v_def_strutture_ricettive_od.1469",
      "geometry": {
        "type": "Point",
        "coordinates": [
          11.256581969311382,
          43.77357451150747
        ]
      },
      "properties": {
        "id": 1469,
        "tipologiaattivita": "CAV"
      }
    },
    {
      "type": "Feature",
      "id": "v_def_strutture_ricettive_od.1470",
      "geometry": {
        "type": "Point",
        "coordinates": [
          11.256581969311382,
          43.77357451150747
        ]
      },
      "properties": {
        "id": 1470,
        "tipologiaattivita": "CAV"
      }
    },
    {
      "type": "Feature",
      "id": "v_def_strutture_ricettive_od.1471",
      "geometry": {
        "type": "Point",
        "coordinates": [
          11.256581969311382,
          43.77357451150747
        ]
      },
      "properties": {
        "id": 1471,
        "tipologiaattivita": "BED AND BREAKFAST"
      }
    },
    {
      "type": "Feature",
      "id": "v_def_strutture_ricettive_od.1472",
      "geometry": {
        "type": "Point",
        "coordinates": [
          11.281764712276482,
          43.79588437301359
        ]
      },
      "properties": {
        "id": 1472,
        "tipologiaattivita": "CASE PER FERIE"
      }
    },
    {
      "type": "Feature",
      "id": "v_def_strutture_ricettive_od.1473",
      "geometry": {
        "type": "Point",
        "coordinates": [
          11.27890923852779,
          43.78269324238874
        ]
      },
      "properties": {
        "id": 1473,
        "tipologiaattivita": "BED AND BREAKFAST"
      }
    },
    {
      "type": "Feature",
      "id": "v_def_strutture_ricettive_od.1474",
      "geometry": {
        "type": "Point",
        "coordinates": [
          11.234731304034975,
          43.79781470261221
        ]
      },
      "properties": {
        "id": 1474,
        "tipologiaattivita": "CAV"
      }
    },
    {
      "type": "Feature",
      "id": "v_def_strutture_ricettive_od.1475",
      "geometry": {
        "type": "Point",
        "coordinates": [
          11.328549124083136,
          43.77171973067104
        ]
      },
      "properties": {
        "id": 1475,
        "tipologiaattivita": "BED AND BREAKFAST"
      }
    },
    {
      "type": "Feature",
      "id": "v_def_strutture_ricettive_od.1476",
      "geometry": {
        "type": "Point",
        "coordinates": [
          11.192492659743404,
          43.79545493482868
        ]
      },
      "properties": {
        "id": 1476,
        "tipologiaattivita": "CASE PER FERIE"
      }
    },
    {
      "type": "Feature",
      "id": "v_def_strutture_ricettive_od.1477",
      "geometry": {
        "type": "Point",
        "coordinates": [
          11.251263032118167,
          43.771734496404385
        ]
      },
      "properties": {
        "id": 1477,
        "tipologiaattivita": "CAV"
      }
    },
    {
      "type": "Feature",
      "id": "v_def_strutture_ricettive_od.1478",
      "geometry": {
        "type": "Point",
        "coordinates": [
          11.25142705193198,
          43.770857313928715
        ]
      },
      "properties": {
        "id": 1478,
        "tipologiaattivita": "ALBERGHI"
      }
    },
    {
      "type": "Feature",
      "id": "v_def_strutture_ricettive_od.1479",
      "geometry": {
        "type": "Point",
        "coordinates": [
          11.215228013383916,
          43.793262317471324
        ]
      },
      "properties": {
        "id": 1479,
        "tipologiaattivita": "AFFITTACAMERE"
      }
    },
    {
      "type": "Feature",
      "id": "v_def_strutture_ricettive_od.1480",
      "geometry": {
        "type": "Point",
        "coordinates": [
          11.248442622966161,
          43.7718640558084
        ]
      },
      "properties": {
        "id": 1480,
        "tipologiaattivita": "CAV"
      }
    },
    {
      "type": "Feature",
      "id": "v_def_strutture_ricettive_od.1481",
      "geometry": {
        "type": "Point",
        "coordinates": [
          11.262995273822149,
          43.77233715442968
        ]
      },
      "properties": {
        "id": 1481,
        "tipologiaattivita": "AFFITTACAMERE"
      }
    },
    {
      "type": "Feature",
      "id": "v_def_strutture_ricettive_od.1482",
      "geometry": {
        "type": "Point",
        "coordinates": [
          11.256353920335235,
          43.773881238708185
        ]
      },
      "properties": {
        "id": 1482,
        "tipologiaattivita": "CAV"
      }
    },
    {
      "type": "Feature",
      "id": "v_def_strutture_ricettive_od.1483",
      "geometry": {
        "type": "Point",
        "coordinates": [
          11.256353920335235,
          43.773881238708185
        ]
      },
      "properties": {
        "id": 1483,
        "tipologiaattivita": "CAV"
      }
    },
    {
      "type": "Feature",
      "id": "v_def_strutture_ricettive_od.1484",
      "geometry": {
        "type": "Point",
        "coordinates": [
          11.256353920335235,
          43.773881238708185
        ]
      },
      "properties": {
        "id": 1484,
        "tipologiaattivita": "CAV"
      }
    },
    {
      "type": "Feature",
      "id": "v_def_strutture_ricettive_od.1485",
      "geometry": {
        "type": "Point",
        "coordinates": [
          11.256353920335235,
          43.773881238708185
        ]
      },
      "properties": {
        "id": 1485,
        "tipologiaattivita": "CAV"
      }
    },
    {
      "type": "Feature",
      "id": "v_def_strutture_ricettive_od.1486",
      "geometry": {
        "type": "Point",
        "coordinates": [
          11.256353920335235,
          43.773881238708185
        ]
      },
      "properties": {
        "id": 1486,
        "tipologiaattivita": "CAV"
      }
    },
    {
      "type": "Feature",
      "id": "v_def_strutture_ricettive_od.1487",
      "geometry": {
        "type": "Point",
        "coordinates": [
          11.256353920335235,
          43.773881238708185
        ]
      },
      "properties": {
        "id": 1487,
        "tipologiaattivita": "CAV"
      }
    },
    {
      "type": "Feature",
      "id": "v_def_strutture_ricettive_od.1488",
      "geometry": {
        "type": "Point",
        "coordinates": [
          11.31519876718798,
          43.766387277250445
        ]
      },
      "properties": {
        "id": 1488,
        "tipologiaattivita": "AFFITTACAMERE"
      }
    },
    {
      "type": "Feature",
      "id": "v_def_strutture_ricettive_od.1489",
      "geometry": {
        "type": "Point",
        "coordinates": [
          11.246880031154028,
          43.77455505998422
        ]
      },
      "properties": {
        "id": 1489,
        "tipologiaattivita": "AFFITTACAMERE"
      }
    },
    {
      "type": "Feature",
      "id": "v_def_strutture_ricettive_od.1490",
      "geometry": {
        "type": "Point",
        "coordinates": [
          11.246880031154028,
          43.77455505998422
        ]
      },
      "properties": {
        "id": 1490,
        "tipologiaattivita": "CAV"
      }
    },
    {
      "type": "Feature",
      "id": "v_def_strutture_ricettive_od.1491",
      "geometry": {
        "type": "Point",
        "coordinates": [
          11.257921170905144,
          43.77239810916044
        ]
      },
      "properties": {
        "id": 1491,
        "tipologiaattivita": "AFFITTACAMERE"
      }
    },
    {
      "type": "Feature",
      "id": "v_def_strutture_ricettive_od.1492",
      "geometry": {
        "type": "Point",
        "coordinates": [
          11.251253964346741,
          43.775346531624024
        ]
      },
      "properties": {
        "id": 1492,
        "tipologiaattivita": "AFFITTACAMERE"
      }
    },
    {
      "type": "Feature",
      "id": "v_def_strutture_ricettive_od.1493",
      "geometry": {
        "type": "Point",
        "coordinates": [
          11.251253964346741,
          43.775346531624024
        ]
      },
      "properties": {
        "id": 1493,
        "tipologiaattivita": "AFFITTACAMERE"
      }
    },
    {
      "type": "Feature",
      "id": "v_def_strutture_ricettive_od.1494",
      "geometry": {
        "type": "Point",
        "coordinates": [
          11.254832434552936,
          43.773508697378844
        ]
      },
      "properties": {
        "id": 1494,
        "tipologiaattivita": "BED AND BREAKFAST"
      }
    },
    {
      "type": "Feature",
      "id": "v_def_strutture_ricettive_od.1495",
      "geometry": {
        "type": "Point",
        "coordinates": [
          11.257929125683535,
          43.76892373824601
        ]
      },
      "properties": {
        "id": 1495,
        "tipologiaattivita": "CAV"
      }
    },
    {
      "type": "Feature",
      "id": "v_def_strutture_ricettive_od.1496",
      "geometry": {
        "type": "Point",
        "coordinates": [
          11.257929125683535,
          43.76892373824601
        ]
      },
      "properties": {
        "id": 1496,
        "tipologiaattivita": "CAV"
      }
    },
    {
      "type": "Feature",
      "id": "v_def_strutture_ricettive_od.1497",
      "geometry": {
        "type": "Point",
        "coordinates": [
          11.254177369029426,
          43.776731939070814
        ]
      },
      "properties": {
        "id": 1497,
        "tipologiaattivita": "BED AND BREAKFAST"
      }
    },
    {
      "type": "Feature",
      "id": "v_def_strutture_ricettive_od.1498",
      "geometry": {
        "type": "Point",
        "coordinates": [
          11.23915302467419,
          43.77733506945148
        ]
      },
      "properties": {
        "id": 1498,
        "tipologiaattivita": "ALBERGHI"
      }
    },
    {
      "type": "Feature",
      "id": "v_def_strutture_ricettive_od.1499",
      "geometry": {
        "type": "Point",
        "coordinates": [
          11.28108224730566,
          43.76653758074879
        ]
      },
      "properties": {
        "id": 1499,
        "tipologiaattivita": "BED AND BREAKFAST"
      }
    },
    {
      "type": "Feature",
      "id": "v_def_strutture_ricettive_od.1500",
      "geometry": {
        "type": "Point",
        "coordinates": [
          11.260424344210664,
          43.78080712170401
        ]
      },
      "properties": {
        "id": 1500,
        "tipologiaattivita": "CAV"
      }
    },
    {
      "type": "Feature",
      "id": "v_def_strutture_ricettive_od.1501",
      "geometry": {
        "type": "Point",
        "coordinates": [
          11.260424344210664,
          43.78080712170401
        ]
      },
      "properties": {
        "id": 1501,
        "tipologiaattivita": "BED AND BREAKFAST"
      }
    },
    {
      "type": "Feature",
      "id": "v_def_strutture_ricettive_od.1502",
      "geometry": {
        "type": "Point",
        "coordinates": [
          11.243857255642174,
          43.762933006347374
        ]
      },
      "properties": {
        "id": 1502,
        "tipologiaattivita": "CAV"
      }
    },
    {
      "type": "Feature",
      "id": "v_def_strutture_ricettive_od.1503",
      "geometry": {
        "type": "Point",
        "coordinates": [
          11.27543231627383,
          43.782586254287054
        ]
      },
      "properties": {
        "id": 1503,
        "tipologiaattivita": "AFFITTACAMERE"
      }
    },
    {
      "type": "Feature",
      "id": "v_def_strutture_ricettive_od.1504",
      "geometry": {
        "type": "Point",
        "coordinates": [
          11.247089987209279,
          43.76951207756446
        ]
      },
      "properties": {
        "id": 1504,
        "tipologiaattivita": "BED AND BREAKFAST"
      }
    },
    {
      "type": "Feature",
      "id": "v_def_strutture_ricettive_od.1505",
      "geometry": {
        "type": "Point",
        "coordinates": [
          11.252916802303044,
          43.79709254422843
        ]
      },
      "properties": {
        "id": 1505,
        "tipologiaattivita": "BED AND BREAKFAST"
      }
    },
    {
      "type": "Feature",
      "id": "v_def_strutture_ricettive_od.1506",
      "geometry": {
        "type": "Point",
        "coordinates": [
          11.283866017619628,
          43.76662858056884
        ]
      },
      "properties": {
        "id": 1506,
        "tipologiaattivita": "BED AND BREAKFAST"
      }
    },
    {
      "type": "Feature",
      "id": "v_def_strutture_ricettive_od.1507",
      "geometry": {
        "type": "Point",
        "coordinates": [
          11.211939244888343,
          43.79723147810757
        ]
      },
      "properties": {
        "id": 1507,
        "tipologiaattivita": "BED AND BREAKFAST"
      }
    },
    {
      "type": "Feature",
      "id": "v_def_strutture_ricettive_od.1508",
      "geometry": {
        "type": "Point",
        "coordinates": [
          11.256364372392751,
          43.77403460691659
        ]
      },
      "properties": {
        "id": 1508,
        "tipologiaattivita": "AFFITTACAMERE"
      }
    },
    {
      "type": "Feature",
      "id": "v_def_strutture_ricettive_od.1509",
      "geometry": {
        "type": "Point",
        "coordinates": [
          11.256364372392751,
          43.77403460691659
        ]
      },
      "properties": {
        "id": 1509,
        "tipologiaattivita": "CAV"
      }
    },
    {
      "type": "Feature",
      "id": "v_def_strutture_ricettive_od.1510",
      "geometry": {
        "type": "Point",
        "coordinates": [
          11.24768933532129,
          43.77397617192816
        ]
      },
      "properties": {
        "id": 1510,
        "tipologiaattivita": "AFFITTACAMERE"
      }
    },
    {
      "type": "Feature",
      "id": "v_def_strutture_ricettive_od.1511",
      "geometry": {
        "type": "Point",
        "coordinates": [
          11.24768933532129,
          43.77397617192816
        ]
      },
      "properties": {
        "id": 1511,
        "tipologiaattivita": "RESIDENZA D'EPOCA"
      }
    },
    {
      "type": "Feature",
      "id": "v_def_strutture_ricettive_od.1512",
      "geometry": {
        "type": "Point",
        "coordinates": [
          11.24768933532129,
          43.77397617192816
        ]
      },
      "properties": {
        "id": 1512,
        "tipologiaattivita": "RESIDENZA D'EPOCA"
      }
    },
    {
      "type": "Feature",
      "id": "v_def_strutture_ricettive_od.1513",
      "geometry": {
        "type": "Point",
        "coordinates": [
          11.24768933532129,
          43.77397617192816
        ]
      },
      "properties": {
        "id": 1513,
        "tipologiaattivita": "ALBERGHI"
      }
    },
    {
      "type": "Feature",
      "id": "v_def_strutture_ricettive_od.1514",
      "geometry": {
        "type": "Point",
        "coordinates": [
          11.267882759455693,
          43.7689806682975
        ]
      },
      "properties": {
        "id": 1514,
        "tipologiaattivita": "CASE PER FERIE"
      }
    },
    {
      "type": "Feature",
      "id": "v_def_strutture_ricettive_od.1515",
      "geometry": {
        "type": "Point",
        "coordinates": [
          11.255518940121707,
          43.77089383256388
        ]
      },
      "properties": {
        "id": 1515,
        "tipologiaattivita": "AFFITTACAMERE"
      }
    },
    {
      "type": "Feature",
      "id": "v_def_strutture_ricettive_od.1516",
      "geometry": {
        "type": "Point",
        "coordinates": [
          11.250519937508352,
          43.772469087588775
        ]
      },
      "properties": {
        "id": 1516,
        "tipologiaattivita": "CAV"
      }
    },
    {
      "type": "Feature",
      "id": "v_def_strutture_ricettive_od.1517",
      "geometry": {
        "type": "Point",
        "coordinates": [
          11.262080731250894,
          43.774250300113074
        ]
      },
      "properties": {
        "id": 1517,
        "tipologiaattivita": "CAV"
      }
    },
    {
      "type": "Feature",
      "id": "v_def_strutture_ricettive_od.1518",
      "geometry": {
        "type": "Point",
        "coordinates": [
          11.245434418329515,
          43.77754579565733
        ]
      },
      "properties": {
        "id": 1518,
        "tipologiaattivita": "AFFITTACAMERE"
      }
    },
    {
      "type": "Feature",
      "id": "v_def_strutture_ricettive_od.1519",
      "geometry": {
        "type": "Point",
        "coordinates": [
          11.245434418329515,
          43.77754579565733
        ]
      },
      "properties": {
        "id": 1519,
        "tipologiaattivita": "AFFITTACAMERE"
      }
    },
    {
      "type": "Feature",
      "id": "v_def_strutture_ricettive_od.1520",
      "geometry": {
        "type": "Point",
        "coordinates": [
          11.245434418329515,
          43.77754579565733
        ]
      },
      "properties": {
        "id": 1520,
        "tipologiaattivita": "AFFITTACAMERE"
      }
    },
    {
      "type": "Feature",
      "id": "v_def_strutture_ricettive_od.1521",
      "geometry": {
        "type": "Point",
        "coordinates": [
          11.245434418329515,
          43.77754579565733
        ]
      },
      "properties": {
        "id": 1521,
        "tipologiaattivita": "AFFITTACAMERE"
      }
    },
    {
      "type": "Feature",
      "id": "v_def_strutture_ricettive_od.1522",
      "geometry": {
        "type": "Point",
        "coordinates": [
          11.245434418329515,
          43.77754579565733
        ]
      },
      "properties": {
        "id": 1522,
        "tipologiaattivita": "CAV"
      }
    },
    {
      "type": "Feature",
      "id": "v_def_strutture_ricettive_od.1523",
      "geometry": {
        "type": "Point",
        "coordinates": [
          11.245434418329515,
          43.77754579565733
        ]
      },
      "properties": {
        "id": 1523,
        "tipologiaattivita": "AFFITTACAMERE"
      }
    },
    {
      "type": "Feature",
      "id": "v_def_strutture_ricettive_od.1524",
      "geometry": {
        "type": "Point",
        "coordinates": [
          11.245434418329515,
          43.77754579565733
        ]
      },
      "properties": {
        "id": 1524,
        "tipologiaattivita": "BED AND BREAKFAST"
      }
    },
    {
      "type": "Feature",
      "id": "v_def_strutture_ricettive_od.1525",
      "geometry": {
        "type": "Point",
        "coordinates": [
          11.245434418329515,
          43.77754579565733
        ]
      },
      "properties": {
        "id": 1525,
        "tipologiaattivita": "BED AND BREAKFAST"
      }
    },
    {
      "type": "Feature",
      "id": "v_def_strutture_ricettive_od.1526",
      "geometry": {
        "type": "Point",
        "coordinates": [
          11.25983454745025,
          43.78132370566082
        ]
      },
      "properties": {
        "id": 1526,
        "tipologiaattivita": "AFFITTACAMERE"
      }
    },
    {
      "type": "Feature",
      "id": "v_def_strutture_ricettive_od.1527",
      "geometry": {
        "type": "Point",
        "coordinates": [
          11.25983454745025,
          43.78132370566082
        ]
      },
      "properties": {
        "id": 1527,
        "tipologiaattivita": "AFFITTACAMERE"
      }
    },
    {
      "type": "Feature",
      "id": "v_def_strutture_ricettive_od.1528",
      "geometry": {
        "type": "Point",
        "coordinates": [
          11.245618797181656,
          43.774015445546745
        ]
      },
      "properties": {
        "id": 1528,
        "tipologiaattivita": "AFFITTACAMERE"
      }
    },
    {
      "type": "Feature",
      "id": "v_def_strutture_ricettive_od.1529",
      "geometry": {
        "type": "Point",
        "coordinates": [
          11.245618797181656,
          43.774015445546745
        ]
      },
      "properties": {
        "id": 1529,
        "tipologiaattivita": "BED AND BREAKFAST"
      }
    },
    {
      "type": "Feature",
      "id": "v_def_strutture_ricettive_od.1530",
      "geometry": {
        "type": "Point",
        "coordinates": [
          11.232513577072547,
          43.78644694105591
        ]
      },
      "properties": {
        "id": 1530,
        "tipologiaattivita": "BED AND BREAKFAST"
      }
    },
    {
      "type": "Feature",
      "id": "v_def_strutture_ricettive_od.1531",
      "geometry": {
        "type": "Point",
        "coordinates": [
          11.255520348336733,
          43.774155470892055
        ]
      },
      "properties": {
        "id": 1531,
        "tipologiaattivita": "AFFITTACAMERE"
      }
    },
    {
      "type": "Feature",
      "id": "v_def_strutture_ricettive_od.1532",
      "geometry": {
        "type": "Point",
        "coordinates": [
          11.255520348336733,
          43.774155470892055
        ]
      },
      "properties": {
        "id": 1532,
        "tipologiaattivita": "CAV"
      }
    },
    {
      "type": "Feature",
      "id": "v_def_strutture_ricettive_od.1533",
      "geometry": {
        "type": "Point",
        "coordinates": [
          11.255520348336733,
          43.774155470892055
        ]
      },
      "properties": {
        "id": 1533,
        "tipologiaattivita": "AFFITTACAMERE"
      }
    },
    {
      "type": "Feature",
      "id": "v_def_strutture_ricettive_od.1534",
      "geometry": {
        "type": "Point",
        "coordinates": [
          11.252881579430596,
          43.77131866942025
        ]
      },
      "properties": {
        "id": 1534,
        "tipologiaattivita": "AFFITTACAMERE"
      }
    },
    {
      "type": "Feature",
      "id": "v_def_strutture_ricettive_od.1535",
      "geometry": {
        "type": "Point",
        "coordinates": [
          11.252881579430596,
          43.77131866942025
        ]
      },
      "properties": {
        "id": 1535,
        "tipologiaattivita": "BED AND BREAKFAST"
      }
    },
    {
      "type": "Feature",
      "id": "v_def_strutture_ricettive_od.1536",
      "geometry": {
        "type": "Point",
        "coordinates": [
          11.280225725786782,
          43.78033548930186
        ]
      },
      "properties": {
        "id": 1536,
        "tipologiaattivita": "AFFITTACAMERE"
      }
    },
    {
      "type": "Feature",
      "id": "v_def_strutture_ricettive_od.1537",
      "geometry": {
        "type": "Point",
        "coordinates": [
          11.272865441737476,
          43.768948056044195
        ]
      },
      "properties": {
        "id": 1537,
        "tipologiaattivita": "BED AND BREAKFAST"
      }
    },
    {
      "type": "Feature",
      "id": "v_def_strutture_ricettive_od.1538",
      "geometry": {
        "type": "Point",
        "coordinates": [
          11.272865441737476,
          43.768948056044195
        ]
      },
      "properties": {
        "id": 1538,
        "tipologiaattivita": "BED AND BREAKFAST"
      }
    },
    {
      "type": "Feature",
      "id": "v_def_strutture_ricettive_od.1539",
      "geometry": {
        "type": "Point",
        "coordinates": [
          11.252551096794326,
          43.775209865720136
        ]
      },
      "properties": {
        "id": 1539,
        "tipologiaattivita": "ALBERGHI"
      }
    },
    {
      "type": "Feature",
      "id": "v_def_strutture_ricettive_od.1540",
      "geometry": {
        "type": "Point",
        "coordinates": [
          11.27973739553335,
          43.770624267386324
        ]
      },
      "properties": {
        "id": 1540,
        "tipologiaattivita": "AFFITTACAMERE"
      }
    },
    {
      "type": "Feature",
      "id": "v_def_strutture_ricettive_od.1541",
      "geometry": {
        "type": "Point",
        "coordinates": [
          11.229512677151531,
          43.80599306190934
        ]
      },
      "properties": {
        "id": 1541,
        "tipologiaattivita": "AFFITTACAMERE"
      }
    },
    {
      "type": "Feature",
      "id": "v_def_strutture_ricettive_od.1542",
      "geometry": {
        "type": "Point",
        "coordinates": [
          11.242714095620537,
          43.77908019020973
        ]
      },
      "properties": {
        "id": 1542,
        "tipologiaattivita": "CAV"
      }
    },
    {
      "type": "Feature",
      "id": "v_def_strutture_ricettive_od.1543",
      "geometry": {
        "type": "Point",
        "coordinates": [
          11.242714095620537,
          43.77908019020973
        ]
      },
      "properties": {
        "id": 1543,
        "tipologiaattivita": "CAV"
      }
    },
    {
      "type": "Feature",
      "id": "v_def_strutture_ricettive_od.1544",
      "geometry": {
        "type": "Point",
        "coordinates": [
          11.242714095620537,
          43.77908019020973
        ]
      },
      "properties": {
        "id": 1544,
        "tipologiaattivita": "CAV"
      }
    },
    {
      "type": "Feature",
      "id": "v_def_strutture_ricettive_od.1545",
      "geometry": {
        "type": "Point",
        "coordinates": [
          11.25345105543269,
          43.77196712955825
        ]
      },
      "properties": {
        "id": 1545,
        "tipologiaattivita": "AFFITTACAMERE"
      }
    },
    {
      "type": "Feature",
      "id": "v_def_strutture_ricettive_od.1546",
      "geometry": {
        "type": "Point",
        "coordinates": [
          11.25345105543269,
          43.77196712955825
        ]
      },
      "properties": {
        "id": 1546,
        "tipologiaattivita": "AFFITTACAMERE"
      }
    },
    {
      "type": "Feature",
      "id": "v_def_strutture_ricettive_od.1547",
      "geometry": {
        "type": "Point",
        "coordinates": [
          11.259211790826717,
          43.767640630278585
        ]
      },
      "properties": {
        "id": 1547,
        "tipologiaattivita": "BED AND BREAKFAST"
      }
    },
    {
      "type": "Feature",
      "id": "v_def_strutture_ricettive_od.1548",
      "geometry": {
        "type": "Point",
        "coordinates": [
          11.256446265348092,
          43.78042328754435
        ]
      },
      "properties": {
        "id": 1548,
        "tipologiaattivita": "CAV"
      }
    },
    {
      "type": "Feature",
      "id": "v_def_strutture_ricettive_od.1549",
      "geometry": {
        "type": "Point",
        "coordinates": [
          11.256717051734386,
          43.77018615894003
        ]
      },
      "properties": {
        "id": 1549,
        "tipologiaattivita": "AFFITTACAMERE"
      }
    },
    {
      "type": "Feature",
      "id": "v_def_strutture_ricettive_od.1550",
      "geometry": {
        "type": "Point",
        "coordinates": [
          11.256717051734386,
          43.77018615894003
        ]
      },
      "properties": {
        "id": 1550,
        "tipologiaattivita": "AFFITTACAMERE"
      }
    },
    {
      "type": "Feature",
      "id": "v_def_strutture_ricettive_od.1551",
      "geometry": {
        "type": "Point",
        "coordinates": [
          11.256717051734386,
          43.77018615894003
        ]
      },
      "properties": {
        "id": 1551,
        "tipologiaattivita": "AFFITTACAMERE"
      }
    },
    {
      "type": "Feature",
      "id": "v_def_strutture_ricettive_od.1552",
      "geometry": {
        "type": "Point",
        "coordinates": [
          11.264548271264085,
          43.76653821300103
        ]
      },
      "properties": {
        "id": 1552,
        "tipologiaattivita": "ALBERGHI"
      }
    },
    {
      "type": "Feature",
      "id": "v_def_strutture_ricettive_od.1553",
      "geometry": {
        "type": "Point",
        "coordinates": [
          11.248669687841495,
          43.77163455053813
        ]
      },
      "properties": {
        "id": 1553,
        "tipologiaattivita": "CAV"
      }
    },
    {
      "type": "Feature",
      "id": "v_def_strutture_ricettive_od.1554",
      "geometry": {
        "type": "Point",
        "coordinates": [
          11.248669687841495,
          43.77163455053813
        ]
      },
      "properties": {
        "id": 1554,
        "tipologiaattivita": "CAV"
      }
    },
    {
      "type": "Feature",
      "id": "v_def_strutture_ricettive_od.1555",
      "geometry": {
        "type": "Point",
        "coordinates": [
          11.246216746591584,
          43.776493251656916
        ]
      },
      "properties": {
        "id": 1555,
        "tipologiaattivita": "ALBERGHI"
      }
    },
    {
      "type": "Feature",
      "id": "v_def_strutture_ricettive_od.1556",
      "geometry": {
        "type": "Point",
        "coordinates": [
          11.259444144166684,
          43.76994301188254
        ]
      },
      "properties": {
        "id": 1556,
        "tipologiaattivita": "CAV"
      }
    },
    {
      "type": "Feature",
      "id": "v_def_strutture_ricettive_od.1557",
      "geometry": {
        "type": "Point",
        "coordinates": [
          11.241281133070217,
          43.76091951409938
        ]
      },
      "properties": {
        "id": 1557,
        "tipologiaattivita": "BED AND BREAKFAST"
      }
    },
    {
      "type": "Feature",
      "id": "v_def_strutture_ricettive_od.1558",
      "geometry": {
        "type": "Point",
        "coordinates": [
          11.27236747997886,
          43.77045800179374
        ]
      },
      "properties": {
        "id": 1558,
        "tipologiaattivita": "AFFITTACAMERE"
      }
    },
    {
      "type": "Feature",
      "id": "v_def_strutture_ricettive_od.1559",
      "geometry": {
        "type": "Point",
        "coordinates": [
          11.26534379534616,
          43.76924812778941
        ]
      },
      "properties": {
        "id": 1559,
        "tipologiaattivita": "AFFITTACAMERE"
      }
    },
    {
      "type": "Feature",
      "id": "v_def_strutture_ricettive_od.1560",
      "geometry": {
        "type": "Point",
        "coordinates": [
          11.257540542070096,
          43.775407084326446
        ]
      },
      "properties": {
        "id": 1560,
        "tipologiaattivita": "ALBERGHI"
      }
    },
    {
      "type": "Feature",
      "id": "v_def_strutture_ricettive_od.1561",
      "geometry": {
        "type": "Point",
        "coordinates": [
          11.250741154835744,
          43.77830019067413
        ]
      },
      "properties": {
        "id": 1561,
        "tipologiaattivita": "ALBERGHI"
      }
    },
    {
      "type": "Feature",
      "id": "v_def_strutture_ricettive_od.1562",
      "geometry": {
        "type": "Point",
        "coordinates": [
          11.26844649322976,
          43.77256602113322
        ]
      },
      "properties": {
        "id": 1562,
        "tipologiaattivita": "AFFITTACAMERE"
      }
    },
    {
      "type": "Feature",
      "id": "v_def_strutture_ricettive_od.1563",
      "geometry": {
        "type": "Point",
        "coordinates": [
          11.26844649322976,
          43.77256602113322
        ]
      },
      "properties": {
        "id": 1563,
        "tipologiaattivita": "CAV"
      }
    },
    {
      "type": "Feature",
      "id": "v_def_strutture_ricettive_od.1564",
      "geometry": {
        "type": "Point",
        "coordinates": [
          11.254280395153252,
          43.77599674925198
        ]
      },
      "properties": {
        "id": 1564,
        "tipologiaattivita": "ALBERGHI"
      }
    },
    {
      "type": "Feature",
      "id": "v_def_strutture_ricettive_od.1565",
      "geometry": {
        "type": "Point",
        "coordinates": [
          11.254280395153252,
          43.77599674925198
        ]
      },
      "properties": {
        "id": 1565,
        "tipologiaattivita": "ALBERGHI"
      }
    },
    {
      "type": "Feature",
      "id": "v_def_strutture_ricettive_od.1566",
      "geometry": {
        "type": "Point",
        "coordinates": [
          11.261338616542952,
          43.772146908646114
        ]
      },
      "properties": {
        "id": 1566,
        "tipologiaattivita": "RESIDENZA D'EPOCA"
      }
    },
    {
      "type": "Feature",
      "id": "v_def_strutture_ricettive_od.1567",
      "geometry": {
        "type": "Point",
        "coordinates": [
          11.249844819216573,
          43.77795684443966
        ]
      },
      "properties": {
        "id": 1567,
        "tipologiaattivita": "ALBERGHI"
      }
    },
    {
      "type": "Feature",
      "id": "v_def_strutture_ricettive_od.1568",
      "geometry": {
        "type": "Point",
        "coordinates": [
          11.25292934638856,
          43.775988941910626
        ]
      },
      "properties": {
        "id": 1568,
        "tipologiaattivita": "CAV"
      }
    },
    {
      "type": "Feature",
      "id": "v_def_strutture_ricettive_od.1569",
      "geometry": {
        "type": "Point",
        "coordinates": [
          11.255025537087608,
          43.7665001172814
        ]
      },
      "properties": {
        "id": 1569,
        "tipologiaattivita": "CAV"
      }
    },
    {
      "type": "Feature",
      "id": "v_def_strutture_ricettive_od.1570",
      "geometry": {
        "type": "Point",
        "coordinates": [
          11.255025537087608,
          43.7665001172814
        ]
      },
      "properties": {
        "id": 1570,
        "tipologiaattivita": "CAV"
      }
    },
    {
      "type": "Feature",
      "id": "v_def_strutture_ricettive_od.1571",
      "geometry": {
        "type": "Point",
        "coordinates": [
          11.23700690160941,
          43.75037726136058
        ]
      },
      "properties": {
        "id": 1571,
        "tipologiaattivita": "AFFITTACAMERE"
      }
    },
    {
      "type": "Feature",
      "id": "v_def_strutture_ricettive_od.1572",
      "geometry": {
        "type": "Point",
        "coordinates": [
          11.252948316195226,
          43.770170915470295
        ]
      },
      "properties": {
        "id": 1572,
        "tipologiaattivita": "CAV"
      }
    },
    {
      "type": "Feature",
      "id": "v_def_strutture_ricettive_od.1573",
      "geometry": {
        "type": "Point",
        "coordinates": [
          11.252948316195226,
          43.770170915470295
        ]
      },
      "properties": {
        "id": 1573,
        "tipologiaattivita": "ALBERGHI"
      }
    },
    {
      "type": "Feature",
      "id": "v_def_strutture_ricettive_od.1574",
      "geometry": {
        "type": "Point",
        "coordinates": [
          11.241141840513048,
          43.778969110191554
        ]
      },
      "properties": {
        "id": 1574,
        "tipologiaattivita": "AFFITTACAMERE"
      }
    },
    {
      "type": "Feature",
      "id": "v_def_strutture_ricettive_od.1575",
      "geometry": {
        "type": "Point",
        "coordinates": [
          11.244539617595702,
          43.78014681579844
        ]
      },
      "properties": {
        "id": 1575,
        "tipologiaattivita": "ALBERGHI"
      }
    },
    {
      "type": "Feature",
      "id": "v_def_strutture_ricettive_od.1576",
      "geometry": {
        "type": "Point",
        "coordinates": [
          11.252027421743222,
          43.77440721077437
        ]
      },
      "properties": {
        "id": 1576,
        "tipologiaattivita": "AFFITTACAMERE"
      }
    },
    {
      "type": "Feature",
      "id": "v_def_strutture_ricettive_od.1577",
      "geometry": {
        "type": "Point",
        "coordinates": [
          11.252027421743222,
          43.77440721077437
        ]
      },
      "properties": {
        "id": 1577,
        "tipologiaattivita": "BED AND BREAKFAST"
      }
    },
    {
      "type": "Feature",
      "id": "v_def_strutture_ricettive_od.1578",
      "geometry": {
        "type": "Point",
        "coordinates": [
          11.252027421743222,
          43.77440721077437
        ]
      },
      "properties": {
        "id": 1578,
        "tipologiaattivita": "ALBERGHI"
      }
    },
    {
      "type": "Feature",
      "id": "v_def_strutture_ricettive_od.1579",
      "geometry": {
        "type": "Point",
        "coordinates": [
          11.259082973310415,
          43.77335931481874
        ]
      },
      "properties": {
        "id": 1579,
        "tipologiaattivita": "AFFITTACAMERE"
      }
    },
    {
      "type": "Feature",
      "id": "v_def_strutture_ricettive_od.1580",
      "geometry": {
        "type": "Point",
        "coordinates": [
          11.259082973310415,
          43.77335931481874
        ]
      },
      "properties": {
        "id": 1580,
        "tipologiaattivita": "CAV"
      }
    },
    {
      "type": "Feature",
      "id": "v_def_strutture_ricettive_od.1581",
      "geometry": {
        "type": "Point",
        "coordinates": [
          11.259082973310415,
          43.77335931481874
        ]
      },
      "properties": {
        "id": 1581,
        "tipologiaattivita": "CAV"
      }
    },
    {
      "type": "Feature",
      "id": "v_def_strutture_ricettive_od.1582",
      "geometry": {
        "type": "Point",
        "coordinates": [
          11.23436387412399,
          43.74888135854585
        ]
      },
      "properties": {
        "id": 1582,
        "tipologiaattivita": "AFFITTACAMERE"
      }
    },
    {
      "type": "Feature",
      "id": "v_def_strutture_ricettive_od.1583",
      "geometry": {
        "type": "Point",
        "coordinates": [
          11.23436387412399,
          43.74888135854585
        ]
      },
      "properties": {
        "id": 1583,
        "tipologiaattivita": "AFFITTACAMERE"
      }
    },
    {
      "type": "Feature",
      "id": "v_def_strutture_ricettive_od.1584",
      "geometry": {
        "type": "Point",
        "coordinates": [
          11.252122437835855,
          43.77062750696427
        ]
      },
      "properties": {
        "id": 1584,
        "tipologiaattivita": "CAV"
      }
    },
    {
      "type": "Feature",
      "id": "v_def_strutture_ricettive_od.1585",
      "geometry": {
        "type": "Point",
        "coordinates": [
          11.234526296170866,
          43.77145415730751
        ]
      },
      "properties": {
        "id": 1585,
        "tipologiaattivita": "ALBERGHI"
      }
    },
    {
      "type": "Feature",
      "id": "v_def_strutture_ricettive_od.1586",
      "geometry": {
        "type": "Point",
        "coordinates": [
          11.253246760278552,
          43.7672026872101
        ]
      },
      "properties": {
        "id": 1586,
        "tipologiaattivita": "CAV"
      }
    },
    {
      "type": "Feature",
      "id": "v_def_strutture_ricettive_od.1587",
      "geometry": {
        "type": "Point",
        "coordinates": [
          11.253246760278552,
          43.7672026872101
        ]
      },
      "properties": {
        "id": 1587,
        "tipologiaattivita": "CAV"
      }
    },
    {
      "type": "Feature",
      "id": "v_def_strutture_ricettive_od.1588",
      "geometry": {
        "type": "Point",
        "coordinates": [
          11.253246760278552,
          43.7672026872101
        ]
      },
      "properties": {
        "id": 1588,
        "tipologiaattivita": "CAV"
      }
    },
    {
      "type": "Feature",
      "id": "v_def_strutture_ricettive_od.1589",
      "geometry": {
        "type": "Point",
        "coordinates": [
          11.253246760278552,
          43.7672026872101
        ]
      },
      "properties": {
        "id": 1589,
        "tipologiaattivita": "CAV"
      }
    },
    {
      "type": "Feature",
      "id": "v_def_strutture_ricettive_od.1590",
      "geometry": {
        "type": "Point",
        "coordinates": [
          11.253246760278552,
          43.7672026872101
        ]
      },
      "properties": {
        "id": 1590,
        "tipologiaattivita": "CAV"
      }
    },
    {
      "type": "Feature",
      "id": "v_def_strutture_ricettive_od.1591",
      "geometry": {
        "type": "Point",
        "coordinates": [
          11.253246760278552,
          43.7672026872101
        ]
      },
      "properties": {
        "id": 1591,
        "tipologiaattivita": "CAV"
      }
    },
    {
      "type": "Feature",
      "id": "v_def_strutture_ricettive_od.1592",
      "geometry": {
        "type": "Point",
        "coordinates": [
          11.253246760278552,
          43.7672026872101
        ]
      },
      "properties": {
        "id": 1592,
        "tipologiaattivita": "CAV"
      }
    },
    {
      "type": "Feature",
      "id": "v_def_strutture_ricettive_od.1593",
      "geometry": {
        "type": "Point",
        "coordinates": [
          11.252243647783969,
          43.77578142992608
        ]
      },
      "properties": {
        "id": 1593,
        "tipologiaattivita": "AFFITTACAMERE"
      }
    },
    {
      "type": "Feature",
      "id": "v_def_strutture_ricettive_od.1594",
      "geometry": {
        "type": "Point",
        "coordinates": [
          11.252243647783969,
          43.77578142992608
        ]
      },
      "properties": {
        "id": 1594,
        "tipologiaattivita": "AFFITTACAMERE"
      }
    },
    {
      "type": "Feature",
      "id": "v_def_strutture_ricettive_od.1595",
      "geometry": {
        "type": "Point",
        "coordinates": [
          11.252243647783969,
          43.77578142992608
        ]
      },
      "properties": {
        "id": 1595,
        "tipologiaattivita": "AFFITTACAMERE"
      }
    },
    {
      "type": "Feature",
      "id": "v_def_strutture_ricettive_od.1596",
      "geometry": {
        "type": "Point",
        "coordinates": [
          11.24424806078713,
          43.78034848891861
        ]
      },
      "properties": {
        "id": 1596,
        "tipologiaattivita": "CAV"
      }
    },
    {
      "type": "Feature",
      "id": "v_def_strutture_ricettive_od.1597",
      "geometry": {
        "type": "Point",
        "coordinates": [
          11.24424806078713,
          43.78034848891861
        ]
      },
      "properties": {
        "id": 1597,
        "tipologiaattivita": "BED AND BREAKFAST"
      }
    },
    {
      "type": "Feature",
      "id": "v_def_strutture_ricettive_od.1598",
      "geometry": {
        "type": "Point",
        "coordinates": [
          11.258709378767099,
          43.78127233967048
        ]
      },
      "properties": {
        "id": 1598,
        "tipologiaattivita": "ALBERGHI"
      }
    },
    {
      "type": "Feature",
      "id": "v_def_strutture_ricettive_od.1599",
      "geometry": {
        "type": "Point",
        "coordinates": [
          11.238508317158932,
          43.77962737738615
        ]
      },
      "properties": {
        "id": 1599,
        "tipologiaattivita": "CAV"
      }
    },
    {
      "type": "Feature",
      "id": "v_def_strutture_ricettive_od.1600",
      "geometry": {
        "type": "Point",
        "coordinates": [
          11.255994909100083,
          43.76605799542374
        ]
      },
      "properties": {
        "id": 1600,
        "tipologiaattivita": "CAV"
      }
    },
    {
      "type": "Feature",
      "id": "v_def_strutture_ricettive_od.1601",
      "geometry": {
        "type": "Point",
        "coordinates": [
          11.283477351260636,
          43.77451455577168
        ]
      },
      "properties": {
        "id": 1601,
        "tipologiaattivita": "AFFITTACAMERE"
      }
    },
    {
      "type": "Feature",
      "id": "v_def_strutture_ricettive_od.1602",
      "geometry": {
        "type": "Point",
        "coordinates": [
          11.255764874308973,
          43.77219506614162
        ]
      },
      "properties": {
        "id": 1602,
        "tipologiaattivita": "ALBERGHI"
      }
    },
    {
      "type": "Feature",
      "id": "v_def_strutture_ricettive_od.1603",
      "geometry": {
        "type": "Point",
        "coordinates": [
          11.255764874308973,
          43.77219506614162
        ]
      },
      "properties": {
        "id": 1603,
        "tipologiaattivita": "ALBERGHI"
      }
    },
    {
      "type": "Feature",
      "id": "v_def_strutture_ricettive_od.1604",
      "geometry": {
        "type": "Point",
        "coordinates": [
          11.261775747947,
          43.776796631092346
        ]
      },
      "properties": {
        "id": 1604,
        "tipologiaattivita": "AFFITTACAMERE"
      }
    },
    {
      "type": "Feature",
      "id": "v_def_strutture_ricettive_od.1605",
      "geometry": {
        "type": "Point",
        "coordinates": [
          11.256683856723775,
          43.781478251623525
        ]
      },
      "properties": {
        "id": 1605,
        "tipologiaattivita": "ALBERGHI"
      }
    },
    {
      "type": "Feature",
      "id": "v_def_strutture_ricettive_od.1606",
      "geometry": {
        "type": "Point",
        "coordinates": [
          11.247060459047036,
          43.787985160297055
        ]
      },
      "properties": {
        "id": 1606,
        "tipologiaattivita": "OSTELLO"
      }
    },
    {
      "type": "Feature",
      "id": "v_def_strutture_ricettive_od.1607",
      "geometry": {
        "type": "Point",
        "coordinates": [
          11.226201050039046,
          43.7763766404452
        ]
      },
      "properties": {
        "id": 1607,
        "tipologiaattivita": "RESIDENCE"
      }
    },
    {
      "type": "Feature",
      "id": "v_def_strutture_ricettive_od.1608",
      "geometry": {
        "type": "Point",
        "coordinates": [
          11.252236527525223,
          43.77859672860122
        ]
      },
      "properties": {
        "id": 1608,
        "tipologiaattivita": "CAV"
      }
    },
    {
      "type": "Feature",
      "id": "v_def_strutture_ricettive_od.1609",
      "geometry": {
        "type": "Point",
        "coordinates": [
          11.252236527525223,
          43.77859672860122
        ]
      },
      "properties": {
        "id": 1609,
        "tipologiaattivita": "BED AND BREAKFAST"
      }
    },
    {
      "type": "Feature",
      "id": "v_def_strutture_ricettive_od.1610",
      "geometry": {
        "type": "Point",
        "coordinates": [
          11.281092667150775,
          43.76169853091978
        ]
      },
      "properties": {
        "id": 1610,
        "tipologiaattivita": "CAV"
      }
    },
    {
      "type": "Feature",
      "id": "v_def_strutture_ricettive_od.1611",
      "geometry": {
        "type": "Point",
        "coordinates": [
          11.255974468762593,
          43.77821474362243
        ]
      },
      "properties": {
        "id": 1611,
        "tipologiaattivita": "AFFITTACAMERE"
      }
    },
    {
      "type": "Feature",
      "id": "v_def_strutture_ricettive_od.1612",
      "geometry": {
        "type": "Point",
        "coordinates": [
          11.255974468762593,
          43.77821474362243
        ]
      },
      "properties": {
        "id": 1612,
        "tipologiaattivita": "AFFITTACAMERE"
      }
    },
    {
      "type": "Feature",
      "id": "v_def_strutture_ricettive_od.1613",
      "geometry": {
        "type": "Point",
        "coordinates": [
          11.245011297613253,
          43.78804815145509
        ]
      },
      "properties": {
        "id": 1613,
        "tipologiaattivita": "AFFITTACAMERE"
      }
    },
    {
      "type": "Feature",
      "id": "v_def_strutture_ricettive_od.1614",
      "geometry": {
        "type": "Point",
        "coordinates": [
          11.25655464582351,
          43.77593878434107
        ]
      },
      "properties": {
        "id": 1614,
        "tipologiaattivita": "BED AND BREAKFAST"
      }
    },
    {
      "type": "Feature",
      "id": "v_def_strutture_ricettive_od.1615",
      "geometry": {
        "type": "Point",
        "coordinates": [
          11.248438165484703,
          43.76846518109586
        ]
      },
      "properties": {
        "id": 1615,
        "tipologiaattivita": "RESIDENZA D'EPOCA"
      }
    },
    {
      "type": "Feature",
      "id": "v_def_strutture_ricettive_od.1616",
      "geometry": {
        "type": "Point",
        "coordinates": [
          11.24307696447854,
          43.77983778903556
        ]
      },
      "properties": {
        "id": 1616,
        "tipologiaattivita": "AFFITTACAMERE"
      }
    },
    {
      "type": "Feature",
      "id": "v_def_strutture_ricettive_od.1617",
      "geometry": {
        "type": "Point",
        "coordinates": [
          11.245612279572756,
          43.765762315472834
        ]
      },
      "properties": {
        "id": 1617,
        "tipologiaattivita": "CAV"
      }
    },
    {
      "type": "Feature",
      "id": "v_def_strutture_ricettive_od.1618",
      "geometry": {
        "type": "Point",
        "coordinates": [
          11.248741863009457,
          43.76626588591425
        ]
      },
      "properties": {
        "id": 1618,
        "tipologiaattivita": "CAV"
      }
    },
    {
      "type": "Feature",
      "id": "v_def_strutture_ricettive_od.1619",
      "geometry": {
        "type": "Point",
        "coordinates": [
          11.257540616573126,
          43.7824750376129
        ]
      },
      "properties": {
        "id": 1619,
        "tipologiaattivita": "CAV"
      }
    },
    {
      "type": "Feature",
      "id": "v_def_strutture_ricettive_od.1620",
      "geometry": {
        "type": "Point",
        "coordinates": [
          11.251300801852482,
          43.79157560538083
        ]
      },
      "properties": {
        "id": 1620,
        "tipologiaattivita": "AFFITTACAMERE"
      }
    },
    {
      "type": "Feature",
      "id": "v_def_strutture_ricettive_od.1621",
      "geometry": {
        "type": "Point",
        "coordinates": [
          11.24230347568902,
          43.76826538492397
        ]
      },
      "properties": {
        "id": 1621,
        "tipologiaattivita": "AFFITTACAMERE"
      }
    },
    {
      "type": "Feature",
      "id": "v_def_strutture_ricettive_od.1622",
      "geometry": {
        "type": "Point",
        "coordinates": [
          11.23384953726233,
          43.78723634274836
        ]
      },
      "properties": {
        "id": 1622,
        "tipologiaattivita": "AFFITTACAMERE"
      }
    },
    {
      "type": "Feature",
      "id": "v_def_strutture_ricettive_od.1623",
      "geometry": {
        "type": "Point",
        "coordinates": [
          11.258129593911356,
          43.81221577792097
        ]
      },
      "properties": {
        "id": 1623,
        "tipologiaattivita": "ALBERGHI"
      }
    },
    {
      "type": "Feature",
      "id": "v_def_strutture_ricettive_od.1624",
      "geometry": {
        "type": "Point",
        "coordinates": [
          11.280298813889438,
          43.780614183259814
        ]
      },
      "properties": {
        "id": 1624,
        "tipologiaattivita": "AFFITTACAMERE"
      }
    },
    {
      "type": "Feature",
      "id": "v_def_strutture_ricettive_od.1625",
      "geometry": {
        "type": "Point",
        "coordinates": [
          11.282499993009548,
          43.81254572265812
        ]
      },
      "properties": {
        "id": 1625,
        "tipologiaattivita": "RESIDENCE"
      }
    },
    {
      "type": "Feature",
      "id": "v_def_strutture_ricettive_od.1626",
      "geometry": {
        "type": "Point",
        "coordinates": [
          11.26030443610458,
          43.77673193153512
        ]
      },
      "properties": {
        "id": 1626,
        "tipologiaattivita": "RESIDENZA D'EPOCA"
      }
    },
    {
      "type": "Feature",
      "id": "v_def_strutture_ricettive_od.1627",
      "geometry": {
        "type": "Point",
        "coordinates": [
          11.26030443610458,
          43.77673193153512
        ]
      },
      "properties": {
        "id": 1627,
        "tipologiaattivita": "BED AND BREAKFAST"
      }
    },
    {
      "type": "Feature",
      "id": "v_def_strutture_ricettive_od.1628",
      "geometry": {
        "type": "Point",
        "coordinates": [
          11.284052192862273,
          43.774605388858966
        ]
      },
      "properties": {
        "id": 1628,
        "tipologiaattivita": "BED AND BREAKFAST"
      }
    },
    {
      "type": "Feature",
      "id": "v_def_strutture_ricettive_od.1629",
      "geometry": {
        "type": "Point",
        "coordinates": [
          11.21638854871016,
          43.796595832435806
        ]
      },
      "properties": {
        "id": 1629,
        "tipologiaattivita": "CAV"
      }
    },
    {
      "type": "Feature",
      "id": "v_def_strutture_ricettive_od.1630",
      "geometry": {
        "type": "Point",
        "coordinates": [
          11.274953935275265,
          43.76910314102791
        ]
      },
      "properties": {
        "id": 1630,
        "tipologiaattivita": "ALBERGHI"
      }
    },
    {
      "type": "Feature",
      "id": "v_def_strutture_ricettive_od.1631",
      "geometry": {
        "type": "Point",
        "coordinates": [
          11.257817147262122,
          43.782047272570615
        ]
      },
      "properties": {
        "id": 1631,
        "tipologiaattivita": "ALBERGHI"
      }
    },
    {
      "type": "Feature",
      "id": "v_def_strutture_ricettive_od.1632",
      "geometry": {
        "type": "Point",
        "coordinates": [
          11.255360518162266,
          43.79082921020527
        ]
      },
      "properties": {
        "id": 1632,
        "tipologiaattivita": "BED AND BREAKFAST"
      }
    },
    {
      "type": "Feature",
      "id": "v_def_strutture_ricettive_od.1633",
      "geometry": {
        "type": "Point",
        "coordinates": [
          11.255248651738583,
          43.77132372967573
        ]
      },
      "properties": {
        "id": 1633,
        "tipologiaattivita": "CAV"
      }
    },
    {
      "type": "Feature",
      "id": "v_def_strutture_ricettive_od.1634",
      "geometry": {
        "type": "Point",
        "coordinates": [
          11.245528914445714,
          43.79852717417625
        ]
      },
      "properties": {
        "id": 1634,
        "tipologiaattivita": "AFFITTACAMERE"
      }
    },
    {
      "type": "Feature",
      "id": "v_def_strutture_ricettive_od.1635",
      "geometry": {
        "type": "Point",
        "coordinates": [
          11.245528914445714,
          43.79852717417625
        ]
      },
      "properties": {
        "id": 1635,
        "tipologiaattivita": "AFFITTACAMERE"
      }
    },
    {
      "type": "Feature",
      "id": "v_def_strutture_ricettive_od.1636",
      "geometry": {
        "type": "Point",
        "coordinates": [
          11.245528914445714,
          43.79852717417625
        ]
      },
      "properties": {
        "id": 1636,
        "tipologiaattivita": "AFFITTACAMERE"
      }
    },
    {
      "type": "Feature",
      "id": "v_def_strutture_ricettive_od.1637",
      "geometry": {
        "type": "Point",
        "coordinates": [
          11.272760877148189,
          43.76767859074016
        ]
      },
      "properties": {
        "id": 1637,
        "tipologiaattivita": "AFFITTACAMERE"
      }
    },
    {
      "type": "Feature",
      "id": "v_def_strutture_ricettive_od.1638",
      "geometry": {
        "type": "Point",
        "coordinates": [
          11.237193076475673,
          43.744121868364466
        ]
      },
      "properties": {
        "id": 1638,
        "tipologiaattivita": "AGRITURISMO"
      }
    },
    {
      "type": "Feature",
      "id": "v_def_strutture_ricettive_od.1639",
      "geometry": {
        "type": "Point",
        "coordinates": [
          11.250777503624763,
          43.769777549870795
        ]
      },
      "properties": {
        "id": 1639,
        "tipologiaattivita": "RESIDENZA D'EPOCA"
      }
    },
    {
      "type": "Feature",
      "id": "v_def_strutture_ricettive_od.1640",
      "geometry": {
        "type": "Point",
        "coordinates": [
          11.250777503624763,
          43.769777549870795
        ]
      },
      "properties": {
        "id": 1640,
        "tipologiaattivita": "RESIDENZA D'EPOCA"
      }
    },
    {
      "type": "Feature",
      "id": "v_def_strutture_ricettive_od.1641",
      "geometry": {
        "type": "Point",
        "coordinates": [
          11.250777503624763,
          43.769777549870795
        ]
      },
      "properties": {
        "id": 1641,
        "tipologiaattivita": "RESIDENZA D'EPOCA"
      }
    },
    {
      "type": "Feature",
      "id": "v_def_strutture_ricettive_od.1642",
      "geometry": {
        "type": "Point",
        "coordinates": [
          11.250777503624763,
          43.769777549870795
        ]
      },
      "properties": {
        "id": 1642,
        "tipologiaattivita": "RESIDENZA D'EPOCA"
      }
    },
    {
      "type": "Feature",
      "id": "v_def_strutture_ricettive_od.1643",
      "geometry": {
        "type": "Point",
        "coordinates": [
          11.250777503624763,
          43.769777549870795
        ]
      },
      "properties": {
        "id": 1643,
        "tipologiaattivita": "RESIDENZA D'EPOCA"
      }
    },
    {
      "type": "Feature",
      "id": "v_def_strutture_ricettive_od.1644",
      "geometry": {
        "type": "Point",
        "coordinates": [
          11.250777503624763,
          43.769777549870795
        ]
      },
      "properties": {
        "id": 1644,
        "tipologiaattivita": "CAV"
      }
    },
    {
      "type": "Feature",
      "id": "v_def_strutture_ricettive_od.1645",
      "geometry": {
        "type": "Point",
        "coordinates": [
          11.220807178945064,
          43.797322333802214
        ]
      },
      "properties": {
        "id": 1645,
        "tipologiaattivita": "ALBERGHI"
      }
    },
    {
      "type": "Feature",
      "id": "v_def_strutture_ricettive_od.1646",
      "geometry": {
        "type": "Point",
        "coordinates": [
          11.260620549926495,
          43.76725476477775
        ]
      },
      "properties": {
        "id": 1646,
        "tipologiaattivita": "CAV"
      }
    },
    {
      "type": "Feature",
      "id": "v_def_strutture_ricettive_od.1647",
      "geometry": {
        "type": "Point",
        "coordinates": [
          11.240193552066314,
          43.798647471891854
        ]
      },
      "properties": {
        "id": 1647,
        "tipologiaattivita": "AFFITTACAMERE"
      }
    },
    {
      "type": "Feature",
      "id": "v_def_strutture_ricettive_od.1648",
      "geometry": {
        "type": "Point",
        "coordinates": [
          11.246187557694222,
          43.769174892940256
        ]
      },
      "properties": {
        "id": 1648,
        "tipologiaattivita": "RESIDENZA D'EPOCA"
      }
    },
    {
      "type": "Feature",
      "id": "v_def_strutture_ricettive_od.1649",
      "geometry": {
        "type": "Point",
        "coordinates": [
          11.259249537843,
          43.77325922459154
        ]
      },
      "properties": {
        "id": 1649,
        "tipologiaattivita": "RESIDENZA D'EPOCA"
      }
    },
    {
      "type": "Feature",
      "id": "v_def_strutture_ricettive_od.1650",
      "geometry": {
        "type": "Point",
        "coordinates": [
          11.259249537843,
          43.77325922459154
        ]
      },
      "properties": {
        "id": 1650,
        "tipologiaattivita": "RESIDENZA D'EPOCA"
      }
    },
    {
      "type": "Feature",
      "id": "v_def_strutture_ricettive_od.1651",
      "geometry": {
        "type": "Point",
        "coordinates": [
          11.259249537843,
          43.77325922459154
        ]
      },
      "properties": {
        "id": 1651,
        "tipologiaattivita": "BED AND BREAKFAST"
      }
    },
    {
      "type": "Feature",
      "id": "v_def_strutture_ricettive_od.1652",
      "geometry": {
        "type": "Point",
        "coordinates": [
          11.26252496230964,
          43.786940554818884
        ]
      },
      "properties": {
        "id": 1652,
        "tipologiaattivita": "BED AND BREAKFAST"
      }
    },
    {
      "type": "Feature",
      "id": "v_def_strutture_ricettive_od.1653",
      "geometry": {
        "type": "Point",
        "coordinates": [
          11.255240476474473,
          43.7710879543144
        ]
      },
      "properties": {
        "id": 1653,
        "tipologiaattivita": "CAV"
      }
    },
    {
      "type": "Feature",
      "id": "v_def_strutture_ricettive_od.1654",
      "geometry": {
        "type": "Point",
        "coordinates": [
          11.255240476474473,
          43.7710879543144
        ]
      },
      "properties": {
        "id": 1654,
        "tipologiaattivita": "BED AND BREAKFAST"
      }
    },
    {
      "type": "Feature",
      "id": "v_def_strutture_ricettive_od.1655",
      "geometry": {
        "type": "Point",
        "coordinates": [
          11.255240476474473,
          43.7710879543144
        ]
      },
      "properties": {
        "id": 1655,
        "tipologiaattivita": "BED AND BREAKFAST"
      }
    },
    {
      "type": "Feature",
      "id": "v_def_strutture_ricettive_od.1656",
      "geometry": {
        "type": "Point",
        "coordinates": [
          11.2539379710316,
          43.775896833267566
        ]
      },
      "properties": {
        "id": 1656,
        "tipologiaattivita": "CAV"
      }
    },
    {
      "type": "Feature",
      "id": "v_def_strutture_ricettive_od.1657",
      "geometry": {
        "type": "Point",
        "coordinates": [
          11.250413647737478,
          43.766932966132025
        ]
      },
      "properties": {
        "id": 1657,
        "tipologiaattivita": "AFFITTACAMERE"
      }
    },
    {
      "type": "Feature",
      "id": "v_def_strutture_ricettive_od.1658",
      "geometry": {
        "type": "Point",
        "coordinates": [
          11.270220220647465,
          43.76368073909014
        ]
      },
      "properties": {
        "id": 1658,
        "tipologiaattivita": "CAV"
      }
    },
    {
      "type": "Feature",
      "id": "v_def_strutture_ricettive_od.1659",
      "geometry": {
        "type": "Point",
        "coordinates": [
          11.254019517746569,
          43.77269320427701
        ]
      },
      "properties": {
        "id": 1659,
        "tipologiaattivita": "AFFITTACAMERE"
      }
    },
    {
      "type": "Feature",
      "id": "v_def_strutture_ricettive_od.1660",
      "geometry": {
        "type": "Point",
        "coordinates": [
          11.251717982397887,
          43.786786654319855
        ]
      },
      "properties": {
        "id": 1660,
        "tipologiaattivita": "AFFITTACAMERE"
      }
    },
    {
      "type": "Feature",
      "id": "v_def_strutture_ricettive_od.1661",
      "geometry": {
        "type": "Point",
        "coordinates": [
          11.254773026678457,
          43.7783147207707
        ]
      },
      "properties": {
        "id": 1661,
        "tipologiaattivita": "BED AND BREAKFAST"
      }
    },
    {
      "type": "Feature",
      "id": "v_def_strutture_ricettive_od.1662",
      "geometry": {
        "type": "Point",
        "coordinates": [
          11.252444871648635,
          43.78029609945548
        ]
      },
      "properties": {
        "id": 1662,
        "tipologiaattivita": "ALBERGHI"
      }
    },
    {
      "type": "Feature",
      "id": "v_def_strutture_ricettive_od.1663",
      "geometry": {
        "type": "Point",
        "coordinates": [
          11.255112044727698,
          43.7702347544552
        ]
      },
      "properties": {
        "id": 1663,
        "tipologiaattivita": "CAV"
      }
    },
    {
      "type": "Feature",
      "id": "v_def_strutture_ricettive_od.1664",
      "geometry": {
        "type": "Point",
        "coordinates": [
          11.2612534416322,
          43.76761930014145
        ]
      },
      "properties": {
        "id": 1664,
        "tipologiaattivita": "CAV"
      }
    },
    {
      "type": "Feature",
      "id": "v_def_strutture_ricettive_od.1665",
      "geometry": {
        "type": "Point",
        "coordinates": [
          11.26326354425693,
          43.764522895941106
        ]
      },
      "properties": {
        "id": 1665,
        "tipologiaattivita": "AFFITTACAMERE"
      }
    },
    {
      "type": "Feature",
      "id": "v_def_strutture_ricettive_od.1666",
      "geometry": {
        "type": "Point",
        "coordinates": [
          11.259780046905489,
          43.775822141871785
        ]
      },
      "properties": {
        "id": 1666,
        "tipologiaattivita": "AFFITTACAMERE"
      }
    },
    {
      "type": "Feature",
      "id": "v_def_strutture_ricettive_od.1667",
      "geometry": {
        "type": "Point",
        "coordinates": [
          11.259921564313878,
          43.7758151742493
        ]
      },
      "properties": {
        "id": 1667,
        "tipologiaattivita": "RESIDENCE"
      }
    },
    {
      "type": "Feature",
      "id": "v_def_strutture_ricettive_od.1668",
      "geometry": {
        "type": "Point",
        "coordinates": [
          11.236772231752985,
          43.77543022357402
        ]
      },
      "properties": {
        "id": 1668,
        "tipologiaattivita": "ALBERGHI"
      }
    },
    {
      "type": "Feature",
      "id": "v_def_strutture_ricettive_od.1669",
      "geometry": {
        "type": "Point",
        "coordinates": [
          11.253238163007536,
          43.76992234807468
        ]
      },
      "properties": {
        "id": 1669,
        "tipologiaattivita": "CAV"
      }
    },
    {
      "type": "Feature",
      "id": "v_def_strutture_ricettive_od.1670",
      "geometry": {
        "type": "Point",
        "coordinates": [
          11.253238163007536,
          43.76992234807468
        ]
      },
      "properties": {
        "id": 1670,
        "tipologiaattivita": "CAV"
      }
    },
    {
      "type": "Feature",
      "id": "v_def_strutture_ricettive_od.1671",
      "geometry": {
        "type": "Point",
        "coordinates": [
          11.26206812733308,
          43.77066519508931
        ]
      },
      "properties": {
        "id": 1671,
        "tipologiaattivita": "AFFITTACAMERE"
      }
    },
    {
      "type": "Feature",
      "id": "v_def_strutture_ricettive_od.1672",
      "geometry": {
        "type": "Point",
        "coordinates": [
          11.283396452387988,
          43.758734308677276
        ]
      },
      "properties": {
        "id": 1672,
        "tipologiaattivita": "CASE PER FERIE"
      }
    },
    {
      "type": "Feature",
      "id": "v_def_strutture_ricettive_od.1673",
      "geometry": {
        "type": "Point",
        "coordinates": [
          11.264172536258934,
          43.770204593392
        ]
      },
      "properties": {
        "id": 1673,
        "tipologiaattivita": "CAV"
      }
    },
    {
      "type": "Feature",
      "id": "v_def_strutture_ricettive_od.1674",
      "geometry": {
        "type": "Point",
        "coordinates": [
          11.264172536258934,
          43.770204593392
        ]
      },
      "properties": {
        "id": 1674,
        "tipologiaattivita": "CAV"
      }
    },
    {
      "type": "Feature",
      "id": "v_def_strutture_ricettive_od.1675",
      "geometry": {
        "type": "Point",
        "coordinates": [
          11.280850499749805,
          43.76251842789289
        ]
      },
      "properties": {
        "id": 1675,
        "tipologiaattivita": "CAV"
      }
    },
    {
      "type": "Feature",
      "id": "v_def_strutture_ricettive_od.1676",
      "geometry": {
        "type": "Point",
        "coordinates": [
          11.25970172461585,
          43.769086542249426
        ]
      },
      "properties": {
        "id": 1676,
        "tipologiaattivita": "CAV"
      }
    },
    {
      "type": "Feature",
      "id": "v_def_strutture_ricettive_od.1677",
      "geometry": {
        "type": "Point",
        "coordinates": [
          11.256717659687782,
          43.78143819240047
        ]
      },
      "properties": {
        "id": 1677,
        "tipologiaattivita": "CAV"
      }
    },
    {
      "type": "Feature",
      "id": "v_def_strutture_ricettive_od.1678",
      "geometry": {
        "type": "Point",
        "coordinates": [
          11.24853271455636,
          43.7661446310908
        ]
      },
      "properties": {
        "id": 1678,
        "tipologiaattivita": "BED AND BREAKFAST"
      }
    },
    {
      "type": "Feature",
      "id": "v_def_strutture_ricettive_od.1679",
      "geometry": {
        "type": "Point",
        "coordinates": [
          11.258837599944032,
          43.76915491298266
        ]
      },
      "properties": {
        "id": 1679,
        "tipologiaattivita": "CAV"
      }
    },
    {
      "type": "Feature",
      "id": "v_def_strutture_ricettive_od.1680",
      "geometry": {
        "type": "Point",
        "coordinates": [
          11.262000868657518,
          43.77200595201496
        ]
      },
      "properties": {
        "id": 1680,
        "tipologiaattivita": "CAV"
      }
    },
    {
      "type": "Feature",
      "id": "v_def_strutture_ricettive_od.1681",
      "geometry": {
        "type": "Point",
        "coordinates": [
          11.260352848073401,
          43.769565219284864
        ]
      },
      "properties": {
        "id": 1681,
        "tipologiaattivita": "CAV"
      }
    },
    {
      "type": "Feature",
      "id": "v_def_strutture_ricettive_od.1682",
      "geometry": {
        "type": "Point",
        "coordinates": [
          11.246554668368486,
          43.76532518468927
        ]
      },
      "properties": {
        "id": 1682,
        "tipologiaattivita": "CAV"
      }
    },
    {
      "type": "Feature",
      "id": "v_def_strutture_ricettive_od.1683",
      "geometry": {
        "type": "Point",
        "coordinates": [
          11.246318244450745,
          43.76855773747457
        ]
      },
      "properties": {
        "id": 1683,
        "tipologiaattivita": "RESIDENZA D'EPOCA"
      }
    },
    {
      "type": "Feature",
      "id": "v_def_strutture_ricettive_od.1684",
      "geometry": {
        "type": "Point",
        "coordinates": [
          11.242162011608363,
          43.77496368241458
        ]
      },
      "properties": {
        "id": 1684,
        "tipologiaattivita": "AFFITTACAMERE"
      }
    },
    {
      "type": "Feature",
      "id": "v_def_strutture_ricettive_od.1685",
      "geometry": {
        "type": "Point",
        "coordinates": [
          11.280334892891522,
          43.7829167410362
        ]
      },
      "properties": {
        "id": 1685,
        "tipologiaattivita": "AFFITTACAMERE"
      }
    },
    {
      "type": "Feature",
      "id": "v_def_strutture_ricettive_od.1686",
      "geometry": {
        "type": "Point",
        "coordinates": [
          11.239889623923691,
          43.78014456404519
        ]
      },
      "properties": {
        "id": 1686,
        "tipologiaattivita": "CAV"
      }
    },
    {
      "type": "Feature",
      "id": "v_def_strutture_ricettive_od.1687",
      "geometry": {
        "type": "Point",
        "coordinates": [
          11.236928318812993,
          43.780727088363335
        ]
      },
      "properties": {
        "id": 1687,
        "tipologiaattivita": "ALBERGHI"
      }
    },
    {
      "type": "Feature",
      "id": "v_def_strutture_ricettive_od.1688",
      "geometry": {
        "type": "Point",
        "coordinates": [
          11.260516652800503,
          43.767378381392184
        ]
      },
      "properties": {
        "id": 1688,
        "tipologiaattivita": "AFFITTACAMERE"
      }
    },
    {
      "type": "Feature",
      "id": "v_def_strutture_ricettive_od.1689",
      "geometry": {
        "type": "Point",
        "coordinates": [
          11.260516652800503,
          43.767378381392184
        ]
      },
      "properties": {
        "id": 1689,
        "tipologiaattivita": "CAV"
      }
    },
    {
      "type": "Feature",
      "id": "v_def_strutture_ricettive_od.1690",
      "geometry": {
        "type": "Point",
        "coordinates": [
          11.260516652800503,
          43.767378381392184
        ]
      },
      "properties": {
        "id": 1690,
        "tipologiaattivita": "CAV"
      }
    },
    {
      "type": "Feature",
      "id": "v_def_strutture_ricettive_od.1691",
      "geometry": {
        "type": "Point",
        "coordinates": [
          11.21137163224768,
          43.766777509895064
        ]
      },
      "properties": {
        "id": 1691,
        "tipologiaattivita": "AFFITTACAMERE"
      }
    },
    {
      "type": "Feature",
      "id": "v_def_strutture_ricettive_od.1692",
      "geometry": {
        "type": "Point",
        "coordinates": [
          11.255780821611603,
          43.7814092309064
        ]
      },
      "properties": {
        "id": 1692,
        "tipologiaattivita": "CASE PER FERIE"
      }
    },
    {
      "type": "Feature",
      "id": "v_def_strutture_ricettive_od.1693",
      "geometry": {
        "type": "Point",
        "coordinates": [
          11.236877469818024,
          43.78189727211336
        ]
      },
      "properties": {
        "id": 1693,
        "tipologiaattivita": "BED AND BREAKFAST"
      }
    },
    {
      "type": "Feature",
      "id": "v_def_strutture_ricettive_od.1694",
      "geometry": {
        "type": "Point",
        "coordinates": [
          11.264508846950065,
          43.78447484825752
        ]
      },
      "properties": {
        "id": 1694,
        "tipologiaattivita": "BED AND BREAKFAST"
      }
    },
    {
      "type": "Feature",
      "id": "v_def_strutture_ricettive_od.1695",
      "geometry": {
        "type": "Point",
        "coordinates": [
          11.25858257589715,
          43.77692049472128
        ]
      },
      "properties": {
        "id": 1695,
        "tipologiaattivita": "RESIDENZA D'EPOCA"
      }
    },
    {
      "type": "Feature",
      "id": "v_def_strutture_ricettive_od.1696",
      "geometry": {
        "type": "Point",
        "coordinates": [
          11.25322882885354,
          43.781744162325616
        ]
      },
      "properties": {
        "id": 1696,
        "tipologiaattivita": "ALBERGHI"
      }
    },
    {
      "type": "Feature",
      "id": "v_def_strutture_ricettive_od.1697",
      "geometry": {
        "type": "Point",
        "coordinates": [
          11.231953820229448,
          43.7849196322258
        ]
      },
      "properties": {
        "id": 1697,
        "tipologiaattivita": "AFFITTACAMERE"
      }
    },
    {
      "type": "Feature",
      "id": "v_def_strutture_ricettive_od.1698",
      "geometry": {
        "type": "Point",
        "coordinates": [
          11.231953820229448,
          43.7849196322258
        ]
      },
      "properties": {
        "id": 1698,
        "tipologiaattivita": "AFFITTACAMERE"
      }
    },
    {
      "type": "Feature",
      "id": "v_def_strutture_ricettive_od.1699",
      "geometry": {
        "type": "Point",
        "coordinates": [
          11.231953820229448,
          43.7849196322258
        ]
      },
      "properties": {
        "id": 1699,
        "tipologiaattivita": "AFFITTACAMERE"
      }
    },
    {
      "type": "Feature",
      "id": "v_def_strutture_ricettive_od.1700",
      "geometry": {
        "type": "Point",
        "coordinates": [
          11.267404044035795,
          43.76639294486536
        ]
      },
      "properties": {
        "id": 1700,
        "tipologiaattivita": "ALBERGHI"
      }
    },
    {
      "type": "Feature",
      "id": "v_def_strutture_ricettive_od.1701",
      "geometry": {
        "type": "Point",
        "coordinates": [
          11.256879732840833,
          43.77190941464144
        ]
      },
      "properties": {
        "id": 1701,
        "tipologiaattivita": "CAV"
      }
    },
    {
      "type": "Feature",
      "id": "v_def_strutture_ricettive_od.1702",
      "geometry": {
        "type": "Point",
        "coordinates": [
          11.256879732840833,
          43.77190941464144
        ]
      },
      "properties": {
        "id": 1702,
        "tipologiaattivita": "CAV"
      }
    },
    {
      "type": "Feature",
      "id": "v_def_strutture_ricettive_od.1703",
      "geometry": {
        "type": "Point",
        "coordinates": [
          11.256879732840833,
          43.77190941464144
        ]
      },
      "properties": {
        "id": 1703,
        "tipologiaattivita": "CAV"
      }
    },
    {
      "type": "Feature",
      "id": "v_def_strutture_ricettive_od.1704",
      "geometry": {
        "type": "Point",
        "coordinates": [
          11.256879732840833,
          43.77190941464144
        ]
      },
      "properties": {
        "id": 1704,
        "tipologiaattivita": "CAV"
      }
    },
    {
      "type": "Feature",
      "id": "v_def_strutture_ricettive_od.1705",
      "geometry": {
        "type": "Point",
        "coordinates": [
          11.30226780301694,
          43.78096904252897
        ]
      },
      "properties": {
        "id": 1705,
        "tipologiaattivita": "CASE PER FERIE"
      }
    },
    {
      "type": "Feature",
      "id": "v_def_strutture_ricettive_od.1706",
      "geometry": {
        "type": "Point",
        "coordinates": [
          11.262102797424436,
          43.781463481849904
        ]
      },
      "properties": {
        "id": 1706,
        "tipologiaattivita": "BED AND BREAKFAST"
      }
    },
    {
      "type": "Feature",
      "id": "v_def_strutture_ricettive_od.1707",
      "geometry": {
        "type": "Point",
        "coordinates": [
          11.262102797424436,
          43.781463481849904
        ]
      },
      "properties": {
        "id": 1707,
        "tipologiaattivita": "BED AND BREAKFAST"
      }
    },
    {
      "type": "Feature",
      "id": "v_def_strutture_ricettive_od.1708",
      "geometry": {
        "type": "Point",
        "coordinates": [
          11.244285594463427,
          43.77807735962953
        ]
      },
      "properties": {
        "id": 1708,
        "tipologiaattivita": "ALBERGHI"
      }
    },
    {
      "type": "Feature",
      "id": "v_def_strutture_ricettive_od.1709",
      "geometry": {
        "type": "Point",
        "coordinates": [
          11.253101778913337,
          43.775236147888066
        ]
      },
      "properties": {
        "id": 1709,
        "tipologiaattivita": "BED AND BREAKFAST"
      }
    },
    {
      "type": "Feature",
      "id": "v_def_strutture_ricettive_od.1710",
      "geometry": {
        "type": "Point",
        "coordinates": [
          11.258922134701317,
          43.77736481337036
        ]
      },
      "properties": {
        "id": 1710,
        "tipologiaattivita": "CAV"
      }
    },
    {
      "type": "Feature",
      "id": "v_def_strutture_ricettive_od.1711",
      "geometry": {
        "type": "Point",
        "coordinates": [
          11.243531329276315,
          43.77385807290806
        ]
      },
      "properties": {
        "id": 1711,
        "tipologiaattivita": "CAV"
      }
    },
    {
      "type": "Feature",
      "id": "v_def_strutture_ricettive_od.1712",
      "geometry": {
        "type": "Point",
        "coordinates": [
          11.256610298285844,
          43.768697116852245
        ]
      },
      "properties": {
        "id": 1712,
        "tipologiaattivita": "CAV"
      }
    },
    {
      "type": "Feature",
      "id": "v_def_strutture_ricettive_od.1713",
      "geometry": {
        "type": "Point",
        "coordinates": [
          11.27880970285849,
          43.77371980601236
        ]
      },
      "properties": {
        "id": 1713,
        "tipologiaattivita": "CAV"
      }
    },
    {
      "type": "Feature",
      "id": "v_def_strutture_ricettive_od.1714",
      "geometry": {
        "type": "Point",
        "coordinates": [
          11.26003843639515,
          43.78157057485389
        ]
      },
      "properties": {
        "id": 1714,
        "tipologiaattivita": "AFFITTACAMERE"
      }
    },
    {
      "type": "Feature",
      "id": "v_def_strutture_ricettive_od.1715",
      "geometry": {
        "type": "Point",
        "coordinates": [
          11.259569443624791,
          43.7681499823714
        ]
      },
      "properties": {
        "id": 1715,
        "tipologiaattivita": "AFFITTACAMERE"
      }
    },
    {
      "type": "Feature",
      "id": "v_def_strutture_ricettive_od.1716",
      "geometry": {
        "type": "Point",
        "coordinates": [
          11.259569443624791,
          43.7681499823714
        ]
      },
      "properties": {
        "id": 1716,
        "tipologiaattivita": "CAV"
      }
    },
    {
      "type": "Feature",
      "id": "v_def_strutture_ricettive_od.1717",
      "geometry": {
        "type": "Point",
        "coordinates": [
          11.259870806090532,
          43.78460588406017
        ]
      },
      "properties": {
        "id": 1717,
        "tipologiaattivita": "BED AND BREAKFAST"
      }
    },
    {
      "type": "Feature",
      "id": "v_def_strutture_ricettive_od.1718",
      "geometry": {
        "type": "Point",
        "coordinates": [
          11.287917371190115,
          43.776261336401475
        ]
      },
      "properties": {
        "id": 1718,
        "tipologiaattivita": "AFFITTACAMERE"
      }
    },
    {
      "type": "Feature",
      "id": "v_def_strutture_ricettive_od.1719",
      "geometry": {
        "type": "Point",
        "coordinates": [
          11.260154206082689,
          43.77013443446915
        ]
      },
      "properties": {
        "id": 1719,
        "tipologiaattivita": "CAV"
      }
    },
    {
      "type": "Feature",
      "id": "v_def_strutture_ricettive_od.1720",
      "geometry": {
        "type": "Point",
        "coordinates": [
          11.239355354372483,
          43.77469781382952
        ]
      },
      "properties": {
        "id": 1720,
        "tipologiaattivita": "CAV"
      }
    },
    {
      "type": "Feature",
      "id": "v_def_strutture_ricettive_od.1721",
      "geometry": {
        "type": "Point",
        "coordinates": [
          11.271748848199096,
          43.77838029339962
        ]
      },
      "properties": {
        "id": 1721,
        "tipologiaattivita": "CAV"
      }
    },
    {
      "type": "Feature",
      "id": "v_def_strutture_ricettive_od.1722",
      "geometry": {
        "type": "Point",
        "coordinates": [
          11.271748848199096,
          43.77838029339962
        ]
      },
      "properties": {
        "id": 1722,
        "tipologiaattivita": "CAV"
      }
    },
    {
      "type": "Feature",
      "id": "v_def_strutture_ricettive_od.1723",
      "geometry": {
        "type": "Point",
        "coordinates": [
          11.277728453626498,
          43.77820436753473
        ]
      },
      "properties": {
        "id": 1723,
        "tipologiaattivita": "BED AND BREAKFAST"
      }
    },
    {
      "type": "Feature",
      "id": "v_def_strutture_ricettive_od.1724",
      "geometry": {
        "type": "Point",
        "coordinates": [
          11.254853982944018,
          43.772058893549584
        ]
      },
      "properties": {
        "id": 1724,
        "tipologiaattivita": "ALBERGHI"
      }
    },
    {
      "type": "Feature",
      "id": "v_def_strutture_ricettive_od.1725",
      "geometry": {
        "type": "Point",
        "coordinates": [
          11.26822601930184,
          43.77602636584067
        ]
      },
      "properties": {
        "id": 1725,
        "tipologiaattivita": "ALBERGHI"
      }
    },
    {
      "type": "Feature",
      "id": "v_def_strutture_ricettive_od.1726",
      "geometry": {
        "type": "Point",
        "coordinates": [
          11.26055087638503,
          43.76484119038557
        ]
      },
      "properties": {
        "id": 1726,
        "tipologiaattivita": "ALBERGHI"
      }
    },
    {
      "type": "Feature",
      "id": "v_def_strutture_ricettive_od.1727",
      "geometry": {
        "type": "Point",
        "coordinates": [
          11.261337683983845,
          43.781721621967826
        ]
      },
      "properties": {
        "id": 1727,
        "tipologiaattivita": "AFFITTACAMERE"
      }
    },
    {
      "type": "Feature",
      "id": "v_def_strutture_ricettive_od.1728",
      "geometry": {
        "type": "Point",
        "coordinates": [
          11.261337683983845,
          43.781721621967826
        ]
      },
      "properties": {
        "id": 1728,
        "tipologiaattivita": "AFFITTACAMERE"
      }
    },
    {
      "type": "Feature",
      "id": "v_def_strutture_ricettive_od.1729",
      "geometry": {
        "type": "Point",
        "coordinates": [
          11.2397441632748,
          43.769209815531134
        ]
      },
      "properties": {
        "id": 1729,
        "tipologiaattivita": "ALBERGHI"
      }
    },
    {
      "type": "Feature",
      "id": "v_def_strutture_ricettive_od.1730",
      "geometry": {
        "type": "Point",
        "coordinates": [
          11.25764694694843,
          43.775547284425265
        ]
      },
      "properties": {
        "id": 1730,
        "tipologiaattivita": "CAV"
      }
    },
    {
      "type": "Feature",
      "id": "v_def_strutture_ricettive_od.1731",
      "geometry": {
        "type": "Point",
        "coordinates": [
          11.252228720281627,
          43.77723728855622
        ]
      },
      "properties": {
        "id": 1731,
        "tipologiaattivita": "ALBERGHI"
      }
    },
    {
      "type": "Feature",
      "id": "v_def_strutture_ricettive_od.1732",
      "geometry": {
        "type": "Point",
        "coordinates": [
          11.261654366547052,
          43.764263374918585
        ]
      },
      "properties": {
        "id": 1732,
        "tipologiaattivita": "CAV"
      }
    },
    {
      "type": "Feature",
      "id": "v_def_strutture_ricettive_od.1733",
      "geometry": {
        "type": "Point",
        "coordinates": [
          11.248100526804755,
          43.77115904716672
        ]
      },
      "properties": {
        "id": 1733,
        "tipologiaattivita": "CAV"
      }
    },
    {
      "type": "Feature",
      "id": "v_def_strutture_ricettive_od.1734",
      "geometry": {
        "type": "Point",
        "coordinates": [
          11.252023833383763,
          43.77375517378735
        ]
      },
      "properties": {
        "id": 1734,
        "tipologiaattivita": "CAV"
      }
    },
    {
      "type": "Feature",
      "id": "v_def_strutture_ricettive_od.1735",
      "geometry": {
        "type": "Point",
        "coordinates": [
          11.242290728845441,
          43.78292074687957
        ]
      },
      "properties": {
        "id": 1735,
        "tipologiaattivita": "AFFITTACAMERE"
      }
    },
    {
      "type": "Feature",
      "id": "v_def_strutture_ricettive_od.1736",
      "geometry": {
        "type": "Point",
        "coordinates": [
          11.245951410787912,
          43.77521659309097
        ]
      },
      "properties": {
        "id": 1736,
        "tipologiaattivita": "CAV"
      }
    },
    {
      "type": "Feature",
      "id": "v_def_strutture_ricettive_od.1737",
      "geometry": {
        "type": "Point",
        "coordinates": [
          11.245951410787912,
          43.77521659309097
        ]
      },
      "properties": {
        "id": 1737,
        "tipologiaattivita": "ABUSIVI"
      }
    },
    {
      "type": "Feature",
      "id": "v_def_strutture_ricettive_od.1738",
      "geometry": {
        "type": "Point",
        "coordinates": [
          11.25286041554675,
          43.76882162785798
        ]
      },
      "properties": {
        "id": 1738,
        "tipologiaattivita": "ALBERGHI"
      }
    },
    {
      "type": "Feature",
      "id": "v_def_strutture_ricettive_od.1739",
      "geometry": {
        "type": "Point",
        "coordinates": [
          11.243661936367104,
          43.76273614220588
        ]
      },
      "properties": {
        "id": 1739,
        "tipologiaattivita": "AFFITTACAMERE"
      }
    },
    {
      "type": "Feature",
      "id": "v_def_strutture_ricettive_od.1740",
      "geometry": {
        "type": "Point",
        "coordinates": [
          11.251454564528734,
          43.77711890274792
        ]
      },
      "properties": {
        "id": 1740,
        "tipologiaattivita": "CAV"
      }
    },
    {
      "type": "Feature",
      "id": "v_def_strutture_ricettive_od.1741",
      "geometry": {
        "type": "Point",
        "coordinates": [
          11.251454564528734,
          43.77711890274792
        ]
      },
      "properties": {
        "id": 1741,
        "tipologiaattivita": "CAV"
      }
    },
    {
      "type": "Feature",
      "id": "v_def_strutture_ricettive_od.1742",
      "geometry": {
        "type": "Point",
        "coordinates": [
          11.272714897642478,
          43.77439717222595
        ]
      },
      "properties": {
        "id": 1742,
        "tipologiaattivita": "CAV"
      }
    },
    {
      "type": "Feature",
      "id": "v_def_strutture_ricettive_od.1743",
      "geometry": {
        "type": "Point",
        "coordinates": [
          11.257572890528381,
          43.76902389861688
        ]
      },
      "properties": {
        "id": 1743,
        "tipologiaattivita": "CAV"
      }
    },
    {
      "type": "Feature",
      "id": "v_def_strutture_ricettive_od.1744",
      "geometry": {
        "type": "Point",
        "coordinates": [
          11.28242663224877,
          43.76369685955075
        ]
      },
      "properties": {
        "id": 1744,
        "tipologiaattivita": "AFFITTACAMERE"
      }
    },
    {
      "type": "Feature",
      "id": "v_def_strutture_ricettive_od.1745",
      "geometry": {
        "type": "Point",
        "coordinates": [
          11.27078460795717,
          43.78543120947928
        ]
      },
      "properties": {
        "id": 1745,
        "tipologiaattivita": "AFFITTACAMERE"
      }
    },
    {
      "type": "Feature",
      "id": "v_def_strutture_ricettive_od.1746",
      "geometry": {
        "type": "Point",
        "coordinates": [
          11.23873485762872,
          43.750337967200274
        ]
      },
      "properties": {
        "id": 1746,
        "tipologiaattivita": "CAV"
      }
    },
    {
      "type": "Feature",
      "id": "v_def_strutture_ricettive_od.1747",
      "geometry": {
        "type": "Point",
        "coordinates": [
          11.251127582220038,
          43.77749198899655
        ]
      },
      "properties": {
        "id": 1747,
        "tipologiaattivita": "AFFITTACAMERE"
      }
    },
    {
      "type": "Feature",
      "id": "v_def_strutture_ricettive_od.1748",
      "geometry": {
        "type": "Point",
        "coordinates": [
          11.274761987173072,
          43.765917737329026
        ]
      },
      "properties": {
        "id": 1748,
        "tipologiaattivita": "ALBERGHI"
      }
    },
    {
      "type": "Feature",
      "id": "v_def_strutture_ricettive_od.1749",
      "geometry": {
        "type": "Point",
        "coordinates": [
          11.25590512245202,
          43.77172990268493
        ]
      },
      "properties": {
        "id": 1749,
        "tipologiaattivita": "ALBERGHI"
      }
    },
    {
      "type": "Feature",
      "id": "v_def_strutture_ricettive_od.1750",
      "geometry": {
        "type": "Point",
        "coordinates": [
          11.254412832804524,
          43.76911292459599
        ]
      },
      "properties": {
        "id": 1750,
        "tipologiaattivita": "AFFITTACAMERE"
      }
    },
    {
      "type": "Feature",
      "id": "v_def_strutture_ricettive_od.1751",
      "geometry": {
        "type": "Point",
        "coordinates": [
          11.254412832804524,
          43.76911292459599
        ]
      },
      "properties": {
        "id": 1751,
        "tipologiaattivita": "AFFITTACAMERE"
      }
    },
    {
      "type": "Feature",
      "id": "v_def_strutture_ricettive_od.1752",
      "geometry": {
        "type": "Point",
        "coordinates": [
          11.254412832804524,
          43.76911292459599
        ]
      },
      "properties": {
        "id": 1752,
        "tipologiaattivita": "AFFITTACAMERE"
      }
    },
    {
      "type": "Feature",
      "id": "v_def_strutture_ricettive_od.1753",
      "geometry": {
        "type": "Point",
        "coordinates": [
          11.254412832804524,
          43.76911292459599
        ]
      },
      "properties": {
        "id": 1753,
        "tipologiaattivita": "AFFITTACAMERE"
      }
    },
    {
      "type": "Feature",
      "id": "v_def_strutture_ricettive_od.1754",
      "geometry": {
        "type": "Point",
        "coordinates": [
          11.244064610390227,
          43.780626181576764
        ]
      },
      "properties": {
        "id": 1754,
        "tipologiaattivita": "AFFITTACAMERE"
      }
    },
    {
      "type": "Feature",
      "id": "v_def_strutture_ricettive_od.1755",
      "geometry": {
        "type": "Point",
        "coordinates": [
          11.250341486382236,
          43.78626313377643
        ]
      },
      "properties": {
        "id": 1755,
        "tipologiaattivita": "CAV"
      }
    },
    {
      "type": "Feature",
      "id": "v_def_strutture_ricettive_od.1756",
      "geometry": {
        "type": "Point",
        "coordinates": [
          11.243640614908218,
          43.78081072889395
        ]
      },
      "properties": {
        "id": 1756,
        "tipologiaattivita": "AFFITTACAMERE"
      }
    },
    {
      "type": "Feature",
      "id": "v_def_strutture_ricettive_od.1757",
      "geometry": {
        "type": "Point",
        "coordinates": [
          11.259990777306637,
          43.77600554609357
        ]
      },
      "properties": {
        "id": 1757,
        "tipologiaattivita": "AFFITTACAMERE"
      }
    },
    {
      "type": "Feature",
      "id": "v_def_strutture_ricettive_od.1758",
      "geometry": {
        "type": "Point",
        "coordinates": [
          11.283230864771337,
          43.77001080715808
        ]
      },
      "properties": {
        "id": 1758,
        "tipologiaattivita": "AFFITTACAMERE"
      }
    },
    {
      "type": "Feature",
      "id": "v_def_strutture_ricettive_od.1759",
      "geometry": {
        "type": "Point",
        "coordinates": [
          11.167681019126432,
          43.78170339617915
        ]
      },
      "properties": {
        "id": 1759,
        "tipologiaattivita": "CAV"
      }
    },
    {
      "type": "Feature",
      "id": "v_def_strutture_ricettive_od.1760",
      "geometry": {
        "type": "Point",
        "coordinates": [
          11.261603232526795,
          43.78578252791391
        ]
      },
      "properties": {
        "id": 1760,
        "tipologiaattivita": "AFFITTACAMERE"
      }
    },
    {
      "type": "Feature",
      "id": "v_def_strutture_ricettive_od.1761",
      "geometry": {
        "type": "Point",
        "coordinates": [
          11.261603232526795,
          43.78578252791391
        ]
      },
      "properties": {
        "id": 1761,
        "tipologiaattivita": "AFFITTACAMERE"
      }
    },
    {
      "type": "Feature",
      "id": "v_def_strutture_ricettive_od.1762",
      "geometry": {
        "type": "Point",
        "coordinates": [
          11.254720535838901,
          43.76949196626915
        ]
      },
      "properties": {
        "id": 1762,
        "tipologiaattivita": "CAV"
      }
    },
    {
      "type": "Feature",
      "id": "v_def_strutture_ricettive_od.1763",
      "geometry": {
        "type": "Point",
        "coordinates": [
          11.232462529459138,
          43.7743626807891
        ]
      },
      "properties": {
        "id": 1763,
        "tipologiaattivita": "BED AND BREAKFAST"
      }
    },
    {
      "type": "Feature",
      "id": "v_def_strutture_ricettive_od.1764",
      "geometry": {
        "type": "Point",
        "coordinates": [
          11.244037821622118,
          43.78194635631364
        ]
      },
      "properties": {
        "id": 1764,
        "tipologiaattivita": "CAV"
      }
    },
    {
      "type": "Feature",
      "id": "v_def_strutture_ricettive_od.1765",
      "geometry": {
        "type": "Point",
        "coordinates": [
          11.270899055457587,
          43.811295405051474
        ]
      },
      "properties": {
        "id": 1765,
        "tipologiaattivita": "BED AND BREAKFAST"
      }
    },
    {
      "type": "Feature",
      "id": "v_def_strutture_ricettive_od.1766",
      "geometry": {
        "type": "Point",
        "coordinates": [
          11.253150748940618,
          43.77414968283843
        ]
      },
      "properties": {
        "id": 1766,
        "tipologiaattivita": "RESIDENZA D'EPOCA"
      }
    },
    {
      "type": "Feature",
      "id": "v_def_strutture_ricettive_od.1767",
      "geometry": {
        "type": "Point",
        "coordinates": [
          11.25071606892505,
          43.77468189176459
        ]
      },
      "properties": {
        "id": 1767,
        "tipologiaattivita": "ALBERGHI"
      }
    },
    {
      "type": "Feature",
      "id": "v_def_strutture_ricettive_od.1768",
      "geometry": {
        "type": "Point",
        "coordinates": [
          11.252058828525216,
          43.77613033076429
        ]
      },
      "properties": {
        "id": 1768,
        "tipologiaattivita": "AFFITTACAMERE"
      }
    },
    {
      "type": "Feature",
      "id": "v_def_strutture_ricettive_od.1769",
      "geometry": {
        "type": "Point",
        "coordinates": [
          11.222229675721582,
          43.752195260140404
        ]
      },
      "properties": {
        "id": 1769,
        "tipologiaattivita": "AFFITTACAMERE"
      }
    },
    {
      "type": "Feature",
      "id": "v_def_strutture_ricettive_od.1770",
      "geometry": {
        "type": "Point",
        "coordinates": [
          11.25393314836306,
          43.768816855872416
        ]
      },
      "properties": {
        "id": 1770,
        "tipologiaattivita": "CAV"
      }
    },
    {
      "type": "Feature",
      "id": "v_def_strutture_ricettive_od.1771",
      "geometry": {
        "type": "Point",
        "coordinates": [
          11.244505772898693,
          43.79447560687477
        ]
      },
      "properties": {
        "id": 1771,
        "tipologiaattivita": "CAV"
      }
    },
    {
      "type": "Feature",
      "id": "v_def_strutture_ricettive_od.1772",
      "geometry": {
        "type": "Point",
        "coordinates": [
          11.244505772898693,
          43.79447560687477
        ]
      },
      "properties": {
        "id": 1772,
        "tipologiaattivita": "CAV"
      }
    },
    {
      "type": "Feature",
      "id": "v_def_strutture_ricettive_od.1773",
      "geometry": {
        "type": "Point",
        "coordinates": [
          11.272981874253771,
          43.76947205037825
        ]
      },
      "properties": {
        "id": 1773,
        "tipologiaattivita": "AFFITTACAMERE"
      }
    },
    {
      "type": "Feature",
      "id": "v_def_strutture_ricettive_od.1774",
      "geometry": {
        "type": "Point",
        "coordinates": [
          11.244106297459863,
          43.782459495666096
        ]
      },
      "properties": {
        "id": 1774,
        "tipologiaattivita": "AFFITTACAMERE"
      }
    },
    {
      "type": "Feature",
      "id": "v_def_strutture_ricettive_od.1775",
      "geometry": {
        "type": "Point",
        "coordinates": [
          11.244106297459863,
          43.782459495666096
        ]
      },
      "properties": {
        "id": 1775,
        "tipologiaattivita": "AFFITTACAMERE"
      }
    },
    {
      "type": "Feature",
      "id": "v_def_strutture_ricettive_od.1776",
      "geometry": {
        "type": "Point",
        "coordinates": [
          11.244106297459863,
          43.782459495666096
        ]
      },
      "properties": {
        "id": 1776,
        "tipologiaattivita": "AFFITTACAMERE"
      }
    },
    {
      "type": "Feature",
      "id": "v_def_strutture_ricettive_od.1777",
      "geometry": {
        "type": "Point",
        "coordinates": [
          11.244106297459863,
          43.782459495666096
        ]
      },
      "properties": {
        "id": 1777,
        "tipologiaattivita": "BED AND BREAKFAST"
      }
    },
    {
      "type": "Feature",
      "id": "v_def_strutture_ricettive_od.1778",
      "geometry": {
        "type": "Point",
        "coordinates": [
          11.244106297459863,
          43.782459495666096
        ]
      },
      "properties": {
        "id": 1778,
        "tipologiaattivita": "AFFITTACAMERE"
      }
    },
    {
      "type": "Feature",
      "id": "v_def_strutture_ricettive_od.1779",
      "geometry": {
        "type": "Point",
        "coordinates": [
          11.244106297459863,
          43.782459495666096
        ]
      },
      "properties": {
        "id": 1779,
        "tipologiaattivita": "BED AND BREAKFAST"
      }
    },
    {
      "type": "Feature",
      "id": "v_def_strutture_ricettive_od.1780",
      "geometry": {
        "type": "Point",
        "coordinates": [
          11.244106297459863,
          43.782459495666096
        ]
      },
      "properties": {
        "id": 1780,
        "tipologiaattivita": "BED AND BREAKFAST"
      }
    },
    {
      "type": "Feature",
      "id": "v_def_strutture_ricettive_od.1781",
      "geometry": {
        "type": "Point",
        "coordinates": [
          11.244106297459863,
          43.782459495666096
        ]
      },
      "properties": {
        "id": 1781,
        "tipologiaattivita": "BED AND BREAKFAST"
      }
    },
    {
      "type": "Feature",
      "id": "v_def_strutture_ricettive_od.1782",
      "geometry": {
        "type": "Point",
        "coordinates": [
          11.244106297459863,
          43.782459495666096
        ]
      },
      "properties": {
        "id": 1782,
        "tipologiaattivita": "BED AND BREAKFAST"
      }
    },
    {
      "type": "Feature",
      "id": "v_def_strutture_ricettive_od.1783",
      "geometry": {
        "type": "Point",
        "coordinates": [
          11.24991137125668,
          43.77721590295368
        ]
      },
      "properties": {
        "id": 1783,
        "tipologiaattivita": "AFFITTACAMERE"
      }
    },
    {
      "type": "Feature",
      "id": "v_def_strutture_ricettive_od.1784",
      "geometry": {
        "type": "Point",
        "coordinates": [
          11.24991137125668,
          43.77721590295368
        ]
      },
      "properties": {
        "id": 1784,
        "tipologiaattivita": "ALBERGHI"
      }
    },
    {
      "type": "Feature",
      "id": "v_def_strutture_ricettive_od.1785",
      "geometry": {
        "type": "Point",
        "coordinates": [
          11.24991137125668,
          43.77721590295368
        ]
      },
      "properties": {
        "id": 1785,
        "tipologiaattivita": "ALBERGHI"
      }
    },
    {
      "type": "Feature",
      "id": "v_def_strutture_ricettive_od.1786",
      "geometry": {
        "type": "Point",
        "coordinates": [
          11.24991137125668,
          43.77721590295368
        ]
      },
      "properties": {
        "id": 1786,
        "tipologiaattivita": "CAV"
      }
    },
    {
      "type": "Feature",
      "id": "v_def_strutture_ricettive_od.1787",
      "geometry": {
        "type": "Point",
        "coordinates": [
          11.24991137125668,
          43.77721590295368
        ]
      },
      "properties": {
        "id": 1787,
        "tipologiaattivita": "ALBERGHI"
      }
    },
    {
      "type": "Feature",
      "id": "v_def_strutture_ricettive_od.1788",
      "geometry": {
        "type": "Point",
        "coordinates": [
          11.25562260396838,
          43.77219336374538
        ]
      },
      "properties": {
        "id": 1788,
        "tipologiaattivita": "CAV"
      }
    },
    {
      "type": "Feature",
      "id": "v_def_strutture_ricettive_od.1789",
      "geometry": {
        "type": "Point",
        "coordinates": [
          11.263256088695735,
          43.77342684315937
        ]
      },
      "properties": {
        "id": 1789,
        "tipologiaattivita": "CAV"
      }
    },
    {
      "type": "Feature",
      "id": "v_def_strutture_ricettive_od.1790",
      "geometry": {
        "type": "Point",
        "coordinates": [
          11.241002541104768,
          43.77657232113363
        ]
      },
      "properties": {
        "id": 1790,
        "tipologiaattivita": "AFFITTACAMERE"
      }
    },
    {
      "type": "Feature",
      "id": "v_def_strutture_ricettive_od.1791",
      "geometry": {
        "type": "Point",
        "coordinates": [
          11.234594809128405,
          43.78774696396624
        ]
      },
      "properties": {
        "id": 1791,
        "tipologiaattivita": "BED AND BREAKFAST"
      }
    },
    {
      "type": "Feature",
      "id": "v_def_strutture_ricettive_od.1792",
      "geometry": {
        "type": "Point",
        "coordinates": [
          11.246582340025236,
          43.776209873266055
        ]
      },
      "properties": {
        "id": 1792,
        "tipologiaattivita": "ALBERGHI"
      }
    },
    {
      "type": "Feature",
      "id": "v_def_strutture_ricettive_od.1793",
      "geometry": {
        "type": "Point",
        "coordinates": [
          11.259289516159523,
          43.76929186801494
        ]
      },
      "properties": {
        "id": 1793,
        "tipologiaattivita": "ALBERGHI"
      }
    },
    {
      "type": "Feature",
      "id": "v_def_strutture_ricettive_od.1794",
      "geometry": {
        "type": "Point",
        "coordinates": [
          11.254713142628532,
          43.776641663290526
        ]
      },
      "properties": {
        "id": 1794,
        "tipologiaattivita": "ALBERGHI"
      }
    },
    {
      "type": "Feature",
      "id": "v_def_strutture_ricettive_od.1795",
      "geometry": {
        "type": "Point",
        "coordinates": [
          11.254350143603308,
          43.76948432552958
        ]
      },
      "properties": {
        "id": 1795,
        "tipologiaattivita": "AFFITTACAMERE"
      }
    },
    {
      "type": "Feature",
      "id": "v_def_strutture_ricettive_od.1796",
      "geometry": {
        "type": "Point",
        "coordinates": [
          11.254350143603308,
          43.76948432552958
        ]
      },
      "properties": {
        "id": 1796,
        "tipologiaattivita": "AFFITTACAMERE"
      }
    },
    {
      "type": "Feature",
      "id": "v_def_strutture_ricettive_od.1797",
      "geometry": {
        "type": "Point",
        "coordinates": [
          11.260383178676497,
          43.77091776553211
        ]
      },
      "properties": {
        "id": 1797,
        "tipologiaattivita": "AFFITTACAMERE"
      }
    },
    {
      "type": "Feature",
      "id": "v_def_strutture_ricettive_od.1798",
      "geometry": {
        "type": "Point",
        "coordinates": [
          11.245101894467881,
          43.76518777087612
        ]
      },
      "properties": {
        "id": 1798,
        "tipologiaattivita": "CAV"
      }
    },
    {
      "type": "Feature",
      "id": "v_def_strutture_ricettive_od.1799",
      "geometry": {
        "type": "Point",
        "coordinates": [
          11.248552241815315,
          43.76594648099072
        ]
      },
      "properties": {
        "id": 1799,
        "tipologiaattivita": "RESIDENZA D'EPOCA"
      }
    },
    {
      "type": "Feature",
      "id": "v_def_strutture_ricettive_od.1800",
      "geometry": {
        "type": "Point",
        "coordinates": [
          11.263704442510425,
          43.773223874634844
        ]
      },
      "properties": {
        "id": 1800,
        "tipologiaattivita": "AFFITTACAMERE"
      }
    },
    {
      "type": "Feature",
      "id": "v_def_strutture_ricettive_od.1801",
      "geometry": {
        "type": "Point",
        "coordinates": [
          11.250476689583357,
          43.778872769238056
        ]
      },
      "properties": {
        "id": 1801,
        "tipologiaattivita": "ALBERGHI"
      }
    },
    {
      "type": "Feature",
      "id": "v_def_strutture_ricettive_od.1802",
      "geometry": {
        "type": "Point",
        "coordinates": [
          11.250476689583357,
          43.778872769238056
        ]
      },
      "properties": {
        "id": 1802,
        "tipologiaattivita": "BED AND BREAKFAST"
      }
    },
    {
      "type": "Feature",
      "id": "v_def_strutture_ricettive_od.1803",
      "geometry": {
        "type": "Point",
        "coordinates": [
          11.24962376574349,
          43.77658023166943
        ]
      },
      "properties": {
        "id": 1803,
        "tipologiaattivita": "CAV"
      }
    },
    {
      "type": "Feature",
      "id": "v_def_strutture_ricettive_od.1804",
      "geometry": {
        "type": "Point",
        "coordinates": [
          11.24962376574349,
          43.77658023166943
        ]
      },
      "properties": {
        "id": 1804,
        "tipologiaattivita": "AFFITTACAMERE"
      }
    },
    {
      "type": "Feature",
      "id": "v_def_strutture_ricettive_od.1805",
      "geometry": {
        "type": "Point",
        "coordinates": [
          11.24962376574349,
          43.77658023166943
        ]
      },
      "properties": {
        "id": 1805,
        "tipologiaattivita": "BED AND BREAKFAST"
      }
    },
    {
      "type": "Feature",
      "id": "v_def_strutture_ricettive_od.1806",
      "geometry": {
        "type": "Point",
        "coordinates": [
          11.24962376574349,
          43.77658023166943
        ]
      },
      "properties": {
        "id": 1806,
        "tipologiaattivita": "BED AND BREAKFAST"
      }
    },
    {
      "type": "Feature",
      "id": "v_def_strutture_ricettive_od.1807",
      "geometry": {
        "type": "Point",
        "coordinates": [
          11.24511242124834,
          43.75767033237407
        ]
      },
      "properties": {
        "id": 1807,
        "tipologiaattivita": "CAV"
      }
    },
    {
      "type": "Feature",
      "id": "v_def_strutture_ricettive_od.1808",
      "geometry": {
        "type": "Point",
        "coordinates": [
          11.256427055546629,
          43.768094437187706
        ]
      },
      "properties": {
        "id": 1808,
        "tipologiaattivita": "CAV"
      }
    },
    {
      "type": "Feature",
      "id": "v_def_strutture_ricettive_od.1809",
      "geometry": {
        "type": "Point",
        "coordinates": [
          11.25965662012322,
          43.770914084702376
        ]
      },
      "properties": {
        "id": 1809,
        "tipologiaattivita": "RESIDENZA D'EPOCA"
      }
    },
    {
      "type": "Feature",
      "id": "v_def_strutture_ricettive_od.1810",
      "geometry": {
        "type": "Point",
        "coordinates": [
          11.25965662012322,
          43.770914084702376
        ]
      },
      "properties": {
        "id": 1810,
        "tipologiaattivita": "RESIDENZA D'EPOCA"
      }
    },
    {
      "type": "Feature",
      "id": "v_def_strutture_ricettive_od.1811",
      "geometry": {
        "type": "Point",
        "coordinates": [
          11.25965662012322,
          43.770914084702376
        ]
      },
      "properties": {
        "id": 1811,
        "tipologiaattivita": "AFFITTACAMERE"
      }
    },
    {
      "type": "Feature",
      "id": "v_def_strutture_ricettive_od.1812",
      "geometry": {
        "type": "Point",
        "coordinates": [
          11.252731367265772,
          43.77585365828278
        ]
      },
      "properties": {
        "id": 1812,
        "tipologiaattivita": "CAV"
      }
    },
    {
      "type": "Feature",
      "id": "v_def_strutture_ricettive_od.1813",
      "geometry": {
        "type": "Point",
        "coordinates": [
          11.246430090488996,
          43.768901334409456
        ]
      },
      "properties": {
        "id": 1813,
        "tipologiaattivita": "RESIDENZA D'EPOCA"
      }
    },
    {
      "type": "Feature",
      "id": "v_def_strutture_ricettive_od.1814",
      "geometry": {
        "type": "Point",
        "coordinates": [
          11.24598749489602,
          43.79714227152446
        ]
      },
      "properties": {
        "id": 1814,
        "tipologiaattivita": "AFFITTACAMERE"
      }
    },
    {
      "type": "Feature",
      "id": "v_def_strutture_ricettive_od.1815",
      "geometry": {
        "type": "Point",
        "coordinates": [
          11.254535534957816,
          43.774654367054964
        ]
      },
      "properties": {
        "id": 1815,
        "tipologiaattivita": "RESIDENZA D'EPOCA"
      }
    },
    {
      "type": "Feature",
      "id": "v_def_strutture_ricettive_od.1816",
      "geometry": {
        "type": "Point",
        "coordinates": [
          11.263685930666671,
          43.7731973636953
        ]
      },
      "properties": {
        "id": 1816,
        "tipologiaattivita": "AFFITTACAMERE"
      }
    },
    {
      "type": "Feature",
      "id": "v_def_strutture_ricettive_od.1817",
      "geometry": {
        "type": "Point",
        "coordinates": [
          11.240894658634748,
          43.77701501634447
        ]
      },
      "properties": {
        "id": 1817,
        "tipologiaattivita": "RESIDENZA D'EPOCA"
      }
    },
    {
      "type": "Feature",
      "id": "v_def_strutture_ricettive_od.1818",
      "geometry": {
        "type": "Point",
        "coordinates": [
          11.240894658634748,
          43.77701501634447
        ]
      },
      "properties": {
        "id": 1818,
        "tipologiaattivita": "RESIDENZA D'EPOCA"
      }
    },
    {
      "type": "Feature",
      "id": "v_def_strutture_ricettive_od.1819",
      "geometry": {
        "type": "Point",
        "coordinates": [
          11.240894658634748,
          43.77701501634447
        ]
      },
      "properties": {
        "id": 1819,
        "tipologiaattivita": "RESIDENZA D'EPOCA"
      }
    },
    {
      "type": "Feature",
      "id": "v_def_strutture_ricettive_od.1820",
      "geometry": {
        "type": "Point",
        "coordinates": [
          11.240894658634748,
          43.77701501634447
        ]
      },
      "properties": {
        "id": 1820,
        "tipologiaattivita": "RESIDENZA D'EPOCA"
      }
    },
    {
      "type": "Feature",
      "id": "v_def_strutture_ricettive_od.1821",
      "geometry": {
        "type": "Point",
        "coordinates": [
          11.24528517944169,
          43.77989270918789
        ]
      },
      "properties": {
        "id": 1821,
        "tipologiaattivita": "ALBERGHI"
      }
    },
    {
      "type": "Feature",
      "id": "v_def_strutture_ricettive_od.1822",
      "geometry": {
        "type": "Point",
        "coordinates": [
          11.251558346830087,
          43.775384280256404
        ]
      },
      "properties": {
        "id": 1822,
        "tipologiaattivita": "AFFITTACAMERE"
      }
    },
    {
      "type": "Feature",
      "id": "v_def_strutture_ricettive_od.1823",
      "geometry": {
        "type": "Point",
        "coordinates": [
          11.255232482525368,
          43.77253046821504
        ]
      },
      "properties": {
        "id": 1823,
        "tipologiaattivita": "ALBERGHI"
      }
    },
    {
      "type": "Feature",
      "id": "v_def_strutture_ricettive_od.1824",
      "geometry": {
        "type": "Point",
        "coordinates": [
          11.247578733113132,
          43.77307190321887
        ]
      },
      "properties": {
        "id": 1824,
        "tipologiaattivita": "AFFITTACAMERE"
      }
    },
    {
      "type": "Feature",
      "id": "v_def_strutture_ricettive_od.1825",
      "geometry": {
        "type": "Point",
        "coordinates": [
          11.210335112238711,
          43.79387805847425
        ]
      },
      "properties": {
        "id": 1825,
        "tipologiaattivita": "ALBERGHI"
      }
    },
    {
      "type": "Feature",
      "id": "v_def_strutture_ricettive_od.1826",
      "geometry": {
        "type": "Point",
        "coordinates": [
          11.244558120160484,
          43.76253919529037
        ]
      },
      "properties": {
        "id": 1826,
        "tipologiaattivita": "CAV"
      }
    },
    {
      "type": "Feature",
      "id": "v_def_strutture_ricettive_od.1827",
      "geometry": {
        "type": "Point",
        "coordinates": [
          11.270672375019192,
          43.78925274197673
        ]
      },
      "properties": {
        "id": 1827,
        "tipologiaattivita": "CASE PER FERIE"
      }
    },
    {
      "type": "Feature",
      "id": "v_def_strutture_ricettive_od.1828",
      "geometry": {
        "type": "Point",
        "coordinates": [
          11.254544346497024,
          43.772328824199995
        ]
      },
      "properties": {
        "id": 1828,
        "tipologiaattivita": "AFFITTACAMERE"
      }
    },
    {
      "type": "Feature",
      "id": "v_def_strutture_ricettive_od.1829",
      "geometry": {
        "type": "Point",
        "coordinates": [
          11.254544346497024,
          43.772328824199995
        ]
      },
      "properties": {
        "id": 1829,
        "tipologiaattivita": "AFFITTACAMERE"
      }
    },
    {
      "type": "Feature",
      "id": "v_def_strutture_ricettive_od.1830",
      "geometry": {
        "type": "Point",
        "coordinates": [
          11.26634231473818,
          43.78459078893201
        ]
      },
      "properties": {
        "id": 1830,
        "tipologiaattivita": "BED AND BREAKFAST"
      }
    },
    {
      "type": "Feature",
      "id": "v_def_strutture_ricettive_od.1831",
      "geometry": {
        "type": "Point",
        "coordinates": [
          11.266002494066278,
          43.78404666145189
        ]
      },
      "properties": {
        "id": 1831,
        "tipologiaattivita": "ALBERGHI"
      }
    },
    {
      "type": "Feature",
      "id": "v_def_strutture_ricettive_od.1832",
      "geometry": {
        "type": "Point",
        "coordinates": [
          11.263967978652305,
          43.78062022942143
        ]
      },
      "properties": {
        "id": 1832,
        "tipologiaattivita": "AFFITTACAMERE"
      }
    },
    {
      "type": "Feature",
      "id": "v_def_strutture_ricettive_od.1833",
      "geometry": {
        "type": "Point",
        "coordinates": [
          11.245552299009635,
          43.7740500567006
        ]
      },
      "properties": {
        "id": 1833,
        "tipologiaattivita": "CAV"
      }
    },
    {
      "type": "Feature",
      "id": "v_def_strutture_ricettive_od.1834",
      "geometry": {
        "type": "Point",
        "coordinates": [
          11.239567879720067,
          43.78336729960864
        ]
      },
      "properties": {
        "id": 1834,
        "tipologiaattivita": "AFFITTACAMERE"
      }
    },
    {
      "type": "Feature",
      "id": "v_def_strutture_ricettive_od.1835",
      "geometry": {
        "type": "Point",
        "coordinates": [
          11.263033111291566,
          43.77364598611664
        ]
      },
      "properties": {
        "id": 1835,
        "tipologiaattivita": "CAV"
      }
    },
    {
      "type": "Feature",
      "id": "v_def_strutture_ricettive_od.1836",
      "geometry": {
        "type": "Point",
        "coordinates": [
          11.243121761522326,
          43.76606744501817
        ]
      },
      "properties": {
        "id": 1836,
        "tipologiaattivita": "RESIDENZA D'EPOCA"
      }
    },
    {
      "type": "Feature",
      "id": "v_def_strutture_ricettive_od.1837",
      "geometry": {
        "type": "Point",
        "coordinates": [
          11.243121761522326,
          43.76606744501817
        ]
      },
      "properties": {
        "id": 1837,
        "tipologiaattivita": "AFFITTACAMERE"
      }
    },
    {
      "type": "Feature",
      "id": "v_def_strutture_ricettive_od.1838",
      "geometry": {
        "type": "Point",
        "coordinates": [
          11.279439445655141,
          43.78081359734609
        ]
      },
      "properties": {
        "id": 1838,
        "tipologiaattivita": "AFFITTACAMERE"
      }
    },
    {
      "type": "Feature",
      "id": "v_def_strutture_ricettive_od.1839",
      "geometry": {
        "type": "Point",
        "coordinates": [
          11.258693489969957,
          43.76974666191147
        ]
      },
      "properties": {
        "id": 1839,
        "tipologiaattivita": "RTA"
      }
    },
    {
      "type": "Feature",
      "id": "v_def_strutture_ricettive_od.1840",
      "geometry": {
        "type": "Point",
        "coordinates": [
          11.246932186490035,
          43.772473961067405
        ]
      },
      "properties": {
        "id": 1840,
        "tipologiaattivita": "CAV"
      }
    },
    {
      "type": "Feature",
      "id": "v_def_strutture_ricettive_od.1841",
      "geometry": {
        "type": "Point",
        "coordinates": [
          11.238938993424494,
          43.780044956734855
        ]
      },
      "properties": {
        "id": 1841,
        "tipologiaattivita": "AFFITTACAMERE"
      }
    },
    {
      "type": "Feature",
      "id": "v_def_strutture_ricettive_od.1842",
      "geometry": {
        "type": "Point",
        "coordinates": [
          11.250163117411567,
          43.77380317616476
        ]
      },
      "properties": {
        "id": 1842,
        "tipologiaattivita": "ALBERGHI"
      }
    },
    {
      "type": "Feature",
      "id": "v_def_strutture_ricettive_od.1843",
      "geometry": {
        "type": "Point",
        "coordinates": [
          11.251290652404174,
          43.77082666787783
        ]
      },
      "properties": {
        "id": 1843,
        "tipologiaattivita": "ALBERGHI"
      }
    },
    {
      "type": "Feature",
      "id": "v_def_strutture_ricettive_od.1844",
      "geometry": {
        "type": "Point",
        "coordinates": [
          11.250224855059843,
          43.78841268491086
        ]
      },
      "properties": {
        "id": 1844,
        "tipologiaattivita": "AFFITTACAMERE"
      }
    },
    {
      "type": "Feature",
      "id": "v_def_strutture_ricettive_od.1845",
      "geometry": {
        "type": "Point",
        "coordinates": [
          11.253848059710124,
          43.77725260120421
        ]
      },
      "properties": {
        "id": 1845,
        "tipologiaattivita": "CAV"
      }
    },
    {
      "type": "Feature",
      "id": "v_def_strutture_ricettive_od.1846",
      "geometry": {
        "type": "Point",
        "coordinates": [
          11.262397489940579,
          43.77254290639562
        ]
      },
      "properties": {
        "id": 1846,
        "tipologiaattivita": "RESIDENZA D'EPOCA"
      }
    },
    {
      "type": "Feature",
      "id": "v_def_strutture_ricettive_od.1847",
      "geometry": {
        "type": "Point",
        "coordinates": [
          11.228703689306466,
          43.789335024561076
        ]
      },
      "properties": {
        "id": 1847,
        "tipologiaattivita": "BED AND BREAKFAST"
      }
    },
    {
      "type": "Feature",
      "id": "v_def_strutture_ricettive_od.1848",
      "geometry": {
        "type": "Point",
        "coordinates": [
          11.24921323924522,
          43.772614885514415
        ]
      },
      "properties": {
        "id": 1848,
        "tipologiaattivita": "RESIDENCE"
      }
    },
    {
      "type": "Feature",
      "id": "v_def_strutture_ricettive_od.1849",
      "geometry": {
        "type": "Point",
        "coordinates": [
          11.21675423821664,
          43.77014663220031
        ]
      },
      "properties": {
        "id": 1849,
        "tipologiaattivita": "CAV"
      }
    },
    {
      "type": "Feature",
      "id": "v_def_strutture_ricettive_od.1850",
      "geometry": {
        "type": "Point",
        "coordinates": [
          11.257605666702226,
          43.7693897730593
        ]
      },
      "properties": {
        "id": 1850,
        "tipologiaattivita": "ALBERGHI"
      }
    },
    {
      "type": "Feature",
      "id": "v_def_strutture_ricettive_od.1851",
      "geometry": {
        "type": "Point",
        "coordinates": [
          11.262139226952678,
          43.78126890519819
        ]
      },
      "properties": {
        "id": 1851,
        "tipologiaattivita": "ALBERGHI"
      }
    },
    {
      "type": "Feature",
      "id": "v_def_strutture_ricettive_od.1852",
      "geometry": {
        "type": "Point",
        "coordinates": [
          11.251589547322423,
          43.77968543847559
        ]
      },
      "properties": {
        "id": 1852,
        "tipologiaattivita": "CASE PER FERIE"
      }
    },
    {
      "type": "Feature",
      "id": "v_def_strutture_ricettive_od.1853",
      "geometry": {
        "type": "Point",
        "coordinates": [
          11.249181817801274,
          43.7683024431055
        ]
      },
      "properties": {
        "id": 1853,
        "tipologiaattivita": "RESIDENZA D'EPOCA"
      }
    },
    {
      "type": "Feature",
      "id": "v_def_strutture_ricettive_od.1854",
      "geometry": {
        "type": "Point",
        "coordinates": [
          11.249181817801274,
          43.7683024431055
        ]
      },
      "properties": {
        "id": 1854,
        "tipologiaattivita": "RESIDENZA D'EPOCA"
      }
    },
    {
      "type": "Feature",
      "id": "v_def_strutture_ricettive_od.1855",
      "geometry": {
        "type": "Point",
        "coordinates": [
          11.272186621961199,
          43.78358684566816
        ]
      },
      "properties": {
        "id": 1855,
        "tipologiaattivita": "AFFITTACAMERE"
      }
    },
    {
      "type": "Feature",
      "id": "v_def_strutture_ricettive_od.1856",
      "geometry": {
        "type": "Point",
        "coordinates": [
          11.210520792373167,
          43.73171428051055
        ]
      },
      "properties": {
        "id": 1856,
        "tipologiaattivita": "CAV"
      }
    },
    {
      "type": "Feature",
      "id": "v_def_strutture_ricettive_od.1857",
      "geometry": {
        "type": "Point",
        "coordinates": [
          11.251588184200658,
          43.77383294597818
        ]
      },
      "properties": {
        "id": 1857,
        "tipologiaattivita": "ALBERGHI"
      }
    },
    {
      "type": "Feature",
      "id": "v_def_strutture_ricettive_od.1858",
      "geometry": {
        "type": "Point",
        "coordinates": [
          11.245708935402341,
          43.77539076186408
        ]
      },
      "properties": {
        "id": 1858,
        "tipologiaattivita": "AFFITTACAMERE"
      }
    },
    {
      "type": "Feature",
      "id": "v_def_strutture_ricettive_od.1859",
      "geometry": {
        "type": "Point",
        "coordinates": [
          11.257434961804359,
          43.78066355788944
        ]
      },
      "properties": {
        "id": 1859,
        "tipologiaattivita": "AFFITTACAMERE"
      }
    },
    {
      "type": "Feature",
      "id": "v_def_strutture_ricettive_od.1860",
      "geometry": {
        "type": "Point",
        "coordinates": [
          11.25559113542986,
          43.777747924680135
        ]
      },
      "properties": {
        "id": 1860,
        "tipologiaattivita": "BED AND BREAKFAST"
      }
    },
    {
      "type": "Feature",
      "id": "v_def_strutture_ricettive_od.1861",
      "geometry": {
        "type": "Point",
        "coordinates": [
          11.284270794647401,
          43.76622920811808
        ]
      },
      "properties": {
        "id": 1861,
        "tipologiaattivita": "BED AND BREAKFAST"
      }
    },
    {
      "type": "Feature",
      "id": "v_def_strutture_ricettive_od.1862",
      "geometry": {
        "type": "Point",
        "coordinates": [
          11.263898084643744,
          43.76890375834734
        ]
      },
      "properties": {
        "id": 1862,
        "tipologiaattivita": "CAV"
      }
    },
    {
      "type": "Feature",
      "id": "v_def_strutture_ricettive_od.1863",
      "geometry": {
        "type": "Point",
        "coordinates": [
          11.253099612511917,
          43.76723806180734
        ]
      },
      "properties": {
        "id": 1863,
        "tipologiaattivita": "AFFITTACAMERE"
      }
    },
    {
      "type": "Feature",
      "id": "v_def_strutture_ricettive_od.1864",
      "geometry": {
        "type": "Point",
        "coordinates": [
          11.253099612511917,
          43.76723806180734
        ]
      },
      "properties": {
        "id": 1864,
        "tipologiaattivita": "CAV"
      }
    },
    {
      "type": "Feature",
      "id": "v_def_strutture_ricettive_od.1865",
      "geometry": {
        "type": "Point",
        "coordinates": [
          11.253099612511917,
          43.76723806180734
        ]
      },
      "properties": {
        "id": 1865,
        "tipologiaattivita": "AFFITTACAMERE"
      }
    },
    {
      "type": "Feature",
      "id": "v_def_strutture_ricettive_od.1866",
      "geometry": {
        "type": "Point",
        "coordinates": [
          11.253099612511917,
          43.76723806180734
        ]
      },
      "properties": {
        "id": 1866,
        "tipologiaattivita": "CAV"
      }
    },
    {
      "type": "Feature",
      "id": "v_def_strutture_ricettive_od.1867",
      "geometry": {
        "type": "Point",
        "coordinates": [
          11.253099612511917,
          43.76723806180734
        ]
      },
      "properties": {
        "id": 1867,
        "tipologiaattivita": "CAV"
      }
    },
    {
      "type": "Feature",
      "id": "v_def_strutture_ricettive_od.1868",
      "geometry": {
        "type": "Point",
        "coordinates": [
          11.253099612511917,
          43.76723806180734
        ]
      },
      "properties": {
        "id": 1868,
        "tipologiaattivita": "AFFITTACAMERE"
      }
    },
    {
      "type": "Feature",
      "id": "v_def_strutture_ricettive_od.1869",
      "geometry": {
        "type": "Point",
        "coordinates": [
          11.261913505635645,
          43.77397272923168
        ]
      },
      "properties": {
        "id": 1869,
        "tipologiaattivita": "BED AND BREAKFAST"
      }
    },
    {
      "type": "Feature",
      "id": "v_def_strutture_ricettive_od.1870",
      "geometry": {
        "type": "Point",
        "coordinates": [
          11.259064814476556,
          43.76534959145894
        ]
      },
      "properties": {
        "id": 1870,
        "tipologiaattivita": "BED AND BREAKFAST"
      }
    },
    {
      "type": "Feature",
      "id": "v_def_strutture_ricettive_od.1871",
      "geometry": {
        "type": "Point",
        "coordinates": [
          11.247018543196214,
          43.77340165455233
        ]
      },
      "properties": {
        "id": 1871,
        "tipologiaattivita": "AFFITTACAMERE"
      }
    },
    {
      "type": "Feature",
      "id": "v_def_strutture_ricettive_od.1872",
      "geometry": {
        "type": "Point",
        "coordinates": [
          11.256909829436033,
          43.768226561635856
        ]
      },
      "properties": {
        "id": 1872,
        "tipologiaattivita": "CAV"
      }
    },
    {
      "type": "Feature",
      "id": "v_def_strutture_ricettive_od.1873",
      "geometry": {
        "type": "Point",
        "coordinates": [
          11.265394008974777,
          43.78523330345081
        ]
      },
      "properties": {
        "id": 1873,
        "tipologiaattivita": "ALBERGHI"
      }
    },
    {
      "type": "Feature",
      "id": "v_def_strutture_ricettive_od.1874",
      "geometry": {
        "type": "Point",
        "coordinates": [
          11.251622627951702,
          43.767938648183346
        ]
      },
      "properties": {
        "id": 1874,
        "tipologiaattivita": "CAV"
      }
    },
    {
      "type": "Feature",
      "id": "v_def_strutture_ricettive_od.1875",
      "geometry": {
        "type": "Point",
        "coordinates": [
          11.240717323670314,
          43.760034242741185
        ]
      },
      "properties": {
        "id": 1875,
        "tipologiaattivita": "CAV"
      }
    },
    {
      "type": "Feature",
      "id": "v_def_strutture_ricettive_od.1876",
      "geometry": {
        "type": "Point",
        "coordinates": [
          11.257448421888451,
          43.773796178668405
        ]
      },
      "properties": {
        "id": 1876,
        "tipologiaattivita": "CAV"
      }
    },
    {
      "type": "Feature",
      "id": "v_def_strutture_ricettive_od.1877",
      "geometry": {
        "type": "Point",
        "coordinates": [
          11.2345298919445,
          43.74895831871471
        ]
      },
      "properties": {
        "id": 1877,
        "tipologiaattivita": "AFFITTACAMERE"
      }
    },
    {
      "type": "Feature",
      "id": "v_def_strutture_ricettive_od.1878",
      "geometry": {
        "type": "Point",
        "coordinates": [
          11.258666238484563,
          43.77245180815871
        ]
      },
      "properties": {
        "id": 1878,
        "tipologiaattivita": "AFFITTACAMERE"
      }
    },
    {
      "type": "Feature",
      "id": "v_def_strutture_ricettive_od.1879",
      "geometry": {
        "type": "Point",
        "coordinates": [
          11.208749671159438,
          43.770371991448265
        ]
      },
      "properties": {
        "id": 1879,
        "tipologiaattivita": "ALBERGHI"
      }
    },
    {
      "type": "Feature",
      "id": "v_def_strutture_ricettive_od.1880",
      "geometry": {
        "type": "Point",
        "coordinates": [
          11.262228661431164,
          43.77171457981524
        ]
      },
      "properties": {
        "id": 1880,
        "tipologiaattivita": "CAV"
      }
    },
    {
      "type": "Feature",
      "id": "v_def_strutture_ricettive_od.1881",
      "geometry": {
        "type": "Point",
        "coordinates": [
          11.288995134252142,
          43.756224692407606
        ]
      },
      "properties": {
        "id": 1881,
        "tipologiaattivita": "ALBERGHI"
      }
    },
    {
      "type": "Feature",
      "id": "v_def_strutture_ricettive_od.1882",
      "geometry": {
        "type": "Point",
        "coordinates": [
          11.256132101848431,
          43.778405591956925
        ]
      },
      "properties": {
        "id": 1882,
        "tipologiaattivita": "AFFITTACAMERE"
      }
    },
    {
      "type": "Feature",
      "id": "v_def_strutture_ricettive_od.1883",
      "geometry": {
        "type": "Point",
        "coordinates": [
          11.256516251863882,
          43.78374242413409
        ]
      },
      "properties": {
        "id": 1883,
        "tipologiaattivita": "BED AND BREAKFAST"
      }
    },
    {
      "type": "Feature",
      "id": "v_def_strutture_ricettive_od.1884",
      "geometry": {
        "type": "Point",
        "coordinates": [
          11.25522648100586,
          43.779309672232515
        ]
      },
      "properties": {
        "id": 1884,
        "tipologiaattivita": "AFFITTACAMERE"
      }
    },
    {
      "type": "Feature",
      "id": "v_def_strutture_ricettive_od.1885",
      "geometry": {
        "type": "Point",
        "coordinates": [
          11.25522648100586,
          43.779309672232515
        ]
      },
      "properties": {
        "id": 1885,
        "tipologiaattivita": "ALBERGHI"
      }
    },
    {
      "type": "Feature",
      "id": "v_def_strutture_ricettive_od.1886",
      "geometry": {
        "type": "Point",
        "coordinates": [
          11.25522648100586,
          43.779309672232515
        ]
      },
      "properties": {
        "id": 1886,
        "tipologiaattivita": "AFFITTACAMERE"
      }
    },
    {
      "type": "Feature",
      "id": "v_def_strutture_ricettive_od.1887",
      "geometry": {
        "type": "Point",
        "coordinates": [
          11.25522648100586,
          43.779309672232515
        ]
      },
      "properties": {
        "id": 1887,
        "tipologiaattivita": "ALBERGHI"
      }
    },
    {
      "type": "Feature",
      "id": "v_def_strutture_ricettive_od.1888",
      "geometry": {
        "type": "Point",
        "coordinates": [
          11.25522648100586,
          43.779309672232515
        ]
      },
      "properties": {
        "id": 1888,
        "tipologiaattivita": "AFFITTACAMERE"
      }
    },
    {
      "type": "Feature",
      "id": "v_def_strutture_ricettive_od.1889",
      "geometry": {
        "type": "Point",
        "coordinates": [
          11.25522648100586,
          43.779309672232515
        ]
      },
      "properties": {
        "id": 1889,
        "tipologiaattivita": "AFFITTACAMERE"
      }
    },
    {
      "type": "Feature",
      "id": "v_def_strutture_ricettive_od.1890",
      "geometry": {
        "type": "Point",
        "coordinates": [
          11.25522648100586,
          43.779309672232515
        ]
      },
      "properties": {
        "id": 1890,
        "tipologiaattivita": "BED AND BREAKFAST"
      }
    },
    {
      "type": "Feature",
      "id": "v_def_strutture_ricettive_od.1891",
      "geometry": {
        "type": "Point",
        "coordinates": [
          11.25522648100586,
          43.779309672232515
        ]
      },
      "properties": {
        "id": 1891,
        "tipologiaattivita": "BED AND BREAKFAST"
      }
    },
    {
      "type": "Feature",
      "id": "v_def_strutture_ricettive_od.1892",
      "geometry": {
        "type": "Point",
        "coordinates": [
          11.258991811828304,
          43.76865540255982
        ]
      },
      "properties": {
        "id": 1892,
        "tipologiaattivita": "CAV"
      }
    },
    {
      "type": "Feature",
      "id": "v_def_strutture_ricettive_od.1893",
      "geometry": {
        "type": "Point",
        "coordinates": [
          11.250002875075001,
          43.77440239118794
        ]
      },
      "properties": {
        "id": 1893,
        "tipologiaattivita": "ALBERGHI"
      }
    },
    {
      "type": "Feature",
      "id": "v_def_strutture_ricettive_od.1894",
      "geometry": {
        "type": "Point",
        "coordinates": [
          11.285631812652817,
          43.773843653501864
        ]
      },
      "properties": {
        "id": 1894,
        "tipologiaattivita": "AFFITTACAMERE"
      }
    },
    {
      "type": "Feature",
      "id": "v_def_strutture_ricettive_od.1895",
      "geometry": {
        "type": "Point",
        "coordinates": [
          11.250009302864816,
          43.77804757642591
        ]
      },
      "properties": {
        "id": 1895,
        "tipologiaattivita": "AFFITTACAMERE"
      }
    },
    {
      "type": "Feature",
      "id": "v_def_strutture_ricettive_od.1896",
      "geometry": {
        "type": "Point",
        "coordinates": [
          11.250009302864816,
          43.77804757642591
        ]
      },
      "properties": {
        "id": 1896,
        "tipologiaattivita": "CAV"
      }
    },
    {
      "type": "Feature",
      "id": "v_def_strutture_ricettive_od.1897",
      "geometry": {
        "type": "Point",
        "coordinates": [
          11.250009302864816,
          43.77804757642591
        ]
      },
      "properties": {
        "id": 1897,
        "tipologiaattivita": "AFFITTACAMERE"
      }
    },
    {
      "type": "Feature",
      "id": "v_def_strutture_ricettive_od.1898",
      "geometry": {
        "type": "Point",
        "coordinates": [
          11.205542583869793,
          43.794720283707406
        ]
      },
      "properties": {
        "id": 1898,
        "tipologiaattivita": "ALBERGHI"
      }
    },
    {
      "type": "Feature",
      "id": "v_def_strutture_ricettive_od.1899",
      "geometry": {
        "type": "Point",
        "coordinates": [
          11.251859230566241,
          43.776242504259386
        ]
      },
      "properties": {
        "id": 1899,
        "tipologiaattivita": "CAV"
      }
    },
    {
      "type": "Feature",
      "id": "v_def_strutture_ricettive_od.1900",
      "geometry": {
        "type": "Point",
        "coordinates": [
          11.248957409553945,
          43.77237980444891
        ]
      },
      "properties": {
        "id": 1900,
        "tipologiaattivita": "ALBERGHI"
      }
    },
    {
      "type": "Feature",
      "id": "v_def_strutture_ricettive_od.1901",
      "geometry": {
        "type": "Point",
        "coordinates": [
          11.24528699462149,
          43.775824850787984
        ]
      },
      "properties": {
        "id": 1901,
        "tipologiaattivita": "BED AND BREAKFAST"
      }
    },
    {
      "type": "Feature",
      "id": "v_def_strutture_ricettive_od.1902",
      "geometry": {
        "type": "Point",
        "coordinates": [
          11.24528699462149,
          43.775824850787984
        ]
      },
      "properties": {
        "id": 1902,
        "tipologiaattivita": "BED AND BREAKFAST"
      }
    },
    {
      "type": "Feature",
      "id": "v_def_strutture_ricettive_od.1903",
      "geometry": {
        "type": "Point",
        "coordinates": [
          11.252386294395139,
          43.77571995090567
        ]
      },
      "properties": {
        "id": 1903,
        "tipologiaattivita": "CAV"
      }
    },
    {
      "type": "Feature",
      "id": "v_def_strutture_ricettive_od.1904",
      "geometry": {
        "type": "Point",
        "coordinates": [
          11.257117429132775,
          43.77486585671033
        ]
      },
      "properties": {
        "id": 1904,
        "tipologiaattivita": "AFFITTACAMERE"
      }
    },
    {
      "type": "Feature",
      "id": "v_def_strutture_ricettive_od.1905",
      "geometry": {
        "type": "Point",
        "coordinates": [
          11.249818477953648,
          43.77610425642151
        ]
      },
      "properties": {
        "id": 1905,
        "tipologiaattivita": "BED AND BREAKFAST"
      }
    },
    {
      "type": "Feature",
      "id": "v_def_strutture_ricettive_od.1906",
      "geometry": {
        "type": "Point",
        "coordinates": [
          11.256909317423332,
          43.777974813215636
        ]
      },
      "properties": {
        "id": 1906,
        "tipologiaattivita": "AFFITTACAMERE"
      }
    },
    {
      "type": "Feature",
      "id": "v_def_strutture_ricettive_od.1907",
      "geometry": {
        "type": "Point",
        "coordinates": [
          11.258427666415516,
          43.77621976926762
        ]
      },
      "properties": {
        "id": 1907,
        "tipologiaattivita": "CAV"
      }
    },
    {
      "type": "Feature",
      "id": "v_def_strutture_ricettive_od.1908",
      "geometry": {
        "type": "Point",
        "coordinates": [
          11.241457337142837,
          43.78330039174322
        ]
      },
      "properties": {
        "id": 1908,
        "tipologiaattivita": "CAV"
      }
    },
    {
      "type": "Feature",
      "id": "v_def_strutture_ricettive_od.1909",
      "geometry": {
        "type": "Point",
        "coordinates": [
          11.2447285192051,
          43.767083319279735
        ]
      },
      "properties": {
        "id": 1909,
        "tipologiaattivita": "CAV"
      }
    },
    {
      "type": "Feature",
      "id": "v_def_strutture_ricettive_od.1910",
      "geometry": {
        "type": "Point",
        "coordinates": [
          11.250136100526996,
          43.77390582332927
        ]
      },
      "properties": {
        "id": 1910,
        "tipologiaattivita": "AFFITTACAMERE"
      }
    },
    {
      "type": "Feature",
      "id": "v_def_strutture_ricettive_od.1911",
      "geometry": {
        "type": "Point",
        "coordinates": [
          11.250136100526996,
          43.77390582332927
        ]
      },
      "properties": {
        "id": 1911,
        "tipologiaattivita": "CAV"
      }
    },
    {
      "type": "Feature",
      "id": "v_def_strutture_ricettive_od.1912",
      "geometry": {
        "type": "Point",
        "coordinates": [
          11.250136100526996,
          43.77390582332927
        ]
      },
      "properties": {
        "id": 1912,
        "tipologiaattivita": "CAV"
      }
    },
    {
      "type": "Feature",
      "id": "v_def_strutture_ricettive_od.1913",
      "geometry": {
        "type": "Point",
        "coordinates": [
          11.250136100526996,
          43.77390582332927
        ]
      },
      "properties": {
        "id": 1913,
        "tipologiaattivita": "CAV"
      }
    },
    {
      "type": "Feature",
      "id": "v_def_strutture_ricettive_od.1914",
      "geometry": {
        "type": "Point",
        "coordinates": [
          11.25104039579572,
          43.76788715408159
        ]
      },
      "properties": {
        "id": 1914,
        "tipologiaattivita": "AFFITTACAMERE"
      }
    },
    {
      "type": "Feature",
      "id": "v_def_strutture_ricettive_od.1915",
      "geometry": {
        "type": "Point",
        "coordinates": [
          11.25104039579572,
          43.76788715408159
        ]
      },
      "properties": {
        "id": 1915,
        "tipologiaattivita": "AFFITTACAMERE"
      }
    },
    {
      "type": "Feature",
      "id": "v_def_strutture_ricettive_od.1916",
      "geometry": {
        "type": "Point",
        "coordinates": [
          11.26558882583521,
          43.7696358112452
        ]
      },
      "properties": {
        "id": 1916,
        "tipologiaattivita": "CAV"
      }
    },
    {
      "type": "Feature",
      "id": "v_def_strutture_ricettive_od.1917",
      "geometry": {
        "type": "Point",
        "coordinates": [
          11.245477164303178,
          43.76485046151939
        ]
      },
      "properties": {
        "id": 1917,
        "tipologiaattivita": "AFFITTACAMERE"
      }
    },
    {
      "type": "Feature",
      "id": "v_def_strutture_ricettive_od.1918",
      "geometry": {
        "type": "Point",
        "coordinates": [
          11.245477164303178,
          43.76485046151939
        ]
      },
      "properties": {
        "id": 1918,
        "tipologiaattivita": "AFFITTACAMERE"
      }
    },
    {
      "type": "Feature",
      "id": "v_def_strutture_ricettive_od.1919",
      "geometry": {
        "type": "Point",
        "coordinates": [
          11.24581495155156,
          43.76927341646389
        ]
      },
      "properties": {
        "id": 1919,
        "tipologiaattivita": "AFFITTACAMERE"
      }
    },
    {
      "type": "Feature",
      "id": "v_def_strutture_ricettive_od.1920",
      "geometry": {
        "type": "Point",
        "coordinates": [
          11.24581495155156,
          43.76927341646389
        ]
      },
      "properties": {
        "id": 1920,
        "tipologiaattivita": "RESIDENZA D'EPOCA"
      }
    },
    {
      "type": "Feature",
      "id": "v_def_strutture_ricettive_od.1921",
      "geometry": {
        "type": "Point",
        "coordinates": [
          11.24581495155156,
          43.76927341646389
        ]
      },
      "properties": {
        "id": 1921,
        "tipologiaattivita": "RESIDENZA D'EPOCA"
      }
    },
    {
      "type": "Feature",
      "id": "v_def_strutture_ricettive_od.1922",
      "geometry": {
        "type": "Point",
        "coordinates": [
          11.24581495155156,
          43.76927341646389
        ]
      },
      "properties": {
        "id": 1922,
        "tipologiaattivita": "RESIDENZA D'EPOCA"
      }
    },
    {
      "type": "Feature",
      "id": "v_def_strutture_ricettive_od.1923",
      "geometry": {
        "type": "Point",
        "coordinates": [
          11.24581495155156,
          43.76927341646389
        ]
      },
      "properties": {
        "id": 1923,
        "tipologiaattivita": "BED AND BREAKFAST"
      }
    },
    {
      "type": "Feature",
      "id": "v_def_strutture_ricettive_od.1924",
      "geometry": {
        "type": "Point",
        "coordinates": [
          11.282199833221169,
          43.758589441626256
        ]
      },
      "properties": {
        "id": 1924,
        "tipologiaattivita": "BED AND BREAKFAST"
      }
    },
    {
      "type": "Feature",
      "id": "v_def_strutture_ricettive_od.1925",
      "geometry": {
        "type": "Point",
        "coordinates": [
          11.257278838263245,
          43.771101009894984
        ]
      },
      "properties": {
        "id": 1925,
        "tipologiaattivita": "CAV"
      }
    },
    {
      "type": "Feature",
      "id": "v_def_strutture_ricettive_od.1926",
      "geometry": {
        "type": "Point",
        "coordinates": [
          11.252755272556064,
          43.777666770787505
        ]
      },
      "properties": {
        "id": 1926,
        "tipologiaattivita": "AFFITTACAMERE"
      }
    },
    {
      "type": "Feature",
      "id": "v_def_strutture_ricettive_od.1927",
      "geometry": {
        "type": "Point",
        "coordinates": [
          11.248342416200755,
          43.79490074963071
        ]
      },
      "properties": {
        "id": 1927,
        "tipologiaattivita": "AFFITTACAMERE"
      }
    },
    {
      "type": "Feature",
      "id": "v_def_strutture_ricettive_od.1928",
      "geometry": {
        "type": "Point",
        "coordinates": [
          11.253806977255143,
          43.775510229695165
        ]
      },
      "properties": {
        "id": 1928,
        "tipologiaattivita": "ALBERGHI"
      }
    },
    {
      "type": "Feature",
      "id": "v_def_strutture_ricettive_od.1929",
      "geometry": {
        "type": "Point",
        "coordinates": [
          11.253755915605261,
          43.780820343000336
        ]
      },
      "properties": {
        "id": 1929,
        "tipologiaattivita": "ALBERGHI"
      }
    },
    {
      "type": "Feature",
      "id": "v_def_strutture_ricettive_od.1930",
      "geometry": {
        "type": "Point",
        "coordinates": [
          11.272770698022496,
          43.76849578821935
        ]
      },
      "properties": {
        "id": 1930,
        "tipologiaattivita": "AFFITTACAMERE"
      }
    },
    {
      "type": "Feature",
      "id": "v_def_strutture_ricettive_od.1931",
      "geometry": {
        "type": "Point",
        "coordinates": [
          11.222124697490127,
          43.77380998785393
        ]
      },
      "properties": {
        "id": 1931,
        "tipologiaattivita": "BED AND BREAKFAST"
      }
    },
    {
      "type": "Feature",
      "id": "v_def_strutture_ricettive_od.1932",
      "geometry": {
        "type": "Point",
        "coordinates": [
          11.251774809700086,
          43.77482763732055
        ]
      },
      "properties": {
        "id": 1932,
        "tipologiaattivita": "AFFITTACAMERE"
      }
    },
    {
      "type": "Feature",
      "id": "v_def_strutture_ricettive_od.1933",
      "geometry": {
        "type": "Point",
        "coordinates": [
          11.251774809700086,
          43.77482763732055
        ]
      },
      "properties": {
        "id": 1933,
        "tipologiaattivita": "BED AND BREAKFAST"
      }
    },
    {
      "type": "Feature",
      "id": "v_def_strutture_ricettive_od.1934",
      "geometry": {
        "type": "Point",
        "coordinates": [
          11.260053016433462,
          43.78206745898477
        ]
      },
      "properties": {
        "id": 1934,
        "tipologiaattivita": "ALBERGHI"
      }
    },
    {
      "type": "Feature",
      "id": "v_def_strutture_ricettive_od.1935",
      "geometry": {
        "type": "Point",
        "coordinates": [
          11.2716091276715,
          43.76271003193227
        ]
      },
      "properties": {
        "id": 1935,
        "tipologiaattivita": "AFFITTACAMERE"
      }
    },
    {
      "type": "Feature",
      "id": "v_def_strutture_ricettive_od.1936",
      "geometry": {
        "type": "Point",
        "coordinates": [
          11.2716091276715,
          43.76271003193227
        ]
      },
      "properties": {
        "id": 1936,
        "tipologiaattivita": "AFFITTACAMERE"
      }
    },
    {
      "type": "Feature",
      "id": "v_def_strutture_ricettive_od.1937",
      "geometry": {
        "type": "Point",
        "coordinates": [
          11.25403529049449,
          43.77026884371638
        ]
      },
      "properties": {
        "id": 1937,
        "tipologiaattivita": "AFFITTACAMERE"
      }
    },
    {
      "type": "Feature",
      "id": "v_def_strutture_ricettive_od.1938",
      "geometry": {
        "type": "Point",
        "coordinates": [
          11.25403529049449,
          43.77026884371638
        ]
      },
      "properties": {
        "id": 1938,
        "tipologiaattivita": "AFFITTACAMERE"
      }
    },
    {
      "type": "Feature",
      "id": "v_def_strutture_ricettive_od.1939",
      "geometry": {
        "type": "Point",
        "coordinates": [
          11.262287819744408,
          43.77751043597167
        ]
      },
      "properties": {
        "id": 1939,
        "tipologiaattivita": "CAV"
      }
    },
    {
      "type": "Feature",
      "id": "v_def_strutture_ricettive_od.1940",
      "geometry": {
        "type": "Point",
        "coordinates": [
          11.24896273749915,
          43.773549908797044
        ]
      },
      "properties": {
        "id": 1940,
        "tipologiaattivita": "AFFITTACAMERE"
      }
    },
    {
      "type": "Feature",
      "id": "v_def_strutture_ricettive_od.1941",
      "geometry": {
        "type": "Point",
        "coordinates": [
          11.269531045753046,
          43.772309567122605
        ]
      },
      "properties": {
        "id": 1941,
        "tipologiaattivita": "BED AND BREAKFAST"
      }
    },
    {
      "type": "Feature",
      "id": "v_def_strutture_ricettive_od.1942",
      "geometry": {
        "type": "Point",
        "coordinates": [
          11.258327616147806,
          43.77379980293903
        ]
      },
      "properties": {
        "id": 1942,
        "tipologiaattivita": "CAV"
      }
    },
    {
      "type": "Feature",
      "id": "v_def_strutture_ricettive_od.1943",
      "geometry": {
        "type": "Point",
        "coordinates": [
          11.258327616147806,
          43.77379980293903
        ]
      },
      "properties": {
        "id": 1943,
        "tipologiaattivita": "BED AND BREAKFAST"
      }
    },
    {
      "type": "Feature",
      "id": "v_def_strutture_ricettive_od.1944",
      "geometry": {
        "type": "Point",
        "coordinates": [
          11.260378927139026,
          43.780526820226314
        ]
      },
      "properties": {
        "id": 1944,
        "tipologiaattivita": "CAV"
      }
    },
    {
      "type": "Feature",
      "id": "v_def_strutture_ricettive_od.1945",
      "geometry": {
        "type": "Point",
        "coordinates": [
          11.263430360037288,
          43.76861377007323
        ]
      },
      "properties": {
        "id": 1945,
        "tipologiaattivita": "CAV"
      }
    },
    {
      "type": "Feature",
      "id": "v_def_strutture_ricettive_od.1946",
      "geometry": {
        "type": "Point",
        "coordinates": [
          11.267176387105975,
          43.775090771399526
        ]
      },
      "properties": {
        "id": 1946,
        "tipologiaattivita": "BED AND BREAKFAST"
      }
    },
    {
      "type": "Feature",
      "id": "v_def_strutture_ricettive_od.1947",
      "geometry": {
        "type": "Point",
        "coordinates": [
          11.267176387105975,
          43.775090771399526
        ]
      },
      "properties": {
        "id": 1947,
        "tipologiaattivita": "BED AND BREAKFAST"
      }
    },
    {
      "type": "Feature",
      "id": "v_def_strutture_ricettive_od.1948",
      "geometry": {
        "type": "Point",
        "coordinates": [
          11.23624013174032,
          43.80885716393753
        ]
      },
      "properties": {
        "id": 1948,
        "tipologiaattivita": "AFFITTACAMERE"
      }
    },
    {
      "type": "Feature",
      "id": "v_def_strutture_ricettive_od.1949",
      "geometry": {
        "type": "Point",
        "coordinates": [
          11.241796805066494,
          43.79746776014492
        ]
      },
      "properties": {
        "id": 1949,
        "tipologiaattivita": "ALBERGHI"
      }
    },
    {
      "type": "Feature",
      "id": "v_def_strutture_ricettive_od.1950",
      "geometry": {
        "type": "Point",
        "coordinates": [
          11.2555577388711,
          43.77608121699131
        ]
      },
      "properties": {
        "id": 1950,
        "tipologiaattivita": "ALBERGHI"
      }
    },
    {
      "type": "Feature",
      "id": "v_def_strutture_ricettive_od.1951",
      "geometry": {
        "type": "Point",
        "coordinates": [
          11.257399576472288,
          43.77250440372088
        ]
      },
      "properties": {
        "id": 1951,
        "tipologiaattivita": "CAV"
      }
    },
    {
      "type": "Feature",
      "id": "v_def_strutture_ricettive_od.1952",
      "geometry": {
        "type": "Point",
        "coordinates": [
          11.205467321531593,
          43.77876284941677
        ]
      },
      "properties": {
        "id": 1952,
        "tipologiaattivita": "AFFITTACAMERE"
      }
    },
    {
      "type": "Feature",
      "id": "v_def_strutture_ricettive_od.1953",
      "geometry": {
        "type": "Point",
        "coordinates": [
          11.243990754148141,
          43.74232926055198
        ]
      },
      "properties": {
        "id": 1953,
        "tipologiaattivita": "AFFITTACAMERE"
      }
    },
    {
      "type": "Feature",
      "id": "v_def_strutture_ricettive_od.1954",
      "geometry": {
        "type": "Point",
        "coordinates": [
          11.274798514245049,
          43.76183767449386
        ]
      },
      "properties": {
        "id": 1954,
        "tipologiaattivita": "BED AND BREAKFAST"
      }
    },
    {
      "type": "Feature",
      "id": "v_def_strutture_ricettive_od.1955",
      "geometry": {
        "type": "Point",
        "coordinates": [
          11.270437544624428,
          43.77126629154906
        ]
      },
      "properties": {
        "id": 1955,
        "tipologiaattivita": "BED AND BREAKFAST"
      }
    },
    {
      "type": "Feature",
      "id": "v_def_strutture_ricettive_od.1956",
      "geometry": {
        "type": "Point",
        "coordinates": [
          11.243218749510238,
          43.76317133464117
        ]
      },
      "properties": {
        "id": 1956,
        "tipologiaattivita": "BED AND BREAKFAST"
      }
    },
    {
      "type": "Feature",
      "id": "v_def_strutture_ricettive_od.1957",
      "geometry": {
        "type": "Point",
        "coordinates": [
          11.234964937286389,
          43.77138364563866
        ]
      },
      "properties": {
        "id": 1957,
        "tipologiaattivita": "CAV"
      }
    },
    {
      "type": "Feature",
      "id": "v_def_strutture_ricettive_od.1958",
      "geometry": {
        "type": "Point",
        "coordinates": [
          11.256056918031412,
          43.77831483541954
        ]
      },
      "properties": {
        "id": 1958,
        "tipologiaattivita": "AFFITTACAMERE"
      }
    },
    {
      "type": "Feature",
      "id": "v_def_strutture_ricettive_od.1959",
      "geometry": {
        "type": "Point",
        "coordinates": [
          11.258236071990293,
          43.773950856376864
        ]
      },
      "properties": {
        "id": 1959,
        "tipologiaattivita": "CAV"
      }
    },
    {
      "type": "Feature",
      "id": "v_def_strutture_ricettive_od.1960",
      "geometry": {
        "type": "Point",
        "coordinates": [
          11.258236071990293,
          43.773950856376864
        ]
      },
      "properties": {
        "id": 1960,
        "tipologiaattivita": "CAV"
      }
    },
    {
      "type": "Feature",
      "id": "v_def_strutture_ricettive_od.1961",
      "geometry": {
        "type": "Point",
        "coordinates": [
          11.258236071990293,
          43.773950856376864
        ]
      },
      "properties": {
        "id": 1961,
        "tipologiaattivita": "CAV"
      }
    },
    {
      "type": "Feature",
      "id": "v_def_strutture_ricettive_od.1962",
      "geometry": {
        "type": "Point",
        "coordinates": [
          11.250527315451965,
          43.77912869756256
        ]
      },
      "properties": {
        "id": 1962,
        "tipologiaattivita": "BED AND BREAKFAST"
      }
    },
    {
      "type": "Feature",
      "id": "v_def_strutture_ricettive_od.1963",
      "geometry": {
        "type": "Point",
        "coordinates": [
          11.235057089197047,
          43.77119331169536
        ]
      },
      "properties": {
        "id": 1963,
        "tipologiaattivita": "AFFITTACAMERE"
      }
    },
    {
      "type": "Feature",
      "id": "v_def_strutture_ricettive_od.1964",
      "geometry": {
        "type": "Point",
        "coordinates": [
          11.235057089197047,
          43.77119331169536
        ]
      },
      "properties": {
        "id": 1964,
        "tipologiaattivita": "AFFITTACAMERE"
      }
    },
    {
      "type": "Feature",
      "id": "v_def_strutture_ricettive_od.1965",
      "geometry": {
        "type": "Point",
        "coordinates": [
          11.22365754325068,
          43.76987123847729
        ]
      },
      "properties": {
        "id": 1965,
        "tipologiaattivita": "CAV"
      }
    },
    {
      "type": "Feature",
      "id": "v_def_strutture_ricettive_od.1966",
      "geometry": {
        "type": "Point",
        "coordinates": [
          11.22365754325068,
          43.76987123847729
        ]
      },
      "properties": {
        "id": 1966,
        "tipologiaattivita": "AFFITTACAMERE"
      }
    },
    {
      "type": "Feature",
      "id": "v_def_strutture_ricettive_od.1967",
      "geometry": {
        "type": "Point",
        "coordinates": [
          11.257056310429501,
          43.776571342798555
        ]
      },
      "properties": {
        "id": 1967,
        "tipologiaattivita": "ALBERGHI"
      }
    },
    {
      "type": "Feature",
      "id": "v_def_strutture_ricettive_od.1968",
      "geometry": {
        "type": "Point",
        "coordinates": [
          11.263951221882637,
          43.78097202380522
        ]
      },
      "properties": {
        "id": 1968,
        "tipologiaattivita": "BED AND BREAKFAST"
      }
    },
    {
      "type": "Feature",
      "id": "v_def_strutture_ricettive_od.1969",
      "geometry": {
        "type": "Point",
        "coordinates": [
          11.263206316907866,
          43.773511944301475
        ]
      },
      "properties": {
        "id": 1969,
        "tipologiaattivita": "CAV"
      }
    },
    {
      "type": "Feature",
      "id": "v_def_strutture_ricettive_od.1970",
      "geometry": {
        "type": "Point",
        "coordinates": [
          11.258513997556092,
          43.77062451347934
        ]
      },
      "properties": {
        "id": 1970,
        "tipologiaattivita": "AFFITTACAMERE"
      }
    },
    {
      "type": "Feature",
      "id": "v_def_strutture_ricettive_od.1971",
      "geometry": {
        "type": "Point",
        "coordinates": [
          11.264457653963662,
          43.76984442439611
        ]
      },
      "properties": {
        "id": 1971,
        "tipologiaattivita": "CAV"
      }
    },
    {
      "type": "Feature",
      "id": "v_def_strutture_ricettive_od.1972",
      "geometry": {
        "type": "Point",
        "coordinates": [
          11.245355610563106,
          43.77800532943262
        ]
      },
      "properties": {
        "id": 1972,
        "tipologiaattivita": "AFFITTACAMERE"
      }
    },
    {
      "type": "Feature",
      "id": "v_def_strutture_ricettive_od.1973",
      "geometry": {
        "type": "Point",
        "coordinates": [
          11.245355610563106,
          43.77800532943262
        ]
      },
      "properties": {
        "id": 1973,
        "tipologiaattivita": "BED AND BREAKFAST"
      }
    },
    {
      "type": "Feature",
      "id": "v_def_strutture_ricettive_od.1974",
      "geometry": {
        "type": "Point",
        "coordinates": [
          11.245355610563106,
          43.77800532943262
        ]
      },
      "properties": {
        "id": 1974,
        "tipologiaattivita": "BED AND BREAKFAST"
      }
    },
    {
      "type": "Feature",
      "id": "v_def_strutture_ricettive_od.1975",
      "geometry": {
        "type": "Point",
        "coordinates": [
          11.32156604747784,
          43.779021955652546
        ]
      },
      "properties": {
        "id": 1975,
        "tipologiaattivita": "AFFITTACAMERE"
      }
    },
    {
      "type": "Feature",
      "id": "v_def_strutture_ricettive_od.1976",
      "geometry": {
        "type": "Point",
        "coordinates": [
          11.239886978174157,
          43.80273239037603
        ]
      },
      "properties": {
        "id": 1976,
        "tipologiaattivita": "ALBERGHI"
      }
    },
    {
      "type": "Feature",
      "id": "v_def_strutture_ricettive_od.1977",
      "geometry": {
        "type": "Point",
        "coordinates": [
          11.30418029714804,
          43.78096020648107
        ]
      },
      "properties": {
        "id": 1977,
        "tipologiaattivita": "ALBERGHI"
      }
    },
    {
      "type": "Feature",
      "id": "v_def_strutture_ricettive_od.1978",
      "geometry": {
        "type": "Point",
        "coordinates": [
          11.244209629896156,
          43.774685120005856
        ]
      },
      "properties": {
        "id": 1978,
        "tipologiaattivita": "CAV"
      }
    },
    {
      "type": "Feature",
      "id": "v_def_strutture_ricettive_od.1979",
      "geometry": {
        "type": "Point",
        "coordinates": [
          11.24357639158707,
          43.77906068487921
        ]
      },
      "properties": {
        "id": 1979,
        "tipologiaattivita": "ALBERGHI"
      }
    },
    {
      "type": "Feature",
      "id": "v_def_strutture_ricettive_od.1980",
      "geometry": {
        "type": "Point",
        "coordinates": [
          11.25337946687945,
          43.77815022041417
        ]
      },
      "properties": {
        "id": 1980,
        "tipologiaattivita": "AFFITTACAMERE"
      }
    },
    {
      "type": "Feature",
      "id": "v_def_strutture_ricettive_od.1981",
      "geometry": {
        "type": "Point",
        "coordinates": [
          11.25337946687945,
          43.77815022041417
        ]
      },
      "properties": {
        "id": 1981,
        "tipologiaattivita": "AFFITTACAMERE"
      }
    },
    {
      "type": "Feature",
      "id": "v_def_strutture_ricettive_od.1982",
      "geometry": {
        "type": "Point",
        "coordinates": [
          11.25337946687945,
          43.77815022041417
        ]
      },
      "properties": {
        "id": 1982,
        "tipologiaattivita": "AFFITTACAMERE"
      }
    },
    {
      "type": "Feature",
      "id": "v_def_strutture_ricettive_od.1983",
      "geometry": {
        "type": "Point",
        "coordinates": [
          11.250896266815719,
          43.77521331715098
        ]
      },
      "properties": {
        "id": 1983,
        "tipologiaattivita": "BED AND BREAKFAST"
      }
    },
    {
      "type": "Feature",
      "id": "v_def_strutture_ricettive_od.1984",
      "geometry": {
        "type": "Point",
        "coordinates": [
          11.247956271928766,
          43.768634758650336
        ]
      },
      "properties": {
        "id": 1984,
        "tipologiaattivita": "AFFITTACAMERE"
      }
    },
    {
      "type": "Feature",
      "id": "v_def_strutture_ricettive_od.1985",
      "geometry": {
        "type": "Point",
        "coordinates": [
          11.249344026025598,
          43.76754315885292
        ]
      },
      "properties": {
        "id": 1985,
        "tipologiaattivita": "CAV"
      }
    },
    {
      "type": "Feature",
      "id": "v_def_strutture_ricettive_od.1986",
      "geometry": {
        "type": "Point",
        "coordinates": [
          11.25468466916726,
          43.77565855172383
        ]
      },
      "properties": {
        "id": 1986,
        "tipologiaattivita": "AFFITTACAMERE"
      }
    },
    {
      "type": "Feature",
      "id": "v_def_strutture_ricettive_od.1987",
      "geometry": {
        "type": "Point",
        "coordinates": [
          11.25468466916726,
          43.77565855172383
        ]
      },
      "properties": {
        "id": 1987,
        "tipologiaattivita": "AFFITTACAMERE"
      }
    },
    {
      "type": "Feature",
      "id": "v_def_strutture_ricettive_od.1988",
      "geometry": {
        "type": "Point",
        "coordinates": [
          11.253032625593725,
          43.77836181496271
        ]
      },
      "properties": {
        "id": 1988,
        "tipologiaattivita": "ALBERGHI"
      }
    },
    {
      "type": "Feature",
      "id": "v_def_strutture_ricettive_od.1989",
      "geometry": {
        "type": "Point",
        "coordinates": [
          11.241107161049824,
          43.775258877351924
        ]
      },
      "properties": {
        "id": 1989,
        "tipologiaattivita": "ALBERGHI"
      }
    },
    {
      "type": "Feature",
      "id": "v_def_strutture_ricettive_od.1990",
      "geometry": {
        "type": "Point",
        "coordinates": [
          11.220488901194512,
          43.770617046564105
        ]
      },
      "properties": {
        "id": 1990,
        "tipologiaattivita": "AFFITTACAMERE"
      }
    },
    {
      "type": "Feature",
      "id": "v_def_strutture_ricettive_od.1991",
      "geometry": {
        "type": "Point",
        "coordinates": [
          11.260730689923616,
          43.780964305867606
        ]
      },
      "properties": {
        "id": 1991,
        "tipologiaattivita": "BED AND BREAKFAST"
      }
    },
    {
      "type": "Feature",
      "id": "v_def_strutture_ricettive_od.1992",
      "geometry": {
        "type": "Point",
        "coordinates": [
          11.260730689923616,
          43.780964305867606
        ]
      },
      "properties": {
        "id": 1992,
        "tipologiaattivita": "BED AND BREAKFAST"
      }
    },
    {
      "type": "Feature",
      "id": "v_def_strutture_ricettive_od.1993",
      "geometry": {
        "type": "Point",
        "coordinates": [
          11.224495078270833,
          43.79112574812779
        ]
      },
      "properties": {
        "id": 1993,
        "tipologiaattivita": "AFFITTACAMERE"
      }
    },
    {
      "type": "Feature",
      "id": "v_def_strutture_ricettive_od.1994",
      "geometry": {
        "type": "Point",
        "coordinates": [
          11.260515611822495,
          43.82277749957662
        ]
      },
      "properties": {
        "id": 1994,
        "tipologiaattivita": "AFFITTACAMERE"
      }
    },
    {
      "type": "Feature",
      "id": "v_def_strutture_ricettive_od.1995",
      "geometry": {
        "type": "Point",
        "coordinates": [
          11.251806050853116,
          43.745671680289725
        ]
      },
      "properties": {
        "id": 1995,
        "tipologiaattivita": "AFFITTACAMERE"
      }
    },
    {
      "type": "Feature",
      "id": "v_def_strutture_ricettive_od.1996",
      "geometry": {
        "type": "Point",
        "coordinates": [
          11.251806050853116,
          43.745671680289725
        ]
      },
      "properties": {
        "id": 1996,
        "tipologiaattivita": "CAV"
      }
    },
    {
      "type": "Feature",
      "id": "v_def_strutture_ricettive_od.1997",
      "geometry": {
        "type": "Point",
        "coordinates": [
          11.242417509228126,
          43.80756912310572
        ]
      },
      "properties": {
        "id": 1997,
        "tipologiaattivita": "AFFITTACAMERE"
      }
    },
    {
      "type": "Feature",
      "id": "v_def_strutture_ricettive_od.1998",
      "geometry": {
        "type": "Point",
        "coordinates": [
          11.259965998419746,
          43.78210011274477
        ]
      },
      "properties": {
        "id": 1998,
        "tipologiaattivita": "AFFITTACAMERE"
      }
    },
    {
      "type": "Feature",
      "id": "v_def_strutture_ricettive_od.1999",
      "geometry": {
        "type": "Point",
        "coordinates": [
          11.262287511704521,
          43.77061187175302
        ]
      },
      "properties": {
        "id": 1999,
        "tipologiaattivita": "CAV"
      }
    },
    {
      "type": "Feature",
      "id": "v_def_strutture_ricettive_od.2000",
      "geometry": {
        "type": "Point",
        "coordinates": [
          11.24357724257172,
          43.78211749545013
        ]
      },
      "properties": {
        "id": 2000,
        "tipologiaattivita": "AFFITTACAMERE"
      }
    },
    {
      "type": "Feature",
      "id": "v_def_strutture_ricettive_od.2001",
      "geometry": {
        "type": "Point",
        "coordinates": [
          11.24357724257172,
          43.78211749545013
        ]
      },
      "properties": {
        "id": 2001,
        "tipologiaattivita": "BED AND BREAKFAST"
      }
    },
    {
      "type": "Feature",
      "id": "v_def_strutture_ricettive_od.2002",
      "geometry": {
        "type": "Point",
        "coordinates": [
          11.259857707131651,
          43.7757608044397
        ]
      },
      "properties": {
        "id": 2002,
        "tipologiaattivita": "ALBERGHI"
      }
    },
    {
      "type": "Feature",
      "id": "v_def_strutture_ricettive_od.2003",
      "geometry": {
        "type": "Point",
        "coordinates": [
          11.25274289261692,
          43.769789102643486
        ]
      },
      "properties": {
        "id": 2003,
        "tipologiaattivita": "CAV"
      }
    },
    {
      "type": "Feature",
      "id": "v_def_strutture_ricettive_od.2004",
      "geometry": {
        "type": "Point",
        "coordinates": [
          11.255882536291901,
          43.77084359076996
        ]
      },
      "properties": {
        "id": 2004,
        "tipologiaattivita": "AFFITTACAMERE"
      }
    },
    {
      "type": "Feature",
      "id": "v_def_strutture_ricettive_od.2005",
      "geometry": {
        "type": "Point",
        "coordinates": [
          11.255882536291901,
          43.77084359076996
        ]
      },
      "properties": {
        "id": 2005,
        "tipologiaattivita": "BED AND BREAKFAST"
      }
    },
    {
      "type": "Feature",
      "id": "v_def_strutture_ricettive_od.2006",
      "geometry": {
        "type": "Point",
        "coordinates": [
          11.255198694269922,
          43.784148177924386
        ]
      },
      "properties": {
        "id": 2006,
        "tipologiaattivita": "AFFITTACAMERE"
      }
    },
    {
      "type": "Feature",
      "id": "v_def_strutture_ricettive_od.2007",
      "geometry": {
        "type": "Point",
        "coordinates": [
          11.255198694269922,
          43.784148177924386
        ]
      },
      "properties": {
        "id": 2007,
        "tipologiaattivita": "BED AND BREAKFAST"
      }
    },
    {
      "type": "Feature",
      "id": "v_def_strutture_ricettive_od.2008",
      "geometry": {
        "type": "Point",
        "coordinates": [
          11.258116241644029,
          43.777647802116505
        ]
      },
      "properties": {
        "id": 2008,
        "tipologiaattivita": "ALBERGHI"
      }
    },
    {
      "type": "Feature",
      "id": "v_def_strutture_ricettive_od.2009",
      "geometry": {
        "type": "Point",
        "coordinates": [
          11.273967527837526,
          43.76799086263101
        ]
      },
      "properties": {
        "id": 2009,
        "tipologiaattivita": "AFFITTACAMERE"
      }
    },
    {
      "type": "Feature",
      "id": "v_def_strutture_ricettive_od.2010",
      "geometry": {
        "type": "Point",
        "coordinates": [
          11.26999707222761,
          43.7869261720639
        ]
      },
      "properties": {
        "id": 2010,
        "tipologiaattivita": "AFFITTACAMERE"
      }
    },
    {
      "type": "Feature",
      "id": "v_def_strutture_ricettive_od.2011",
      "geometry": {
        "type": "Point",
        "coordinates": [
          11.292503199314897,
          43.74232429996657
        ]
      },
      "properties": {
        "id": 2011,
        "tipologiaattivita": "AGRITURISMO"
      }
    },
    {
      "type": "Feature",
      "id": "v_def_strutture_ricettive_od.2012",
      "geometry": {
        "type": "Point",
        "coordinates": [
          11.25226705240486,
          43.76721457282333
        ]
      },
      "properties": {
        "id": 2012,
        "tipologiaattivita": "AFFITTACAMERE"
      }
    },
    {
      "type": "Feature",
      "id": "v_def_strutture_ricettive_od.2013",
      "geometry": {
        "type": "Point",
        "coordinates": [
          11.2549080853909,
          43.777634926300465
        ]
      },
      "properties": {
        "id": 2013,
        "tipologiaattivita": "CAV"
      }
    },
    {
      "type": "Feature",
      "id": "v_def_strutture_ricettive_od.2014",
      "geometry": {
        "type": "Point",
        "coordinates": [
          11.2549080853909,
          43.777634926300465
        ]
      },
      "properties": {
        "id": 2014,
        "tipologiaattivita": "CAV"
      }
    },
    {
      "type": "Feature",
      "id": "v_def_strutture_ricettive_od.2015",
      "geometry": {
        "type": "Point",
        "coordinates": [
          11.24935139088854,
          43.790643222118426
        ]
      },
      "properties": {
        "id": 2015,
        "tipologiaattivita": "CAV"
      }
    },
    {
      "type": "Feature",
      "id": "v_def_strutture_ricettive_od.2016",
      "geometry": {
        "type": "Point",
        "coordinates": [
          11.25807718534648,
          43.774237637403466
        ]
      },
      "properties": {
        "id": 2016,
        "tipologiaattivita": "CAV"
      }
    },
    {
      "type": "Feature",
      "id": "v_def_strutture_ricettive_od.2017",
      "geometry": {
        "type": "Point",
        "coordinates": [
          11.256726778149792,
          43.77132104123544
        ]
      },
      "properties": {
        "id": 2017,
        "tipologiaattivita": "ALBERGHI"
      }
    },
    {
      "type": "Feature",
      "id": "v_def_strutture_ricettive_od.2018",
      "geometry": {
        "type": "Point",
        "coordinates": [
          11.25647504900798,
          43.78059534560487
        ]
      },
      "properties": {
        "id": 2018,
        "tipologiaattivita": "BED AND BREAKFAST"
      }
    },
    {
      "type": "Feature",
      "id": "v_def_strutture_ricettive_od.2019",
      "geometry": {
        "type": "Point",
        "coordinates": [
          11.259952672245909,
          43.76837539897029
        ]
      },
      "properties": {
        "id": 2019,
        "tipologiaattivita": "CAV"
      }
    },
    {
      "type": "Feature",
      "id": "v_def_strutture_ricettive_od.2020",
      "geometry": {
        "type": "Point",
        "coordinates": [
          11.252168819067013,
          43.786369820765486
        ]
      },
      "properties": {
        "id": 2020,
        "tipologiaattivita": "CAV"
      }
    },
    {
      "type": "Feature",
      "id": "v_def_strutture_ricettive_od.2021",
      "geometry": {
        "type": "Point",
        "coordinates": [
          11.252168819067013,
          43.786369820765486
        ]
      },
      "properties": {
        "id": 2021,
        "tipologiaattivita": "BED AND BREAKFAST"
      }
    },
    {
      "type": "Feature",
      "id": "v_def_strutture_ricettive_od.2022",
      "geometry": {
        "type": "Point",
        "coordinates": [
          11.254541597719797,
          43.76565788718286
        ]
      },
      "properties": {
        "id": 2022,
        "tipologiaattivita": "CAV"
      }
    },
    {
      "type": "Feature",
      "id": "v_def_strutture_ricettive_od.2023",
      "geometry": {
        "type": "Point",
        "coordinates": [
          11.245081922222854,
          43.778519268244324
        ]
      },
      "properties": {
        "id": 2023,
        "tipologiaattivita": "AFFITTACAMERE"
      }
    },
    {
      "type": "Feature",
      "id": "v_def_strutture_ricettive_od.2024",
      "geometry": {
        "type": "Point",
        "coordinates": [
          11.245081922222854,
          43.778519268244324
        ]
      },
      "properties": {
        "id": 2024,
        "tipologiaattivita": "AFFITTACAMERE"
      }
    },
    {
      "type": "Feature",
      "id": "v_def_strutture_ricettive_od.2025",
      "geometry": {
        "type": "Point",
        "coordinates": [
          11.245081922222854,
          43.778519268244324
        ]
      },
      "properties": {
        "id": 2025,
        "tipologiaattivita": "AFFITTACAMERE"
      }
    },
    {
      "type": "Feature",
      "id": "v_def_strutture_ricettive_od.2026",
      "geometry": {
        "type": "Point",
        "coordinates": [
          11.245081922222854,
          43.778519268244324
        ]
      },
      "properties": {
        "id": 2026,
        "tipologiaattivita": "AFFITTACAMERE"
      }
    },
    {
      "type": "Feature",
      "id": "v_def_strutture_ricettive_od.2027",
      "geometry": {
        "type": "Point",
        "coordinates": [
          11.245081922222854,
          43.778519268244324
        ]
      },
      "properties": {
        "id": 2027,
        "tipologiaattivita": "AFFITTACAMERE"
      }
    },
    {
      "type": "Feature",
      "id": "v_def_strutture_ricettive_od.2028",
      "geometry": {
        "type": "Point",
        "coordinates": [
          11.245081922222854,
          43.778519268244324
        ]
      },
      "properties": {
        "id": 2028,
        "tipologiaattivita": "ALBERGHI"
      }
    },
    {
      "type": "Feature",
      "id": "v_def_strutture_ricettive_od.2029",
      "geometry": {
        "type": "Point",
        "coordinates": [
          11.245081922222854,
          43.778519268244324
        ]
      },
      "properties": {
        "id": 2029,
        "tipologiaattivita": "AFFITTACAMERE"
      }
    },
    {
      "type": "Feature",
      "id": "v_def_strutture_ricettive_od.2030",
      "geometry": {
        "type": "Point",
        "coordinates": [
          11.245081922222854,
          43.778519268244324
        ]
      },
      "properties": {
        "id": 2030,
        "tipologiaattivita": "AFFITTACAMERE"
      }
    },
    {
      "type": "Feature",
      "id": "v_def_strutture_ricettive_od.2031",
      "geometry": {
        "type": "Point",
        "coordinates": [
          11.245081922222854,
          43.778519268244324
        ]
      },
      "properties": {
        "id": 2031,
        "tipologiaattivita": "AFFITTACAMERE"
      }
    },
    {
      "type": "Feature",
      "id": "v_def_strutture_ricettive_od.2032",
      "geometry": {
        "type": "Point",
        "coordinates": [
          11.245081922222854,
          43.778519268244324
        ]
      },
      "properties": {
        "id": 2032,
        "tipologiaattivita": "AFFITTACAMERE"
      }
    },
    {
      "type": "Feature",
      "id": "v_def_strutture_ricettive_od.2033",
      "geometry": {
        "type": "Point",
        "coordinates": [
          11.245081922222854,
          43.778519268244324
        ]
      },
      "properties": {
        "id": 2033,
        "tipologiaattivita": "AFFITTACAMERE"
      }
    },
    {
      "type": "Feature",
      "id": "v_def_strutture_ricettive_od.2034",
      "geometry": {
        "type": "Point",
        "coordinates": [
          11.241253920231996,
          43.75888516975526
        ]
      },
      "properties": {
        "id": 2034,
        "tipologiaattivita": "AFFITTACAMERE"
      }
    },
    {
      "type": "Feature",
      "id": "v_def_strutture_ricettive_od.2035",
      "geometry": {
        "type": "Point",
        "coordinates": [
          11.260688930372455,
          43.764491215084725
        ]
      },
      "properties": {
        "id": 2035,
        "tipologiaattivita": "AFFITTACAMERE"
      }
    },
    {
      "type": "Feature",
      "id": "v_def_strutture_ricettive_od.2036",
      "geometry": {
        "type": "Point",
        "coordinates": [
          11.271845857534107,
          43.79093492934237
        ]
      },
      "properties": {
        "id": 2036,
        "tipologiaattivita": "AFFITTACAMERE"
      }
    },
    {
      "type": "Feature",
      "id": "v_def_strutture_ricettive_od.2037",
      "geometry": {
        "type": "Point",
        "coordinates": [
          11.250949160334983,
          43.755676917123004
        ]
      },
      "properties": {
        "id": 2037,
        "tipologiaattivita": "ALBERGHI"
      }
    },
    {
      "type": "Feature",
      "id": "v_def_strutture_ricettive_od.2038",
      "geometry": {
        "type": "Point",
        "coordinates": [
          11.253250861972221,
          43.7742204831384
        ]
      },
      "properties": {
        "id": 2038,
        "tipologiaattivita": "RESIDENZA D'EPOCA"
      }
    },
    {
      "type": "Feature",
      "id": "v_def_strutture_ricettive_od.2039",
      "geometry": {
        "type": "Point",
        "coordinates": [
          11.251480972733598,
          43.76796929790931
        ]
      },
      "properties": {
        "id": 2039,
        "tipologiaattivita": "ALBERGHI"
      }
    },
    {
      "type": "Feature",
      "id": "v_def_strutture_ricettive_od.2040",
      "geometry": {
        "type": "Point",
        "coordinates": [
          11.236885140484624,
          43.768095132379045
        ]
      },
      "properties": {
        "id": 2040,
        "tipologiaattivita": "BED AND BREAKFAST"
      }
    },
    {
      "type": "Feature",
      "id": "v_def_strutture_ricettive_od.2041",
      "geometry": {
        "type": "Point",
        "coordinates": [
          11.25515874365599,
          43.77753805296094
        ]
      },
      "properties": {
        "id": 2041,
        "tipologiaattivita": "ALBERGHI"
      }
    },
    {
      "type": "Feature",
      "id": "v_def_strutture_ricettive_od.2042",
      "geometry": {
        "type": "Point",
        "coordinates": [
          11.25515874365599,
          43.77753805296094
        ]
      },
      "properties": {
        "id": 2042,
        "tipologiaattivita": "ALBERGHI"
      }
    },
    {
      "type": "Feature",
      "id": "v_def_strutture_ricettive_od.2043",
      "geometry": {
        "type": "Point",
        "coordinates": [
          11.227297174088571,
          43.757875754875315
        ]
      },
      "properties": {
        "id": 2043,
        "tipologiaattivita": "CAV"
      }
    },
    {
      "type": "Feature",
      "id": "v_def_strutture_ricettive_od.2044",
      "geometry": {
        "type": "Point",
        "coordinates": [
          11.256362043929007,
          43.77747806969024
        ]
      },
      "properties": {
        "id": 2044,
        "tipologiaattivita": "AFFITTACAMERE"
      }
    },
    {
      "type": "Feature",
      "id": "v_def_strutture_ricettive_od.2045",
      "geometry": {
        "type": "Point",
        "coordinates": [
          11.251030218040977,
          43.774006778735234
        ]
      },
      "properties": {
        "id": 2045,
        "tipologiaattivita": "ALBERGHI"
      }
    },
    {
      "type": "Feature",
      "id": "v_def_strutture_ricettive_od.2046",
      "geometry": {
        "type": "Point",
        "coordinates": [
          11.215535669862925,
          43.7978307859364
        ]
      },
      "properties": {
        "id": 2046,
        "tipologiaattivita": "ALBERGHI"
      }
    },
    {
      "type": "Feature",
      "id": "v_def_strutture_ricettive_od.2047",
      "geometry": {
        "type": "Point",
        "coordinates": [
          11.26900400478473,
          43.771153964858605
        ]
      },
      "properties": {
        "id": 2047,
        "tipologiaattivita": "CAV"
      }
    },
    {
      "type": "Feature",
      "id": "v_def_strutture_ricettive_od.2048",
      "geometry": {
        "type": "Point",
        "coordinates": [
          11.265503314353076,
          43.78629033165973
        ]
      },
      "properties": {
        "id": 2048,
        "tipologiaattivita": "ALBERGHI"
      }
    },
    {
      "type": "Feature",
      "id": "v_def_strutture_ricettive_od.2049",
      "geometry": {
        "type": "Point",
        "coordinates": [
          11.274257109596547,
          43.77173304586637
        ]
      },
      "properties": {
        "id": 2049,
        "tipologiaattivita": "BED AND BREAKFAST"
      }
    },
    {
      "type": "Feature",
      "id": "v_def_strutture_ricettive_od.2050",
      "geometry": {
        "type": "Point",
        "coordinates": [
          11.250879006262394,
          43.774107058080375
        ]
      },
      "properties": {
        "id": 2050,
        "tipologiaattivita": "CAV"
      }
    },
    {
      "type": "Feature",
      "id": "v_def_strutture_ricettive_od.2051",
      "geometry": {
        "type": "Point",
        "coordinates": [
          11.291072296318314,
          43.762115155074596
        ]
      },
      "properties": {
        "id": 2051,
        "tipologiaattivita": "AFFITTACAMERE"
      }
    },
    {
      "type": "Feature",
      "id": "v_def_strutture_ricettive_od.2052",
      "geometry": {
        "type": "Point",
        "coordinates": [
          11.256479871718803,
          43.775526505529335
        ]
      },
      "properties": {
        "id": 2052,
        "tipologiaattivita": "AFFITTACAMERE"
      }
    },
    {
      "type": "Feature",
      "id": "v_def_strutture_ricettive_od.2053",
      "geometry": {
        "type": "Point",
        "coordinates": [
          11.256479871718803,
          43.775526505529335
        ]
      },
      "properties": {
        "id": 2053,
        "tipologiaattivita": "CAV"
      }
    },
    {
      "type": "Feature",
      "id": "v_def_strutture_ricettive_od.2054",
      "geometry": {
        "type": "Point",
        "coordinates": [
          11.240783145993229,
          43.77511086647289
        ]
      },
      "properties": {
        "id": 2054,
        "tipologiaattivita": "ALBERGHI"
      }
    },
    {
      "type": "Feature",
      "id": "v_def_strutture_ricettive_od.2055",
      "geometry": {
        "type": "Point",
        "coordinates": [
          11.254944321542766,
          43.7705298646645
        ]
      },
      "properties": {
        "id": 2055,
        "tipologiaattivita": "CAV"
      }
    },
    {
      "type": "Feature",
      "id": "v_def_strutture_ricettive_od.2056",
      "geometry": {
        "type": "Point",
        "coordinates": [
          11.247931785409303,
          43.76673666611273
        ]
      },
      "properties": {
        "id": 2056,
        "tipologiaattivita": "CAV"
      }
    },
    {
      "type": "Feature",
      "id": "v_def_strutture_ricettive_od.2057",
      "geometry": {
        "type": "Point",
        "coordinates": [
          11.266421238315939,
          43.77124194897871
        ]
      },
      "properties": {
        "id": 2057,
        "tipologiaattivita": "CAV"
      }
    },
    {
      "type": "Feature",
      "id": "v_def_strutture_ricettive_od.2058",
      "geometry": {
        "type": "Point",
        "coordinates": [
          11.24559562198693,
          43.77256329456715
        ]
      },
      "properties": {
        "id": 2058,
        "tipologiaattivita": "OSTELLO"
      }
    },
    {
      "type": "Feature",
      "id": "v_def_strutture_ricettive_od.2059",
      "geometry": {
        "type": "Point",
        "coordinates": [
          11.249953602751875,
          43.774554847375796
        ]
      },
      "properties": {
        "id": 2059,
        "tipologiaattivita": "AFFITTACAMERE"
      }
    },
    {
      "type": "Feature",
      "id": "v_def_strutture_ricettive_od.2060",
      "geometry": {
        "type": "Point",
        "coordinates": [
          11.249953602751875,
          43.774554847375796
        ]
      },
      "properties": {
        "id": 2060,
        "tipologiaattivita": "AFFITTACAMERE"
      }
    },
    {
      "type": "Feature",
      "id": "v_def_strutture_ricettive_od.2061",
      "geometry": {
        "type": "Point",
        "coordinates": [
          11.24217379058379,
          43.770139709476396
        ]
      },
      "properties": {
        "id": 2061,
        "tipologiaattivita": "AFFITTACAMERE"
      }
    },
    {
      "type": "Feature",
      "id": "v_def_strutture_ricettive_od.2062",
      "geometry": {
        "type": "Point",
        "coordinates": [
          11.247526961930033,
          43.77294721964027
        ]
      },
      "properties": {
        "id": 2062,
        "tipologiaattivita": "AFFITTACAMERE"
      }
    },
    {
      "type": "Feature",
      "id": "v_def_strutture_ricettive_od.2063",
      "geometry": {
        "type": "Point",
        "coordinates": [
          11.243485546445719,
          43.78053747506915
        ]
      },
      "properties": {
        "id": 2063,
        "tipologiaattivita": "AFFITTACAMERE"
      }
    },
    {
      "type": "Feature",
      "id": "v_def_strutture_ricettive_od.2064",
      "geometry": {
        "type": "Point",
        "coordinates": [
          11.260326951028162,
          43.826791338567716
        ]
      },
      "properties": {
        "id": 2064,
        "tipologiaattivita": "FATTORIA DIDATTICA"
      }
    },
    {
      "type": "Feature",
      "id": "v_def_strutture_ricettive_od.2065",
      "geometry": {
        "type": "Point",
        "coordinates": [
          11.262816336447509,
          43.77302205724054
        ]
      },
      "properties": {
        "id": 2065,
        "tipologiaattivita": "CAV"
      }
    },
    {
      "type": "Feature",
      "id": "v_def_strutture_ricettive_od.2066",
      "geometry": {
        "type": "Point",
        "coordinates": [
          11.24150576692239,
          43.770070173424685
        ]
      },
      "properties": {
        "id": 2066,
        "tipologiaattivita": "CAV"
      }
    },
    {
      "type": "Feature",
      "id": "v_def_strutture_ricettive_od.2067",
      "geometry": {
        "type": "Point",
        "coordinates": [
          11.265424218861607,
          43.76997448858389
        ]
      },
      "properties": {
        "id": 2067,
        "tipologiaattivita": "CAV"
      }
    },
    {
      "type": "Feature",
      "id": "v_def_strutture_ricettive_od.2068",
      "geometry": {
        "type": "Point",
        "coordinates": [
          11.238197599700554,
          43.7751154920183
        ]
      },
      "properties": {
        "id": 2068,
        "tipologiaattivita": "CAV"
      }
    },
    {
      "type": "Feature",
      "id": "v_def_strutture_ricettive_od.2069",
      "geometry": {
        "type": "Point",
        "coordinates": [
          11.26044467288441,
          43.77611555379217
        ]
      },
      "properties": {
        "id": 2069,
        "tipologiaattivita": "ALBERGHI"
      }
    },
    {
      "type": "Feature",
      "id": "v_def_strutture_ricettive_od.2070",
      "geometry": {
        "type": "Point",
        "coordinates": [
          11.25865272376207,
          43.768053772074396
        ]
      },
      "properties": {
        "id": 2070,
        "tipologiaattivita": "RESIDENZA D'EPOCA"
      }
    },
    {
      "type": "Feature",
      "id": "v_def_strutture_ricettive_od.2071",
      "geometry": {
        "type": "Point",
        "coordinates": [
          11.252013061691391,
          43.7735976998646
        ]
      },
      "properties": {
        "id": 2071,
        "tipologiaattivita": "ALBERGHI"
      }
    },
    {
      "type": "Feature",
      "id": "v_def_strutture_ricettive_od.2072",
      "geometry": {
        "type": "Point",
        "coordinates": [
          11.271897275351499,
          43.769129923235724
        ]
      },
      "properties": {
        "id": 2072,
        "tipologiaattivita": "AFFITTACAMERE"
      }
    },
    {
      "type": "Feature",
      "id": "v_def_strutture_ricettive_od.2073",
      "geometry": {
        "type": "Point",
        "coordinates": [
          11.240429246814763,
          43.769271402942664
        ]
      },
      "properties": {
        "id": 2073,
        "tipologiaattivita": "CAV"
      }
    },
    {
      "type": "Feature",
      "id": "v_def_strutture_ricettive_od.2074",
      "geometry": {
        "type": "Point",
        "coordinates": [
          11.240429246814763,
          43.769271402942664
        ]
      },
      "properties": {
        "id": 2074,
        "tipologiaattivita": "CAV"
      }
    },
    {
      "type": "Feature",
      "id": "v_def_strutture_ricettive_od.2075",
      "geometry": {
        "type": "Point",
        "coordinates": [
          11.240429246814763,
          43.769271402942664
        ]
      },
      "properties": {
        "id": 2075,
        "tipologiaattivita": "CAV"
      }
    },
    {
      "type": "Feature",
      "id": "v_def_strutture_ricettive_od.2076",
      "geometry": {
        "type": "Point",
        "coordinates": [
          11.251476062259057,
          43.777090329579345
        ]
      },
      "properties": {
        "id": 2076,
        "tipologiaattivita": "AFFITTACAMERE"
      }
    },
    {
      "type": "Feature",
      "id": "v_def_strutture_ricettive_od.2077",
      "geometry": {
        "type": "Point",
        "coordinates": [
          11.251476062259057,
          43.777090329579345
        ]
      },
      "properties": {
        "id": 2077,
        "tipologiaattivita": "AFFITTACAMERE"
      }
    },
    {
      "type": "Feature",
      "id": "v_def_strutture_ricettive_od.2078",
      "geometry": {
        "type": "Point",
        "coordinates": [
          11.270460622065226,
          43.78154656158257
        ]
      },
      "properties": {
        "id": 2078,
        "tipologiaattivita": "BED AND BREAKFAST"
      }
    },
    {
      "type": "Feature",
      "id": "v_def_strutture_ricettive_od.2079",
      "geometry": {
        "type": "Point",
        "coordinates": [
          11.238756966791458,
          43.778899725612696
        ]
      },
      "properties": {
        "id": 2079,
        "tipologiaattivita": "AFFITTACAMERE"
      }
    },
    {
      "type": "Feature",
      "id": "v_def_strutture_ricettive_od.2080",
      "geometry": {
        "type": "Point",
        "coordinates": [
          11.252866431038912,
          43.77193902038559
        ]
      },
      "properties": {
        "id": 2080,
        "tipologiaattivita": "ALBERGHI"
      }
    },
    {
      "type": "Feature",
      "id": "v_def_strutture_ricettive_od.2081",
      "geometry": {
        "type": "Point",
        "coordinates": [
          11.244416290036574,
          43.78944556109388
        ]
      },
      "properties": {
        "id": 2081,
        "tipologiaattivita": "BED AND BREAKFAST"
      }
    },
    {
      "type": "Feature",
      "id": "v_def_strutture_ricettive_od.2082",
      "geometry": {
        "type": "Point",
        "coordinates": [
          11.24422273422042,
          43.78786491702986
        ]
      },
      "properties": {
        "id": 2082,
        "tipologiaattivita": "AFFITTACAMERE"
      }
    },
    {
      "type": "Feature",
      "id": "v_def_strutture_ricettive_od.2083",
      "geometry": {
        "type": "Point",
        "coordinates": [
          11.251837384813978,
          43.773203244640996
        ]
      },
      "properties": {
        "id": 2083,
        "tipologiaattivita": "RESIDENZA D'EPOCA"
      }
    },
    {
      "type": "Feature",
      "id": "v_def_strutture_ricettive_od.2084",
      "geometry": {
        "type": "Point",
        "coordinates": [
          11.211569145836561,
          43.776673208247246
        ]
      },
      "properties": {
        "id": 2084,
        "tipologiaattivita": "AFFITTACAMERE"
      }
    },
    {
      "type": "Feature",
      "id": "v_def_strutture_ricettive_od.2085",
      "geometry": {
        "type": "Point",
        "coordinates": [
          11.266658008249708,
          43.784202060610234
        ]
      },
      "properties": {
        "id": 2085,
        "tipologiaattivita": "CAV"
      }
    },
    {
      "type": "Feature",
      "id": "v_def_strutture_ricettive_od.2086",
      "geometry": {
        "type": "Point",
        "coordinates": [
          11.247595195639928,
          43.77301020100612
        ]
      },
      "properties": {
        "id": 2086,
        "tipologiaattivita": "CAV"
      }
    },
    {
      "type": "Feature",
      "id": "v_def_strutture_ricettive_od.2087",
      "geometry": {
        "type": "Point",
        "coordinates": [
          11.24908238678917,
          43.77390526053639
        ]
      },
      "properties": {
        "id": 2087,
        "tipologiaattivita": "ALBERGHI"
      }
    },
    {
      "type": "Feature",
      "id": "v_def_strutture_ricettive_od.2088",
      "geometry": {
        "type": "Point",
        "coordinates": [
          11.2226071264477,
          43.76959544688392
        ]
      },
      "properties": {
        "id": 2088,
        "tipologiaattivita": "CAV"
      }
    },
    {
      "type": "Feature",
      "id": "v_def_strutture_ricettive_od.2089",
      "geometry": {
        "type": "Point",
        "coordinates": [
          11.249551808586947,
          43.77190672787298
        ]
      },
      "properties": {
        "id": 2089,
        "tipologiaattivita": "AFFITTACAMERE"
      }
    },
    {
      "type": "Feature",
      "id": "v_def_strutture_ricettive_od.2090",
      "geometry": {
        "type": "Point",
        "coordinates": [
          11.251557814246441,
          43.77300099734255
        ]
      },
      "properties": {
        "id": 2090,
        "tipologiaattivita": "BED AND BREAKFAST"
      }
    },
    {
      "type": "Feature",
      "id": "v_def_strutture_ricettive_od.2091",
      "geometry": {
        "type": "Point",
        "coordinates": [
          11.289217012181501,
          43.76210537530624
        ]
      },
      "properties": {
        "id": 2091,
        "tipologiaattivita": "AFFITTACAMERE"
      }
    },
    {
      "type": "Feature",
      "id": "v_def_strutture_ricettive_od.2092",
      "geometry": {
        "type": "Point",
        "coordinates": [
          11.224654663759008,
          43.73492371561164
        ]
      },
      "properties": {
        "id": 2092,
        "tipologiaattivita": "AFFITTACAMERE"
      }
    },
    {
      "type": "Feature",
      "id": "v_def_strutture_ricettive_od.2093",
      "geometry": {
        "type": "Point",
        "coordinates": [
          11.25326304049375,
          43.78219455104851
        ]
      },
      "properties": {
        "id": 2093,
        "tipologiaattivita": "ALBERGHI"
      }
    },
    {
      "type": "Feature",
      "id": "v_def_strutture_ricettive_od.2094",
      "geometry": {
        "type": "Point",
        "coordinates": [
          11.266149822081031,
          43.770890748553136
        ]
      },
      "properties": {
        "id": 2094,
        "tipologiaattivita": "CAV"
      }
    },
    {
      "type": "Feature",
      "id": "v_def_strutture_ricettive_od.2095",
      "geometry": {
        "type": "Point",
        "coordinates": [
          11.266149822081031,
          43.770890748553136
        ]
      },
      "properties": {
        "id": 2095,
        "tipologiaattivita": "CAV"
      }
    },
    {
      "type": "Feature",
      "id": "v_def_strutture_ricettive_od.2096",
      "geometry": {
        "type": "Point",
        "coordinates": [
          11.266149822081031,
          43.770890748553136
        ]
      },
      "properties": {
        "id": 2096,
        "tipologiaattivita": "CAV"
      }
    },
    {
      "type": "Feature",
      "id": "v_def_strutture_ricettive_od.2097",
      "geometry": {
        "type": "Point",
        "coordinates": [
          11.26515202793218,
          43.76686429215096
        ]
      },
      "properties": {
        "id": 2097,
        "tipologiaattivita": "CAV"
      }
    },
    {
      "type": "Feature",
      "id": "v_def_strutture_ricettive_od.2098",
      "geometry": {
        "type": "Point",
        "coordinates": [
          11.260067605887572,
          43.770154914500985
        ]
      },
      "properties": {
        "id": 2098,
        "tipologiaattivita": "CAV"
      }
    },
    {
      "type": "Feature",
      "id": "v_def_strutture_ricettive_od.2099",
      "geometry": {
        "type": "Point",
        "coordinates": [
          11.260067605887572,
          43.770154914500985
        ]
      },
      "properties": {
        "id": 2099,
        "tipologiaattivita": "CAV"
      }
    },
    {
      "type": "Feature",
      "id": "v_def_strutture_ricettive_od.2100",
      "geometry": {
        "type": "Point",
        "coordinates": [
          11.260067605887572,
          43.770154914500985
        ]
      },
      "properties": {
        "id": 2100,
        "tipologiaattivita": "CAV"
      }
    },
    {
      "type": "Feature",
      "id": "v_def_strutture_ricettive_od.2101",
      "geometry": {
        "type": "Point",
        "coordinates": [
          11.260067605887572,
          43.770154914500985
        ]
      },
      "properties": {
        "id": 2101,
        "tipologiaattivita": "CAV"
      }
    },
    {
      "type": "Feature",
      "id": "v_def_strutture_ricettive_od.2102",
      "geometry": {
        "type": "Point",
        "coordinates": [
          11.260067605887572,
          43.770154914500985
        ]
      },
      "properties": {
        "id": 2102,
        "tipologiaattivita": "CAV"
      }
    },
    {
      "type": "Feature",
      "id": "v_def_strutture_ricettive_od.2103",
      "geometry": {
        "type": "Point",
        "coordinates": [
          11.223464881954264,
          43.727351860083594
        ]
      },
      "properties": {
        "id": 2103,
        "tipologiaattivita": "ALBERGHI"
      }
    },
    {
      "type": "Feature",
      "id": "v_def_strutture_ricettive_od.2104",
      "geometry": {
        "type": "Point",
        "coordinates": [
          11.26248438230147,
          43.78669593958569
        ]
      },
      "properties": {
        "id": 2104,
        "tipologiaattivita": "AFFITTACAMERE"
      }
    },
    {
      "type": "Feature",
      "id": "v_def_strutture_ricettive_od.2105",
      "geometry": {
        "type": "Point",
        "coordinates": [
          11.212605249813782,
          43.79426741527657
        ]
      },
      "properties": {
        "id": 2105,
        "tipologiaattivita": "BED AND BREAKFAST"
      }
    },
    {
      "type": "Feature",
      "id": "v_def_strutture_ricettive_od.2106",
      "geometry": {
        "type": "Point",
        "coordinates": [
          11.261448087442433,
          43.785740400932454
        ]
      },
      "properties": {
        "id": 2106,
        "tipologiaattivita": "CAV"
      }
    },
    {
      "type": "Feature",
      "id": "v_def_strutture_ricettive_od.2107",
      "geometry": {
        "type": "Point",
        "coordinates": [
          11.255171997542742,
          43.778937668940785
        ]
      },
      "properties": {
        "id": 2107,
        "tipologiaattivita": "AFFITTACAMERE"
      }
    },
    {
      "type": "Feature",
      "id": "v_def_strutture_ricettive_od.2108",
      "geometry": {
        "type": "Point",
        "coordinates": [
          11.243208300674782,
          43.77528773988861
        ]
      },
      "properties": {
        "id": 2108,
        "tipologiaattivita": "BED AND BREAKFAST"
      }
    },
    {
      "type": "Feature",
      "id": "v_def_strutture_ricettive_od.2109",
      "geometry": {
        "type": "Point",
        "coordinates": [
          11.243542035870956,
          43.76840810534157
        ]
      },
      "properties": {
        "id": 2109,
        "tipologiaattivita": "AFFITTACAMERE"
      }
    },
    {
      "type": "Feature",
      "id": "v_def_strutture_ricettive_od.2110",
      "geometry": {
        "type": "Point",
        "coordinates": [
          11.250709586593233,
          43.77624602422908
        ]
      },
      "properties": {
        "id": 2110,
        "tipologiaattivita": "AFFITTACAMERE"
      }
    },
    {
      "type": "Feature",
      "id": "v_def_strutture_ricettive_od.2111",
      "geometry": {
        "type": "Point",
        "coordinates": [
          11.250709586593233,
          43.77624602422908
        ]
      },
      "properties": {
        "id": 2111,
        "tipologiaattivita": "AFFITTACAMERE"
      }
    },
    {
      "type": "Feature",
      "id": "v_def_strutture_ricettive_od.2112",
      "geometry": {
        "type": "Point",
        "coordinates": [
          11.250709586593233,
          43.77624602422908
        ]
      },
      "properties": {
        "id": 2112,
        "tipologiaattivita": "ALBERGHI"
      }
    },
    {
      "type": "Feature",
      "id": "v_def_strutture_ricettive_od.2113",
      "geometry": {
        "type": "Point",
        "coordinates": [
          11.250709586593233,
          43.77624602422908
        ]
      },
      "properties": {
        "id": 2113,
        "tipologiaattivita": "ALBERGHI"
      }
    },
    {
      "type": "Feature",
      "id": "v_def_strutture_ricettive_od.2114",
      "geometry": {
        "type": "Point",
        "coordinates": [
          11.250709586593233,
          43.77624602422908
        ]
      },
      "properties": {
        "id": 2114,
        "tipologiaattivita": "AFFITTACAMERE"
      }
    },
    {
      "type": "Feature",
      "id": "v_def_strutture_ricettive_od.2115",
      "geometry": {
        "type": "Point",
        "coordinates": [
          11.250709586593233,
          43.77624602422908
        ]
      },
      "properties": {
        "id": 2115,
        "tipologiaattivita": "ALBERGHI"
      }
    },
    {
      "type": "Feature",
      "id": "v_def_strutture_ricettive_od.2116",
      "geometry": {
        "type": "Point",
        "coordinates": [
          11.250709586593233,
          43.77624602422908
        ]
      },
      "properties": {
        "id": 2116,
        "tipologiaattivita": "ALBERGHI"
      }
    },
    {
      "type": "Feature",
      "id": "v_def_strutture_ricettive_od.2117",
      "geometry": {
        "type": "Point",
        "coordinates": [
          11.25307634186597,
          43.76967037296614
        ]
      },
      "properties": {
        "id": 2117,
        "tipologiaattivita": "AFFITTACAMERE"
      }
    },
    {
      "type": "Feature",
      "id": "v_def_strutture_ricettive_od.2118",
      "geometry": {
        "type": "Point",
        "coordinates": [
          11.25307634186597,
          43.76967037296614
        ]
      },
      "properties": {
        "id": 2118,
        "tipologiaattivita": "CAV"
      }
    },
    {
      "type": "Feature",
      "id": "v_def_strutture_ricettive_od.2119",
      "geometry": {
        "type": "Point",
        "coordinates": [
          11.25307634186597,
          43.76967037296614
        ]
      },
      "properties": {
        "id": 2119,
        "tipologiaattivita": "AFFITTACAMERE"
      }
    },
    {
      "type": "Feature",
      "id": "v_def_strutture_ricettive_od.2120",
      "geometry": {
        "type": "Point",
        "coordinates": [
          11.25307634186597,
          43.76967037296614
        ]
      },
      "properties": {
        "id": 2120,
        "tipologiaattivita": "CAV"
      }
    },
    {
      "type": "Feature",
      "id": "v_def_strutture_ricettive_od.2121",
      "geometry": {
        "type": "Point",
        "coordinates": [
          11.24671837165061,
          43.774663916488095
        ]
      },
      "properties": {
        "id": 2121,
        "tipologiaattivita": "AFFITTACAMERE"
      }
    },
    {
      "type": "Feature",
      "id": "v_def_strutture_ricettive_od.2122",
      "geometry": {
        "type": "Point",
        "coordinates": [
          11.24671837165061,
          43.774663916488095
        ]
      },
      "properties": {
        "id": 2122,
        "tipologiaattivita": "ALBERGHI"
      }
    },
    {
      "type": "Feature",
      "id": "v_def_strutture_ricettive_od.2123",
      "geometry": {
        "type": "Point",
        "coordinates": [
          11.27235510709312,
          43.783800889825926
        ]
      },
      "properties": {
        "id": 2123,
        "tipologiaattivita": "AFFITTACAMERE"
      }
    },
    {
      "type": "Feature",
      "id": "v_def_strutture_ricettive_od.2124",
      "geometry": {
        "type": "Point",
        "coordinates": [
          11.262426280448128,
          43.76434720998959
        ]
      },
      "properties": {
        "id": 2124,
        "tipologiaattivita": "CAV"
      }
    },
    {
      "type": "Feature",
      "id": "v_def_strutture_ricettive_od.2125",
      "geometry": {
        "type": "Point",
        "coordinates": [
          11.241239724284341,
          43.80475124280441
        ]
      },
      "properties": {
        "id": 2125,
        "tipologiaattivita": "AFFITTACAMERE"
      }
    },
    {
      "type": "Feature",
      "id": "v_def_strutture_ricettive_od.2126",
      "geometry": {
        "type": "Point",
        "coordinates": [
          11.245942795242325,
          43.77535858687684
        ]
      },
      "properties": {
        "id": 2126,
        "tipologiaattivita": "CAV"
      }
    },
    {
      "type": "Feature",
      "id": "v_def_strutture_ricettive_od.2127",
      "geometry": {
        "type": "Point",
        "coordinates": [
          11.253009573378064,
          43.76965329496741
        ]
      },
      "properties": {
        "id": 2127,
        "tipologiaattivita": "CAV"
      }
    },
    {
      "type": "Feature",
      "id": "v_def_strutture_ricettive_od.2128",
      "geometry": {
        "type": "Point",
        "coordinates": [
          11.257840620313111,
          43.772008925587954
        ]
      },
      "properties": {
        "id": 2128,
        "tipologiaattivita": "CAV"
      }
    },
    {
      "type": "Feature",
      "id": "v_def_strutture_ricettive_od.2129",
      "geometry": {
        "type": "Point",
        "coordinates": [
          11.257840620313111,
          43.772008925587954
        ]
      },
      "properties": {
        "id": 2129,
        "tipologiaattivita": "BED AND BREAKFAST"
      }
    },
    {
      "type": "Feature",
      "id": "v_def_strutture_ricettive_od.2130",
      "geometry": {
        "type": "Point",
        "coordinates": [
          11.250468053447,
          43.77361170856109
        ]
      },
      "properties": {
        "id": 2130,
        "tipologiaattivita": "CAV"
      }
    },
    {
      "type": "Feature",
      "id": "v_def_strutture_ricettive_od.2131",
      "geometry": {
        "type": "Point",
        "coordinates": [
          11.250468053447,
          43.77361170856109
        ]
      },
      "properties": {
        "id": 2131,
        "tipologiaattivita": "RESIDENZA D'EPOCA"
      }
    },
    {
      "type": "Feature",
      "id": "v_def_strutture_ricettive_od.2132",
      "geometry": {
        "type": "Point",
        "coordinates": [
          11.2758767855676,
          43.76226813127265
        ]
      },
      "properties": {
        "id": 2132,
        "tipologiaattivita": "AFFITTACAMERE"
      }
    },
    {
      "type": "Feature",
      "id": "v_def_strutture_ricettive_od.2133",
      "geometry": {
        "type": "Point",
        "coordinates": [
          11.233611271088945,
          43.78301955651964
        ]
      },
      "properties": {
        "id": 2133,
        "tipologiaattivita": "AFFITTACAMERE"
      }
    },
    {
      "type": "Feature",
      "id": "v_def_strutture_ricettive_od.2134",
      "geometry": {
        "type": "Point",
        "coordinates": [
          11.233611271088945,
          43.78301955651964
        ]
      },
      "properties": {
        "id": 2134,
        "tipologiaattivita": "AFFITTACAMERE"
      }
    },
    {
      "type": "Feature",
      "id": "v_def_strutture_ricettive_od.2135",
      "geometry": {
        "type": "Point",
        "coordinates": [
          11.245811919665174,
          43.77531708387125
        ]
      },
      "properties": {
        "id": 2135,
        "tipologiaattivita": "AFFITTACAMERE"
      }
    },
    {
      "type": "Feature",
      "id": "v_def_strutture_ricettive_od.2136",
      "geometry": {
        "type": "Point",
        "coordinates": [
          11.245811919665174,
          43.77531708387125
        ]
      },
      "properties": {
        "id": 2136,
        "tipologiaattivita": "CAV"
      }
    },
    {
      "type": "Feature",
      "id": "v_def_strutture_ricettive_od.2137",
      "geometry": {
        "type": "Point",
        "coordinates": [
          11.245811919665174,
          43.77531708387125
        ]
      },
      "properties": {
        "id": 2137,
        "tipologiaattivita": "AFFITTACAMERE"
      }
    },
    {
      "type": "Feature",
      "id": "v_def_strutture_ricettive_od.2138",
      "geometry": {
        "type": "Point",
        "coordinates": [
          11.250624595265599,
          43.770841419063814
        ]
      },
      "properties": {
        "id": 2138,
        "tipologiaattivita": "ALBERGHI"
      }
    },
    {
      "type": "Feature",
      "id": "v_def_strutture_ricettive_od.2139",
      "geometry": {
        "type": "Point",
        "coordinates": [
          11.256810830167723,
          43.769934889238506
        ]
      },
      "properties": {
        "id": 2139,
        "tipologiaattivita": "RESIDENZA D'EPOCA"
      }
    },
    {
      "type": "Feature",
      "id": "v_def_strutture_ricettive_od.2140",
      "geometry": {
        "type": "Point",
        "coordinates": [
          11.19795884946778,
          43.795153343152464
        ]
      },
      "properties": {
        "id": 2140,
        "tipologiaattivita": "AFFITTACAMERE"
      }
    },
    {
      "type": "Feature",
      "id": "v_def_strutture_ricettive_od.2141",
      "geometry": {
        "type": "Point",
        "coordinates": [
          11.258341398736787,
          43.77980698154737
        ]
      },
      "properties": {
        "id": 2141,
        "tipologiaattivita": "AFFITTACAMERE"
      }
    },
    {
      "type": "Feature",
      "id": "v_def_strutture_ricettive_od.2142",
      "geometry": {
        "type": "Point",
        "coordinates": [
          11.257242213246316,
          43.76814716741825
        ]
      },
      "properties": {
        "id": 2142,
        "tipologiaattivita": "ALBERGHI"
      }
    },
    {
      "type": "Feature",
      "id": "v_def_strutture_ricettive_od.2143",
      "geometry": {
        "type": "Point",
        "coordinates": [
          11.26126657027445,
          43.76422462097442
        ]
      },
      "properties": {
        "id": 2143,
        "tipologiaattivita": "AFFITTACAMERE"
      }
    },
    {
      "type": "Feature",
      "id": "v_def_strutture_ricettive_od.2144",
      "geometry": {
        "type": "Point",
        "coordinates": [
          11.258100468154133,
          43.779736101199056
        ]
      },
      "properties": {
        "id": 2144,
        "tipologiaattivita": "AFFITTACAMERE"
      }
    },
    {
      "type": "Feature",
      "id": "v_def_strutture_ricettive_od.2145",
      "geometry": {
        "type": "Point",
        "coordinates": [
          11.212061980460064,
          43.79477343266668
        ]
      },
      "properties": {
        "id": 2145,
        "tipologiaattivita": "AFFITTACAMERE"
      }
    },
    {
      "type": "Feature",
      "id": "v_def_strutture_ricettive_od.2146",
      "geometry": {
        "type": "Point",
        "coordinates": [
          11.247372450034833,
          43.75680841895834
        ]
      },
      "properties": {
        "id": 2146,
        "tipologiaattivita": "ALBERGHI"
      }
    },
    {
      "type": "Feature",
      "id": "v_def_strutture_ricettive_od.2147",
      "geometry": {
        "type": "Point",
        "coordinates": [
          11.242086230417778,
          43.773562143903085
        ]
      },
      "properties": {
        "id": 2147,
        "tipologiaattivita": "CAV"
      }
    },
    {
      "type": "Feature",
      "id": "v_def_strutture_ricettive_od.2148",
      "geometry": {
        "type": "Point",
        "coordinates": [
          11.242086230417778,
          43.773562143903085
        ]
      },
      "properties": {
        "id": 2148,
        "tipologiaattivita": "CAV"
      }
    },
    {
      "type": "Feature",
      "id": "v_def_strutture_ricettive_od.2149",
      "geometry": {
        "type": "Point",
        "coordinates": [
          11.309518380986578,
          43.76165306888243
        ]
      },
      "properties": {
        "id": 2149,
        "tipologiaattivita": "BED AND BREAKFAST"
      }
    },
    {
      "type": "Feature",
      "id": "v_def_strutture_ricettive_od.2150",
      "geometry": {
        "type": "Point",
        "coordinates": [
          11.25396673386219,
          43.76988235499894
        ]
      },
      "properties": {
        "id": 2150,
        "tipologiaattivita": "BED AND BREAKFAST"
      }
    },
    {
      "type": "Feature",
      "id": "v_def_strutture_ricettive_od.2151",
      "geometry": {
        "type": "Point",
        "coordinates": [
          11.251741101191966,
          43.76780538244917
        ]
      },
      "properties": {
        "id": 2151,
        "tipologiaattivita": "CAV"
      }
    },
    {
      "type": "Feature",
      "id": "v_def_strutture_ricettive_od.2152",
      "geometry": {
        "type": "Point",
        "coordinates": [
          11.251741101191966,
          43.76780538244917
        ]
      },
      "properties": {
        "id": 2152,
        "tipologiaattivita": "CAV"
      }
    },
    {
      "type": "Feature",
      "id": "v_def_strutture_ricettive_od.2153",
      "geometry": {
        "type": "Point",
        "coordinates": [
          11.251741101191966,
          43.76780538244917
        ]
      },
      "properties": {
        "id": 2153,
        "tipologiaattivita": "CAV"
      }
    },
    {
      "type": "Feature",
      "id": "v_def_strutture_ricettive_od.2154",
      "geometry": {
        "type": "Point",
        "coordinates": [
          11.251312234400348,
          43.7789633688118
        ]
      },
      "properties": {
        "id": 2154,
        "tipologiaattivita": "ALBERGHI"
      }
    },
    {
      "type": "Feature",
      "id": "v_def_strutture_ricettive_od.2155",
      "geometry": {
        "type": "Point",
        "coordinates": [
          11.258391435532529,
          43.77248314262727
        ]
      },
      "properties": {
        "id": 2155,
        "tipologiaattivita": "AFFITTACAMERE"
      }
    },
    {
      "type": "Feature",
      "id": "v_def_strutture_ricettive_od.2156",
      "geometry": {
        "type": "Point",
        "coordinates": [
          11.258391435532529,
          43.77248314262727
        ]
      },
      "properties": {
        "id": 2156,
        "tipologiaattivita": "AFFITTACAMERE"
      }
    },
    {
      "type": "Feature",
      "id": "v_def_strutture_ricettive_od.2157",
      "geometry": {
        "type": "Point",
        "coordinates": [
          11.26392455922903,
          43.77521272346651
        ]
      },
      "properties": {
        "id": 2157,
        "tipologiaattivita": "CASE PER FERIE"
      }
    },
    {
      "type": "Feature",
      "id": "v_def_strutture_ricettive_od.2158",
      "geometry": {
        "type": "Point",
        "coordinates": [
          11.251702449279225,
          43.76958452755077
        ]
      },
      "properties": {
        "id": 2158,
        "tipologiaattivita": "CAV"
      }
    },
    {
      "type": "Feature",
      "id": "v_def_strutture_ricettive_od.2159",
      "geometry": {
        "type": "Point",
        "coordinates": [
          11.253073080265754,
          43.76192918263437
        ]
      },
      "properties": {
        "id": 2159,
        "tipologiaattivita": "AFFITTACAMERE"
      }
    },
    {
      "type": "Feature",
      "id": "v_def_strutture_ricettive_od.2160",
      "geometry": {
        "type": "Point",
        "coordinates": [
          11.238037213159869,
          43.79289003965912
        ]
      },
      "properties": {
        "id": 2160,
        "tipologiaattivita": "AFFITTACAMERE"
      }
    },
    {
      "type": "Feature",
      "id": "v_def_strutture_ricettive_od.2161",
      "geometry": {
        "type": "Point",
        "coordinates": [
          11.25268384105993,
          43.77842129754339
        ]
      },
      "properties": {
        "id": 2161,
        "tipologiaattivita": "AFFITTACAMERE"
      }
    },
    {
      "type": "Feature",
      "id": "v_def_strutture_ricettive_od.2162",
      "geometry": {
        "type": "Point",
        "coordinates": [
          11.25268384105993,
          43.77842129754339
        ]
      },
      "properties": {
        "id": 2162,
        "tipologiaattivita": "AFFITTACAMERE"
      }
    },
    {
      "type": "Feature",
      "id": "v_def_strutture_ricettive_od.2163",
      "geometry": {
        "type": "Point",
        "coordinates": [
          11.25268384105993,
          43.77842129754339
        ]
      },
      "properties": {
        "id": 2163,
        "tipologiaattivita": "AFFITTACAMERE"
      }
    },
    {
      "type": "Feature",
      "id": "v_def_strutture_ricettive_od.2164",
      "geometry": {
        "type": "Point",
        "coordinates": [
          11.25268384105993,
          43.77842129754339
        ]
      },
      "properties": {
        "id": 2164,
        "tipologiaattivita": "AFFITTACAMERE"
      }
    },
    {
      "type": "Feature",
      "id": "v_def_strutture_ricettive_od.2165",
      "geometry": {
        "type": "Point",
        "coordinates": [
          11.227466620477811,
          43.798445759880714
        ]
      },
      "properties": {
        "id": 2165,
        "tipologiaattivita": "ALBERGHI"
      }
    },
    {
      "type": "Feature",
      "id": "v_def_strutture_ricettive_od.2166",
      "geometry": {
        "type": "Point",
        "coordinates": [
          11.252437653165712,
          43.76961218521267
        ]
      },
      "properties": {
        "id": 2166,
        "tipologiaattivita": "CAV"
      }
    },
    {
      "type": "Feature",
      "id": "v_def_strutture_ricettive_od.2167",
      "geometry": {
        "type": "Point",
        "coordinates": [
          11.242672059989724,
          43.7828205923282
        ]
      },
      "properties": {
        "id": 2167,
        "tipologiaattivita": "BED AND BREAKFAST"
      }
    },
    {
      "type": "Feature",
      "id": "v_def_strutture_ricettive_od.2168",
      "geometry": {
        "type": "Point",
        "coordinates": [
          11.257758473226332,
          43.776501811094825
        ]
      },
      "properties": {
        "id": 2168,
        "tipologiaattivita": "CAV"
      }
    },
    {
      "type": "Feature",
      "id": "v_def_strutture_ricettive_od.2169",
      "geometry": {
        "type": "Point",
        "coordinates": [
          11.240819795072944,
          43.77466749810991
        ]
      },
      "properties": {
        "id": 2169,
        "tipologiaattivita": "ALBERGHI"
      }
    },
    {
      "type": "Feature",
      "id": "v_def_strutture_ricettive_od.2170",
      "geometry": {
        "type": "Point",
        "coordinates": [
          11.263300098396112,
          43.770509617319824
        ]
      },
      "properties": {
        "id": 2170,
        "tipologiaattivita": "AFFITTACAMERE"
      }
    },
    {
      "type": "Feature",
      "id": "v_def_strutture_ricettive_od.2171",
      "geometry": {
        "type": "Point",
        "coordinates": [
          11.238476364833929,
          43.781084105315266
        ]
      },
      "properties": {
        "id": 2171,
        "tipologiaattivita": "AFFITTACAMERE"
      }
    },
    {
      "type": "Feature",
      "id": "v_def_strutture_ricettive_od.2172",
      "geometry": {
        "type": "Point",
        "coordinates": [
          11.244139714525678,
          43.780534233952324
        ]
      },
      "properties": {
        "id": 2172,
        "tipologiaattivita": "AFFITTACAMERE"
      }
    },
    {
      "type": "Feature",
      "id": "v_def_strutture_ricettive_od.2173",
      "geometry": {
        "type": "Point",
        "coordinates": [
          11.251901527916791,
          43.76775448991461
        ]
      },
      "properties": {
        "id": 2173,
        "tipologiaattivita": "CAV"
      }
    },
    {
      "type": "Feature",
      "id": "v_def_strutture_ricettive_od.2174",
      "geometry": {
        "type": "Point",
        "coordinates": [
          11.293466465834976,
          43.779218125599094
        ]
      },
      "properties": {
        "id": 2174,
        "tipologiaattivita": "CAV"
      }
    },
    {
      "type": "Feature",
      "id": "v_def_strutture_ricettive_od.2175",
      "geometry": {
        "type": "Point",
        "coordinates": [
          11.263317612549104,
          43.766611681813636
        ]
      },
      "properties": {
        "id": 2175,
        "tipologiaattivita": "ALBERGHI"
      }
    },
    {
      "type": "Feature",
      "id": "v_def_strutture_ricettive_od.2176",
      "geometry": {
        "type": "Point",
        "coordinates": [
          11.252588817140753,
          43.76750527817851
        ]
      },
      "properties": {
        "id": 2176,
        "tipologiaattivita": "ALBERGHI"
      }
    },
    {
      "type": "Feature",
      "id": "v_def_strutture_ricettive_od.2177",
      "geometry": {
        "type": "Point",
        "coordinates": [
          11.24539881861474,
          43.77400491633775
        ]
      },
      "properties": {
        "id": 2177,
        "tipologiaattivita": "ALBERGHI"
      }
    },
    {
      "type": "Feature",
      "id": "v_def_strutture_ricettive_od.2178",
      "geometry": {
        "type": "Point",
        "coordinates": [
          11.248795053371598,
          43.77254654709625
        ]
      },
      "properties": {
        "id": 2178,
        "tipologiaattivita": "AFFITTACAMERE"
      }
    },
    {
      "type": "Feature",
      "id": "v_def_strutture_ricettive_od.2179",
      "geometry": {
        "type": "Point",
        "coordinates": [
          11.242205226716324,
          43.79068315783171
        ]
      },
      "properties": {
        "id": 2179,
        "tipologiaattivita": "AFFITTACAMERE"
      }
    },
    {
      "type": "Feature",
      "id": "v_def_strutture_ricettive_od.2180",
      "geometry": {
        "type": "Point",
        "coordinates": [
          11.24439285270463,
          43.78045815832687
        ]
      },
      "properties": {
        "id": 2180,
        "tipologiaattivita": "AFFITTACAMERE"
      }
    },
    {
      "type": "Feature",
      "id": "v_def_strutture_ricettive_od.2181",
      "geometry": {
        "type": "Point",
        "coordinates": [
          11.247998742425175,
          43.773896095984554
        ]
      },
      "properties": {
        "id": 2181,
        "tipologiaattivita": "BED AND BREAKFAST"
      }
    },
    {
      "type": "Feature",
      "id": "v_def_strutture_ricettive_od.2182",
      "geometry": {
        "type": "Point",
        "coordinates": [
          11.247998742425175,
          43.773896095984554
        ]
      },
      "properties": {
        "id": 2182,
        "tipologiaattivita": "BED AND BREAKFAST"
      }
    },
    {
      "type": "Feature",
      "id": "v_def_strutture_ricettive_od.2183",
      "geometry": {
        "type": "Point",
        "coordinates": [
          11.247998742425175,
          43.773896095984554
        ]
      },
      "properties": {
        "id": 2183,
        "tipologiaattivita": "BED AND BREAKFAST"
      }
    },
    {
      "type": "Feature",
      "id": "v_def_strutture_ricettive_od.2184",
      "geometry": {
        "type": "Point",
        "coordinates": [
          11.246992347177795,
          43.76818363274154
        ]
      },
      "properties": {
        "id": 2184,
        "tipologiaattivita": "RESIDENCE"
      }
    },
    {
      "type": "Feature",
      "id": "v_def_strutture_ricettive_od.2185",
      "geometry": {
        "type": "Point",
        "coordinates": [
          11.227806189020907,
          43.788418232966706
        ]
      },
      "properties": {
        "id": 2185,
        "tipologiaattivita": "CAV"
      }
    },
    {
      "type": "Feature",
      "id": "v_def_strutture_ricettive_od.2186",
      "geometry": {
        "type": "Point",
        "coordinates": [
          11.255212719988108,
          43.80913271508011
        ]
      },
      "properties": {
        "id": 2186,
        "tipologiaattivita": "BED AND BREAKFAST"
      }
    },
    {
      "type": "Feature",
      "id": "v_def_strutture_ricettive_od.2187",
      "geometry": {
        "type": "Point",
        "coordinates": [
          11.246480292694258,
          43.774837360042284
        ]
      },
      "properties": {
        "id": 2187,
        "tipologiaattivita": "ALBERGHI"
      }
    },
    {
      "type": "Feature",
      "id": "v_def_strutture_ricettive_od.2188",
      "geometry": {
        "type": "Point",
        "coordinates": [
          11.254510061972505,
          43.77039371501924
        ]
      },
      "properties": {
        "id": 2188,
        "tipologiaattivita": "AFFITTACAMERE"
      }
    },
    {
      "type": "Feature",
      "id": "v_def_strutture_ricettive_od.2189",
      "geometry": {
        "type": "Point",
        "coordinates": [
          11.254510061972505,
          43.77039371501924
        ]
      },
      "properties": {
        "id": 2189,
        "tipologiaattivita": "CAV"
      }
    },
    {
      "type": "Feature",
      "id": "v_def_strutture_ricettive_od.2190",
      "geometry": {
        "type": "Point",
        "coordinates": [
          11.254510061972505,
          43.77039371501924
        ]
      },
      "properties": {
        "id": 2190,
        "tipologiaattivita": "ALBERGHI"
      }
    },
    {
      "type": "Feature",
      "id": "v_def_strutture_ricettive_od.2191",
      "geometry": {
        "type": "Point",
        "coordinates": [
          11.22307632814366,
          43.774817463489065
        ]
      },
      "properties": {
        "id": 2191,
        "tipologiaattivita": "AFFITTACAMERE"
      }
    },
    {
      "type": "Feature",
      "id": "v_def_strutture_ricettive_od.2192",
      "geometry": {
        "type": "Point",
        "coordinates": [
          11.238510498214836,
          43.78729705452983
        ]
      },
      "properties": {
        "id": 2192,
        "tipologiaattivita": "AFFITTACAMERE"
      }
    },
    {
      "type": "Feature",
      "id": "v_def_strutture_ricettive_od.2193",
      "geometry": {
        "type": "Point",
        "coordinates": [
          11.261443451765368,
          43.76796925786366
        ]
      },
      "properties": {
        "id": 2193,
        "tipologiaattivita": "BED AND BREAKFAST"
      }
    },
    {
      "type": "Feature",
      "id": "v_def_strutture_ricettive_od.2194",
      "geometry": {
        "type": "Point",
        "coordinates": [
          11.247328681927398,
          43.77276763757483
        ]
      },
      "properties": {
        "id": 2194,
        "tipologiaattivita": "AFFITTACAMERE"
      }
    },
    {
      "type": "Feature",
      "id": "v_def_strutture_ricettive_od.2195",
      "geometry": {
        "type": "Point",
        "coordinates": [
          11.247328681927398,
          43.77276763757483
        ]
      },
      "properties": {
        "id": 2195,
        "tipologiaattivita": "CAV"
      }
    },
    {
      "type": "Feature",
      "id": "v_def_strutture_ricettive_od.2196",
      "geometry": {
        "type": "Point",
        "coordinates": [
          11.232913444815726,
          43.763864494569894
        ]
      },
      "properties": {
        "id": 2196,
        "tipologiaattivita": "ALBERGHI"
      }
    },
    {
      "type": "Feature",
      "id": "v_def_strutture_ricettive_od.2197",
      "geometry": {
        "type": "Point",
        "coordinates": [
          11.261789220410918,
          43.782303819672144
        ]
      },
      "properties": {
        "id": 2197,
        "tipologiaattivita": "OSTELLO"
      }
    },
    {
      "type": "Feature",
      "id": "v_def_strutture_ricettive_od.2198",
      "geometry": {
        "type": "Point",
        "coordinates": [
          11.261789220410918,
          43.782303819672144
        ]
      },
      "properties": {
        "id": 2198,
        "tipologiaattivita": "BED AND BREAKFAST"
      }
    },
    {
      "type": "Feature",
      "id": "v_def_strutture_ricettive_od.2199",
      "geometry": {
        "type": "Point",
        "coordinates": [
          11.255241730647999,
          43.7665951156706
        ]
      },
      "properties": {
        "id": 2199,
        "tipologiaattivita": "CAV"
      }
    },
    {
      "type": "Feature",
      "id": "v_def_strutture_ricettive_od.2200",
      "geometry": {
        "type": "Point",
        "coordinates": [
          11.245870377980559,
          43.77644546413324
        ]
      },
      "properties": {
        "id": 2200,
        "tipologiaattivita": "ALBERGHI"
      }
    },
    {
      "type": "Feature",
      "id": "v_def_strutture_ricettive_od.2201",
      "geometry": {
        "type": "Point",
        "coordinates": [
          11.245843619192048,
          43.7648282592292
        ]
      },
      "properties": {
        "id": 2201,
        "tipologiaattivita": "CAV"
      }
    },
    {
      "type": "Feature",
      "id": "v_def_strutture_ricettive_od.2202",
      "geometry": {
        "type": "Point",
        "coordinates": [
          11.265238423416342,
          43.77563448273832
        ]
      },
      "properties": {
        "id": 2202,
        "tipologiaattivita": "AFFITTACAMERE"
      }
    },
    {
      "type": "Feature",
      "id": "v_def_strutture_ricettive_od.2203",
      "geometry": {
        "type": "Point",
        "coordinates": [
          11.257275267234613,
          43.78141510181
        ]
      },
      "properties": {
        "id": 2203,
        "tipologiaattivita": "CAV"
      }
    },
    {
      "type": "Feature",
      "id": "v_def_strutture_ricettive_od.2204",
      "geometry": {
        "type": "Point",
        "coordinates": [
          11.247321368469848,
          43.77335767473841
        ]
      },
      "properties": {
        "id": 2204,
        "tipologiaattivita": "CAV"
      }
    },
    {
      "type": "Feature",
      "id": "v_def_strutture_ricettive_od.2205",
      "geometry": {
        "type": "Point",
        "coordinates": [
          11.239420283751638,
          43.7832446193552
        ]
      },
      "properties": {
        "id": 2205,
        "tipologiaattivita": "AFFITTACAMERE"
      }
    },
    {
      "type": "Feature",
      "id": "v_def_strutture_ricettive_od.2206",
      "geometry": {
        "type": "Point",
        "coordinates": [
          11.252579796097848,
          43.77465505123928
        ]
      },
      "properties": {
        "id": 2206,
        "tipologiaattivita": "ALBERGHI"
      }
    },
    {
      "type": "Feature",
      "id": "v_def_strutture_ricettive_od.2207",
      "geometry": {
        "type": "Point",
        "coordinates": [
          11.252579796097848,
          43.77465505123928
        ]
      },
      "properties": {
        "id": 2207,
        "tipologiaattivita": "RESIDENZA D'EPOCA"
      }
    },
    {
      "type": "Feature",
      "id": "v_def_strutture_ricettive_od.2208",
      "geometry": {
        "type": "Point",
        "coordinates": [
          11.2848278059165,
          43.766018793235766
        ]
      },
      "properties": {
        "id": 2208,
        "tipologiaattivita": "ALBERGHI"
      }
    },
    {
      "type": "Feature",
      "id": "v_def_strutture_ricettive_od.2209",
      "geometry": {
        "type": "Point",
        "coordinates": [
          11.25029728301169,
          43.776607701205066
        ]
      },
      "properties": {
        "id": 2209,
        "tipologiaattivita": "AFFITTACAMERE"
      }
    },
    {
      "type": "Feature",
      "id": "v_def_strutture_ricettive_od.2210",
      "geometry": {
        "type": "Point",
        "coordinates": [
          11.25029728301169,
          43.776607701205066
        ]
      },
      "properties": {
        "id": 2210,
        "tipologiaattivita": "AFFITTACAMERE"
      }
    },
    {
      "type": "Feature",
      "id": "v_def_strutture_ricettive_od.2211",
      "geometry": {
        "type": "Point",
        "coordinates": [
          11.262313261889673,
          43.77013358021692
        ]
      },
      "properties": {
        "id": 2211,
        "tipologiaattivita": "AFFITTACAMERE"
      }
    },
    {
      "type": "Feature",
      "id": "v_def_strutture_ricettive_od.2212",
      "geometry": {
        "type": "Point",
        "coordinates": [
          11.265019290530526,
          43.770117107228955
        ]
      },
      "properties": {
        "id": 2212,
        "tipologiaattivita": "AFFITTACAMERE"
      }
    },
    {
      "type": "Feature",
      "id": "v_def_strutture_ricettive_od.2213",
      "geometry": {
        "type": "Point",
        "coordinates": [
          11.265019290530526,
          43.770117107228955
        ]
      },
      "properties": {
        "id": 2213,
        "tipologiaattivita": "CAV"
      }
    },
    {
      "type": "Feature",
      "id": "v_def_strutture_ricettive_od.2214",
      "geometry": {
        "type": "Point",
        "coordinates": [
          11.223849633699997,
          43.79162056925807
        ]
      },
      "properties": {
        "id": 2214,
        "tipologiaattivita": "ALBERGHI"
      }
    },
    {
      "type": "Feature",
      "id": "v_def_strutture_ricettive_od.2215",
      "geometry": {
        "type": "Point",
        "coordinates": [
          11.255671113527674,
          43.77957771371266
        ]
      },
      "properties": {
        "id": 2215,
        "tipologiaattivita": "AFFITTACAMERE"
      }
    },
    {
      "type": "Feature",
      "id": "v_def_strutture_ricettive_od.2216",
      "geometry": {
        "type": "Point",
        "coordinates": [
          11.255671113527674,
          43.77957771371266
        ]
      },
      "properties": {
        "id": 2216,
        "tipologiaattivita": "AFFITTACAMERE"
      }
    },
    {
      "type": "Feature",
      "id": "v_def_strutture_ricettive_od.2217",
      "geometry": {
        "type": "Point",
        "coordinates": [
          11.255671113527674,
          43.77957771371266
        ]
      },
      "properties": {
        "id": 2217,
        "tipologiaattivita": "AFFITTACAMERE"
      }
    },
    {
      "type": "Feature",
      "id": "v_def_strutture_ricettive_od.2218",
      "geometry": {
        "type": "Point",
        "coordinates": [
          11.255671113527674,
          43.77957771371266
        ]
      },
      "properties": {
        "id": 2218,
        "tipologiaattivita": "AFFITTACAMERE"
      }
    },
    {
      "type": "Feature",
      "id": "v_def_strutture_ricettive_od.2219",
      "geometry": {
        "type": "Point",
        "coordinates": [
          11.263962929944887,
          43.771230126638834
        ]
      },
      "properties": {
        "id": 2219,
        "tipologiaattivita": "AFFITTACAMERE"
      }
    },
    {
      "type": "Feature",
      "id": "v_def_strutture_ricettive_od.2220",
      "geometry": {
        "type": "Point",
        "coordinates": [
          11.24579378476966,
          43.753292114392664
        ]
      },
      "properties": {
        "id": 2220,
        "tipologiaattivita": "ALBERGHI"
      }
    },
    {
      "type": "Feature",
      "id": "v_def_strutture_ricettive_od.2221",
      "geometry": {
        "type": "Point",
        "coordinates": [
          11.253057575961293,
          43.77482728447833
        ]
      },
      "properties": {
        "id": 2221,
        "tipologiaattivita": "CAV"
      }
    },
    {
      "type": "Feature",
      "id": "v_def_strutture_ricettive_od.2222",
      "geometry": {
        "type": "Point",
        "coordinates": [
          11.264156046438174,
          43.784626763982
        ]
      },
      "properties": {
        "id": 2222,
        "tipologiaattivita": "AFFITTACAMERE"
      }
    },
    {
      "type": "Feature",
      "id": "v_def_strutture_ricettive_od.2223",
      "geometry": {
        "type": "Point",
        "coordinates": [
          11.253884098134398,
          43.77291520996741
        ]
      },
      "properties": {
        "id": 2223,
        "tipologiaattivita": "AFFITTACAMERE"
      }
    },
    {
      "type": "Feature",
      "id": "v_def_strutture_ricettive_od.2224",
      "geometry": {
        "type": "Point",
        "coordinates": [
          11.265734267511894,
          43.770082041674044
        ]
      },
      "properties": {
        "id": 2224,
        "tipologiaattivita": "CAV"
      }
    },
    {
      "type": "Feature",
      "id": "v_def_strutture_ricettive_od.2225",
      "geometry": {
        "type": "Point",
        "coordinates": [
          11.252770732423567,
          43.777856151382736
        ]
      },
      "properties": {
        "id": 2225,
        "tipologiaattivita": "AFFITTACAMERE"
      }
    },
    {
      "type": "Feature",
      "id": "v_def_strutture_ricettive_od.2226",
      "geometry": {
        "type": "Point",
        "coordinates": [
          11.252770732423567,
          43.777856151382736
        ]
      },
      "properties": {
        "id": 2226,
        "tipologiaattivita": "AFFITTACAMERE"
      }
    },
    {
      "type": "Feature",
      "id": "v_def_strutture_ricettive_od.2227",
      "geometry": {
        "type": "Point",
        "coordinates": [
          11.252770732423567,
          43.777856151382736
        ]
      },
      "properties": {
        "id": 2227,
        "tipologiaattivita": "AFFITTACAMERE"
      }
    },
    {
      "type": "Feature",
      "id": "v_def_strutture_ricettive_od.2228",
      "geometry": {
        "type": "Point",
        "coordinates": [
          11.252770732423567,
          43.777856151382736
        ]
      },
      "properties": {
        "id": 2228,
        "tipologiaattivita": "AFFITTACAMERE"
      }
    },
    {
      "type": "Feature",
      "id": "v_def_strutture_ricettive_od.2229",
      "geometry": {
        "type": "Point",
        "coordinates": [
          11.252770732423567,
          43.777856151382736
        ]
      },
      "properties": {
        "id": 2229,
        "tipologiaattivita": "ALBERGHI"
      }
    },
    {
      "type": "Feature",
      "id": "v_def_strutture_ricettive_od.2230",
      "geometry": {
        "type": "Point",
        "coordinates": [
          11.252770732423567,
          43.777856151382736
        ]
      },
      "properties": {
        "id": 2230,
        "tipologiaattivita": "ALBERGHI"
      }
    },
    {
      "type": "Feature",
      "id": "v_def_strutture_ricettive_od.2231",
      "geometry": {
        "type": "Point",
        "coordinates": [
          11.252770732423567,
          43.777856151382736
        ]
      },
      "properties": {
        "id": 2231,
        "tipologiaattivita": "ALBERGHI"
      }
    },
    {
      "type": "Feature",
      "id": "v_def_strutture_ricettive_od.2232",
      "geometry": {
        "type": "Point",
        "coordinates": [
          11.252770732423567,
          43.777856151382736
        ]
      },
      "properties": {
        "id": 2232,
        "tipologiaattivita": "AFFITTACAMERE"
      }
    },
    {
      "type": "Feature",
      "id": "v_def_strutture_ricettive_od.2233",
      "geometry": {
        "type": "Point",
        "coordinates": [
          11.252770732423567,
          43.777856151382736
        ]
      },
      "properties": {
        "id": 2233,
        "tipologiaattivita": "AFFITTACAMERE"
      }
    },
    {
      "type": "Feature",
      "id": "v_def_strutture_ricettive_od.2234",
      "geometry": {
        "type": "Point",
        "coordinates": [
          11.250907165518573,
          43.76656149846382
        ]
      },
      "properties": {
        "id": 2234,
        "tipologiaattivita": "AFFITTACAMERE"
      }
    },
    {
      "type": "Feature",
      "id": "v_def_strutture_ricettive_od.2235",
      "geometry": {
        "type": "Point",
        "coordinates": [
          11.254852904168569,
          43.776084189254156
        ]
      },
      "properties": {
        "id": 2235,
        "tipologiaattivita": "AFFITTACAMERE"
      }
    },
    {
      "type": "Feature",
      "id": "v_def_strutture_ricettive_od.2236",
      "geometry": {
        "type": "Point",
        "coordinates": [
          11.279560497541475,
          43.78474671102637
        ]
      },
      "properties": {
        "id": 2236,
        "tipologiaattivita": "AFFITTACAMERE"
      }
    },
    {
      "type": "Feature",
      "id": "v_def_strutture_ricettive_od.2237",
      "geometry": {
        "type": "Point",
        "coordinates": [
          11.236083187851374,
          43.7884482914933
        ]
      },
      "properties": {
        "id": 2237,
        "tipologiaattivita": "AFFITTACAMERE"
      }
    },
    {
      "type": "Feature",
      "id": "v_def_strutture_ricettive_od.2238",
      "geometry": {
        "type": "Point",
        "coordinates": [
          11.23790336251243,
          43.775244993223524
        ]
      },
      "properties": {
        "id": 2238,
        "tipologiaattivita": "ALBERGHI"
      }
    },
    {
      "type": "Feature",
      "id": "v_def_strutture_ricettive_od.2239",
      "geometry": {
        "type": "Point",
        "coordinates": [
          11.238400684439299,
          43.776276553460846
        ]
      },
      "properties": {
        "id": 2239,
        "tipologiaattivita": "CAV"
      }
    },
    {
      "type": "Feature",
      "id": "v_def_strutture_ricettive_od.2240",
      "geometry": {
        "type": "Point",
        "coordinates": [
          11.247541652986216,
          43.774222261856515
        ]
      },
      "properties": {
        "id": 2240,
        "tipologiaattivita": "RESIDENZA D'EPOCA"
      }
    },
    {
      "type": "Feature",
      "id": "v_def_strutture_ricettive_od.2241",
      "geometry": {
        "type": "Point",
        "coordinates": [
          11.262354978644206,
          43.77757013654738
        ]
      },
      "properties": {
        "id": 2241,
        "tipologiaattivita": "CAV"
      }
    },
    {
      "type": "Feature",
      "id": "v_def_strutture_ricettive_od.2242",
      "geometry": {
        "type": "Point",
        "coordinates": [
          11.243008261722208,
          43.76952086391588
        ]
      },
      "properties": {
        "id": 2242,
        "tipologiaattivita": "AFFITTACAMERE"
      }
    },
    {
      "type": "Feature",
      "id": "v_def_strutture_ricettive_od.2243",
      "geometry": {
        "type": "Point",
        "coordinates": [
          11.243008261722208,
          43.76952086391588
        ]
      },
      "properties": {
        "id": 2243,
        "tipologiaattivita": "AFFITTACAMERE"
      }
    },
    {
      "type": "Feature",
      "id": "v_def_strutture_ricettive_od.2244",
      "geometry": {
        "type": "Point",
        "coordinates": [
          11.258526716704782,
          43.774745691645805
        ]
      },
      "properties": {
        "id": 2244,
        "tipologiaattivita": "CAV"
      }
    },
    {
      "type": "Feature",
      "id": "v_def_strutture_ricettive_od.2245",
      "geometry": {
        "type": "Point",
        "coordinates": [
          11.243908887684647,
          43.79045637879745
        ]
      },
      "properties": {
        "id": 2245,
        "tipologiaattivita": "AFFITTACAMERE"
      }
    },
    {
      "type": "Feature",
      "id": "v_def_strutture_ricettive_od.2246",
      "geometry": {
        "type": "Point",
        "coordinates": [
          11.189254435767987,
          43.782619788728965
        ]
      },
      "properties": {
        "id": 2246,
        "tipologiaattivita": "AFFITTACAMERE"
      }
    },
    {
      "type": "Feature",
      "id": "v_def_strutture_ricettive_od.2247",
      "geometry": {
        "type": "Point",
        "coordinates": [
          11.244197308838634,
          43.77338978602333
        ]
      },
      "properties": {
        "id": 2247,
        "tipologiaattivita": "CAV"
      }
    },
    {
      "type": "Feature",
      "id": "v_def_strutture_ricettive_od.2248",
      "geometry": {
        "type": "Point",
        "coordinates": [
          11.264788582871722,
          43.77199357329983
        ]
      },
      "properties": {
        "id": 2248,
        "tipologiaattivita": "ALBERGHI"
      }
    },
    {
      "type": "Feature",
      "id": "v_def_strutture_ricettive_od.2249",
      "geometry": {
        "type": "Point",
        "coordinates": [
          11.257933643074349,
          43.78210682955778
        ]
      },
      "properties": {
        "id": 2249,
        "tipologiaattivita": "AFFITTACAMERE"
      }
    },
    {
      "type": "Feature",
      "id": "v_def_strutture_ricettive_od.2250",
      "geometry": {
        "type": "Point",
        "coordinates": [
          11.257933643074349,
          43.78210682955778
        ]
      },
      "properties": {
        "id": 2250,
        "tipologiaattivita": "AFFITTACAMERE"
      }
    },
    {
      "type": "Feature",
      "id": "v_def_strutture_ricettive_od.2251",
      "geometry": {
        "type": "Point",
        "coordinates": [
          11.271988689921958,
          43.771261069854155
        ]
      },
      "properties": {
        "id": 2251,
        "tipologiaattivita": "AFFITTACAMERE"
      }
    },
    {
      "type": "Feature",
      "id": "v_def_strutture_ricettive_od.2252",
      "geometry": {
        "type": "Point",
        "coordinates": [
          11.271988689921958,
          43.771261069854155
        ]
      },
      "properties": {
        "id": 2252,
        "tipologiaattivita": "BED AND BREAKFAST"
      }
    },
    {
      "type": "Feature",
      "id": "v_def_strutture_ricettive_od.2253",
      "geometry": {
        "type": "Point",
        "coordinates": [
          11.259837552582503,
          43.77013282542109
        ]
      },
      "properties": {
        "id": 2253,
        "tipologiaattivita": "AFFITTACAMERE"
      }
    },
    {
      "type": "Feature",
      "id": "v_def_strutture_ricettive_od.2254",
      "geometry": {
        "type": "Point",
        "coordinates": [
          11.259837552582503,
          43.77013282542109
        ]
      },
      "properties": {
        "id": 2254,
        "tipologiaattivita": "CAV"
      }
    },
    {
      "type": "Feature",
      "id": "v_def_strutture_ricettive_od.2255",
      "geometry": {
        "type": "Point",
        "coordinates": [
          11.259837552582503,
          43.77013282542109
        ]
      },
      "properties": {
        "id": 2255,
        "tipologiaattivita": "CAV"
      }
    },
    {
      "type": "Feature",
      "id": "v_def_strutture_ricettive_od.2256",
      "geometry": {
        "type": "Point",
        "coordinates": [
          11.244711037855833,
          43.79708946093857
        ]
      },
      "properties": {
        "id": 2256,
        "tipologiaattivita": "AFFITTACAMERE"
      }
    },
    {
      "type": "Feature",
      "id": "v_def_strutture_ricettive_od.2257",
      "geometry": {
        "type": "Point",
        "coordinates": [
          11.23913772973215,
          43.750367960634286
        ]
      },
      "properties": {
        "id": 2257,
        "tipologiaattivita": "AFFITTACAMERE"
      }
    },
    {
      "type": "Feature",
      "id": "v_def_strutture_ricettive_od.2258",
      "geometry": {
        "type": "Point",
        "coordinates": [
          11.243840276162764,
          43.78230095738732
        ]
      },
      "properties": {
        "id": 2258,
        "tipologiaattivita": "AFFITTACAMERE"
      }
    },
    {
      "type": "Feature",
      "id": "v_def_strutture_ricettive_od.2259",
      "geometry": {
        "type": "Point",
        "coordinates": [
          11.24496951828405,
          43.76482721716916
        ]
      },
      "properties": {
        "id": 2259,
        "tipologiaattivita": "BED AND BREAKFAST"
      }
    },
    {
      "type": "Feature",
      "id": "v_def_strutture_ricettive_od.2260",
      "geometry": {
        "type": "Point",
        "coordinates": [
          11.253935469470731,
          43.77323426232538
        ]
      },
      "properties": {
        "id": 2260,
        "tipologiaattivita": "AFFITTACAMERE"
      }
    },
    {
      "type": "Feature",
      "id": "v_def_strutture_ricettive_od.2261",
      "geometry": {
        "type": "Point",
        "coordinates": [
          11.255289013233122,
          43.7735396737623
        ]
      },
      "properties": {
        "id": 2261,
        "tipologiaattivita": "AFFITTACAMERE"
      }
    },
    {
      "type": "Feature",
      "id": "v_def_strutture_ricettive_od.2262",
      "geometry": {
        "type": "Point",
        "coordinates": [
          11.255289013233122,
          43.7735396737623
        ]
      },
      "properties": {
        "id": 2262,
        "tipologiaattivita": "AFFITTACAMERE"
      }
    },
    {
      "type": "Feature",
      "id": "v_def_strutture_ricettive_od.2263",
      "geometry": {
        "type": "Point",
        "coordinates": [
          11.255289013233122,
          43.7735396737623
        ]
      },
      "properties": {
        "id": 2263,
        "tipologiaattivita": "AFFITTACAMERE"
      }
    },
    {
      "type": "Feature",
      "id": "v_def_strutture_ricettive_od.2264",
      "geometry": {
        "type": "Point",
        "coordinates": [
          11.261904597469103,
          43.78245175916576
        ]
      },
      "properties": {
        "id": 2264,
        "tipologiaattivita": "CAV"
      }
    },
    {
      "type": "Feature",
      "id": "v_def_strutture_ricettive_od.2265",
      "geometry": {
        "type": "Point",
        "coordinates": [
          11.261904597469103,
          43.78245175916576
        ]
      },
      "properties": {
        "id": 2265,
        "tipologiaattivita": "CAV"
      }
    },
    {
      "type": "Feature",
      "id": "v_def_strutture_ricettive_od.2266",
      "geometry": {
        "type": "Point",
        "coordinates": [
          11.261904597469103,
          43.78245175916576
        ]
      },
      "properties": {
        "id": 2266,
        "tipologiaattivita": "CAV"
      }
    },
    {
      "type": "Feature",
      "id": "v_def_strutture_ricettive_od.2267",
      "geometry": {
        "type": "Point",
        "coordinates": [
          11.261904597469103,
          43.78245175916576
        ]
      },
      "properties": {
        "id": 2267,
        "tipologiaattivita": "CAV"
      }
    },
    {
      "type": "Feature",
      "id": "v_def_strutture_ricettive_od.2268",
      "geometry": {
        "type": "Point",
        "coordinates": [
          11.245078198288702,
          43.7664525661359
        ]
      },
      "properties": {
        "id": 2268,
        "tipologiaattivita": "CAV"
      }
    },
    {
      "type": "Feature",
      "id": "v_def_strutture_ricettive_od.2269",
      "geometry": {
        "type": "Point",
        "coordinates": [
          11.256992843393974,
          43.77649132897873
        ]
      },
      "properties": {
        "id": 2269,
        "tipologiaattivita": "AFFITTACAMERE"
      }
    },
    {
      "type": "Feature",
      "id": "v_def_strutture_ricettive_od.2270",
      "geometry": {
        "type": "Point",
        "coordinates": [
          11.26782815065037,
          43.78870448334563
        ]
      },
      "properties": {
        "id": 2270,
        "tipologiaattivita": "CASE PER FERIE"
      }
    },
    {
      "type": "Feature",
      "id": "v_def_strutture_ricettive_od.2271",
      "geometry": {
        "type": "Point",
        "coordinates": [
          11.249089829743658,
          43.76563538998712
        ]
      },
      "properties": {
        "id": 2271,
        "tipologiaattivita": "AFFITTACAMERE"
      }
    },
    {
      "type": "Feature",
      "id": "v_def_strutture_ricettive_od.2272",
      "geometry": {
        "type": "Point",
        "coordinates": [
          11.249089829743658,
          43.76563538998712
        ]
      },
      "properties": {
        "id": 2272,
        "tipologiaattivita": "AFFITTACAMERE"
      }
    },
    {
      "type": "Feature",
      "id": "v_def_strutture_ricettive_od.2273",
      "geometry": {
        "type": "Point",
        "coordinates": [
          11.249089829743658,
          43.76563538998712
        ]
      },
      "properties": {
        "id": 2273,
        "tipologiaattivita": "AFFITTACAMERE"
      }
    },
    {
      "type": "Feature",
      "id": "v_def_strutture_ricettive_od.2274",
      "geometry": {
        "type": "Point",
        "coordinates": [
          11.249089829743658,
          43.76563538998712
        ]
      },
      "properties": {
        "id": 2274,
        "tipologiaattivita": "AFFITTACAMERE"
      }
    },
    {
      "type": "Feature",
      "id": "v_def_strutture_ricettive_od.2275",
      "geometry": {
        "type": "Point",
        "coordinates": [
          11.258915524847623,
          43.78041276894636
        ]
      },
      "properties": {
        "id": 2275,
        "tipologiaattivita": "AFFITTACAMERE"
      }
    },
    {
      "type": "Feature",
      "id": "v_def_strutture_ricettive_od.2276",
      "geometry": {
        "type": "Point",
        "coordinates": [
          11.250995613559866,
          43.776430217693424
        ]
      },
      "properties": {
        "id": 2276,
        "tipologiaattivita": "CAV"
      }
    },
    {
      "type": "Feature",
      "id": "v_def_strutture_ricettive_od.2277",
      "geometry": {
        "type": "Point",
        "coordinates": [
          11.250995613559866,
          43.776430217693424
        ]
      },
      "properties": {
        "id": 2277,
        "tipologiaattivita": "AFFITTACAMERE"
      }
    },
    {
      "type": "Feature",
      "id": "v_def_strutture_ricettive_od.2278",
      "geometry": {
        "type": "Point",
        "coordinates": [
          11.256154684127964,
          43.7659560182905
        ]
      },
      "properties": {
        "id": 2278,
        "tipologiaattivita": "CAV"
      }
    },
    {
      "type": "Feature",
      "id": "v_def_strutture_ricettive_od.2279",
      "geometry": {
        "type": "Point",
        "coordinates": [
          11.251852768083307,
          43.774394451450036
        ]
      },
      "properties": {
        "id": 2279,
        "tipologiaattivita": "ALBERGHI"
      }
    },
    {
      "type": "Feature",
      "id": "v_def_strutture_ricettive_od.2280",
      "geometry": {
        "type": "Point",
        "coordinates": [
          11.256840578460594,
          43.7723159028327
        ]
      },
      "properties": {
        "id": 2280,
        "tipologiaattivita": "AFFITTACAMERE"
      }
    },
    {
      "type": "Feature",
      "id": "v_def_strutture_ricettive_od.2281",
      "geometry": {
        "type": "Point",
        "coordinates": [
          11.256840578460594,
          43.7723159028327
        ]
      },
      "properties": {
        "id": 2281,
        "tipologiaattivita": "AFFITTACAMERE"
      }
    },
    {
      "type": "Feature",
      "id": "v_def_strutture_ricettive_od.2282",
      "geometry": {
        "type": "Point",
        "coordinates": [
          11.233700288810745,
          43.78712505104985
        ]
      },
      "properties": {
        "id": 2282,
        "tipologiaattivita": "BED AND BREAKFAST"
      }
    },
    {
      "type": "Feature",
      "id": "v_def_strutture_ricettive_od.2283",
      "geometry": {
        "type": "Point",
        "coordinates": [
          11.235597096364241,
          43.78249604069967
        ]
      },
      "properties": {
        "id": 2283,
        "tipologiaattivita": "CAV"
      }
    },
    {
      "type": "Feature",
      "id": "v_def_strutture_ricettive_od.2284",
      "geometry": {
        "type": "Point",
        "coordinates": [
          11.251685131734325,
          43.77309573026003
        ]
      },
      "properties": {
        "id": 2284,
        "tipologiaattivita": "CAV"
      }
    },
    {
      "type": "Feature",
      "id": "v_def_strutture_ricettive_od.2285",
      "geometry": {
        "type": "Point",
        "coordinates": [
          11.251685131734325,
          43.77309573026003
        ]
      },
      "properties": {
        "id": 2285,
        "tipologiaattivita": "BED AND BREAKFAST"
      }
    },
    {
      "type": "Feature",
      "id": "v_def_strutture_ricettive_od.2286",
      "geometry": {
        "type": "Point",
        "coordinates": [
          11.251685131734325,
          43.77309573026003
        ]
      },
      "properties": {
        "id": 2286,
        "tipologiaattivita": "BED AND BREAKFAST"
      }
    },
    {
      "type": "Feature",
      "id": "v_def_strutture_ricettive_od.2287",
      "geometry": {
        "type": "Point",
        "coordinates": [
          11.26023621349951,
          43.76800126897997
        ]
      },
      "properties": {
        "id": 2287,
        "tipologiaattivita": "CAV"
      }
    },
    {
      "type": "Feature",
      "id": "v_def_strutture_ricettive_od.2288",
      "geometry": {
        "type": "Point",
        "coordinates": [
          11.258769623944918,
          43.768551822204216
        ]
      },
      "properties": {
        "id": 2288,
        "tipologiaattivita": "CAV"
      }
    },
    {
      "type": "Feature",
      "id": "v_def_strutture_ricettive_od.2289",
      "geometry": {
        "type": "Point",
        "coordinates": [
          11.254765080513204,
          43.76987541645962
        ]
      },
      "properties": {
        "id": 2289,
        "tipologiaattivita": "BED AND BREAKFAST"
      }
    },
    {
      "type": "Feature",
      "id": "v_def_strutture_ricettive_od.2290",
      "geometry": {
        "type": "Point",
        "coordinates": [
          11.24390756671255,
          43.774947620811844
        ]
      },
      "properties": {
        "id": 2290,
        "tipologiaattivita": "CAV"
      }
    },
    {
      "type": "Feature",
      "id": "v_def_strutture_ricettive_od.2291",
      "geometry": {
        "type": "Point",
        "coordinates": [
          11.258473005716997,
          43.767432006861256
        ]
      },
      "properties": {
        "id": 2291,
        "tipologiaattivita": "AFFITTACAMERE"
      }
    },
    {
      "type": "Feature",
      "id": "v_def_strutture_ricettive_od.2292",
      "geometry": {
        "type": "Point",
        "coordinates": [
          11.258473005716997,
          43.767432006861256
        ]
      },
      "properties": {
        "id": 2292,
        "tipologiaattivita": "AFFITTACAMERE"
      }
    },
    {
      "type": "Feature",
      "id": "v_def_strutture_ricettive_od.2293",
      "geometry": {
        "type": "Point",
        "coordinates": [
          11.259270407385173,
          43.7752584574333
        ]
      },
      "properties": {
        "id": 2293,
        "tipologiaattivita": "CAV"
      }
    },
    {
      "type": "Feature",
      "id": "v_def_strutture_ricettive_od.2294",
      "geometry": {
        "type": "Point",
        "coordinates": [
          11.259270407385173,
          43.7752584574333
        ]
      },
      "properties": {
        "id": 2294,
        "tipologiaattivita": "CAV"
      }
    },
    {
      "type": "Feature",
      "id": "v_def_strutture_ricettive_od.2295",
      "geometry": {
        "type": "Point",
        "coordinates": [
          11.262523462948337,
          43.77272545349697
        ]
      },
      "properties": {
        "id": 2295,
        "tipologiaattivita": "CASE PER FERIE"
      }
    },
    {
      "type": "Feature",
      "id": "v_def_strutture_ricettive_od.2296",
      "geometry": {
        "type": "Point",
        "coordinates": [
          11.261582085264042,
          43.758315036221205
        ]
      },
      "properties": {
        "id": 2296,
        "tipologiaattivita": "AGRITURISMO"
      }
    },
    {
      "type": "Feature",
      "id": "v_def_strutture_ricettive_od.2297",
      "geometry": {
        "type": "Point",
        "coordinates": [
          11.259852822156146,
          43.76704176981094
        ]
      },
      "properties": {
        "id": 2297,
        "tipologiaattivita": "AFFITTACAMERE"
      }
    },
    {
      "type": "Feature",
      "id": "v_def_strutture_ricettive_od.2298",
      "geometry": {
        "type": "Point",
        "coordinates": [
          11.259852822156146,
          43.76704176981094
        ]
      },
      "properties": {
        "id": 2298,
        "tipologiaattivita": "AFFITTACAMERE"
      }
    },
    {
      "type": "Feature",
      "id": "v_def_strutture_ricettive_od.2299",
      "geometry": {
        "type": "Point",
        "coordinates": [
          11.259852822156146,
          43.76704176981094
        ]
      },
      "properties": {
        "id": 2299,
        "tipologiaattivita": "BED AND BREAKFAST"
      }
    },
    {
      "type": "Feature",
      "id": "v_def_strutture_ricettive_od.2300",
      "geometry": {
        "type": "Point",
        "coordinates": [
          11.243355926526855,
          43.769882456715465
        ]
      },
      "properties": {
        "id": 2300,
        "tipologiaattivita": "CAV"
      }
    },
    {
      "type": "Feature",
      "id": "v_def_strutture_ricettive_od.2301",
      "geometry": {
        "type": "Point",
        "coordinates": [
          11.250227518776429,
          43.76976057176749
        ]
      },
      "properties": {
        "id": 2301,
        "tipologiaattivita": "RESIDENZA D'EPOCA"
      }
    },
    {
      "type": "Feature",
      "id": "v_def_strutture_ricettive_od.2302",
      "geometry": {
        "type": "Point",
        "coordinates": [
          11.250227518776429,
          43.76976057176749
        ]
      },
      "properties": {
        "id": 2302,
        "tipologiaattivita": "CAV"
      }
    },
    {
      "type": "Feature",
      "id": "v_def_strutture_ricettive_od.2303",
      "geometry": {
        "type": "Point",
        "coordinates": [
          11.25180490385969,
          43.77708042271006
        ]
      },
      "properties": {
        "id": 2303,
        "tipologiaattivita": "BED AND BREAKFAST"
      }
    },
    {
      "type": "Feature",
      "id": "v_def_strutture_ricettive_od.2304",
      "geometry": {
        "type": "Point",
        "coordinates": [
          11.25180490385969,
          43.77708042271006
        ]
      },
      "properties": {
        "id": 2304,
        "tipologiaattivita": "AFFITTACAMERE"
      }
    },
    {
      "type": "Feature",
      "id": "v_def_strutture_ricettive_od.2305",
      "geometry": {
        "type": "Point",
        "coordinates": [
          11.25180490385969,
          43.77708042271006
        ]
      },
      "properties": {
        "id": 2305,
        "tipologiaattivita": "AFFITTACAMERE"
      }
    },
    {
      "type": "Feature",
      "id": "v_def_strutture_ricettive_od.2306",
      "geometry": {
        "type": "Point",
        "coordinates": [
          11.25180490385969,
          43.77708042271006
        ]
      },
      "properties": {
        "id": 2306,
        "tipologiaattivita": "AFFITTACAMERE"
      }
    },
    {
      "type": "Feature",
      "id": "v_def_strutture_ricettive_od.2307",
      "geometry": {
        "type": "Point",
        "coordinates": [
          11.25180490385969,
          43.77708042271006
        ]
      },
      "properties": {
        "id": 2307,
        "tipologiaattivita": "BED AND BREAKFAST"
      }
    },
    {
      "type": "Feature",
      "id": "v_def_strutture_ricettive_od.2308",
      "geometry": {
        "type": "Point",
        "coordinates": [
          11.25180490385969,
          43.77708042271006
        ]
      },
      "properties": {
        "id": 2308,
        "tipologiaattivita": "BED AND BREAKFAST"
      }
    },
    {
      "type": "Feature",
      "id": "v_def_strutture_ricettive_od.2309",
      "geometry": {
        "type": "Point",
        "coordinates": [
          11.254024646388352,
          43.76653010791559
        ]
      },
      "properties": {
        "id": 2309,
        "tipologiaattivita": "CAV"
      }
    },
    {
      "type": "Feature",
      "id": "v_def_strutture_ricettive_od.2310",
      "geometry": {
        "type": "Point",
        "coordinates": [
          11.214425462923845,
          43.792624509525616
        ]
      },
      "properties": {
        "id": 2310,
        "tipologiaattivita": "AFFITTACAMERE"
      }
    },
    {
      "type": "Feature",
      "id": "v_def_strutture_ricettive_od.2311",
      "geometry": {
        "type": "Point",
        "coordinates": [
          11.25169554229841,
          43.767336999712114
        ]
      },
      "properties": {
        "id": 2311,
        "tipologiaattivita": "CAV"
      }
    },
    {
      "type": "Feature",
      "id": "v_def_strutture_ricettive_od.2312",
      "geometry": {
        "type": "Point",
        "coordinates": [
          11.25169554229841,
          43.767336999712114
        ]
      },
      "properties": {
        "id": 2312,
        "tipologiaattivita": "CAV"
      }
    },
    {
      "type": "Feature",
      "id": "v_def_strutture_ricettive_od.2313",
      "geometry": {
        "type": "Point",
        "coordinates": [
          11.260494321357333,
          43.767994141360774
        ]
      },
      "properties": {
        "id": 2313,
        "tipologiaattivita": "RESIDENZA D'EPOCA"
      }
    },
    {
      "type": "Feature",
      "id": "v_def_strutture_ricettive_od.2314",
      "geometry": {
        "type": "Point",
        "coordinates": [
          11.25709939216834,
          43.77960281015475
        ]
      },
      "properties": {
        "id": 2314,
        "tipologiaattivita": "AFFITTACAMERE"
      }
    },
    {
      "type": "Feature",
      "id": "v_def_strutture_ricettive_od.2315",
      "geometry": {
        "type": "Point",
        "coordinates": [
          11.25709939216834,
          43.77960281015475
        ]
      },
      "properties": {
        "id": 2315,
        "tipologiaattivita": "CAV"
      }
    }
  ]
}